# Blender 4.2.0
# www.blender.org
mtllib pine_tree.mtl
o Mesh_Trunk-col
v 0.640292 -1.064475 -0.464034
v 0.523780 -1.064475 -0.034400
v 0.095053 -1.035570 -0.150666
v 0.211565 -1.035570 -0.580300
v 1.324623 9.948275 -0.270942
v 1.210513 9.943354 0.148639
v 0.791642 9.970610 0.035039
v 0.905751 9.975531 -0.384543
v 1.866121 19.066242 0.045624
v 1.731112 19.058697 0.542487
v 1.239534 19.131815 0.409908
v 1.374543 19.139360 -0.086955
v 2.880576 26.767969 -2.887542
v 3.038375 26.762939 -2.866405
v 3.038115 26.920435 -2.836915
v 2.880316 26.925465 -2.858052
v 3.578116 27.328711 -4.750800
v 3.723916 27.317896 -4.704738
v 3.727099 27.468729 -4.680416
v 3.581300 27.479548 -4.726479
v 4.007652 27.389124 -6.114962
v 4.049442 27.386248 -6.103768
v 4.052221 27.429510 -6.103023
v 4.010431 27.432383 -6.114217
v 2.927006 24.951862 2.922430
v 2.765773 24.951862 2.922430
v 2.765773 25.111271 2.903234
v 2.927006 25.111273 2.903234
v 2.923166 25.335278 4.382226
v 2.769612 25.335281 4.382225
v 2.769613 25.487352 4.371140
v 2.923166 25.487352 4.371140
v 2.867988 25.166368 6.040728
v 2.824791 25.166368 6.040728
v 2.824791 25.209133 6.046836
v 2.867988 25.209133 6.046836
v 2.601734 23.683247 2.055882
v 2.438354 23.683247 2.055882
v 2.438354 23.845839 2.063804
v 2.601734 23.845837 2.063804
v 2.596821 23.215330 4.528435
v 2.443268 23.215330 4.528435
v 2.443268 23.367729 4.545650
v 2.596821 23.367731 4.545650
v 2.541643 23.223625 6.206723
v 2.498446 23.223625 6.206723
v 2.498446 23.266809 6.207751
v 2.541643 23.266809 6.207752
v 3.252809 26.729132 2.334452
v 3.092659 26.729132 2.334452
v 3.092659 26.886503 2.305872
v 3.252809 26.886501 2.305872
v 3.194119 27.381720 4.498307
v 3.151350 27.381720 4.498307
v 3.151349 27.422932 4.486859
v 3.194119 27.422932 4.486859
v 4.015719 28.648302 -1.832877
v 4.167717 28.652348 -1.807381
v 4.158682 28.804237 -1.782861
v 4.006684 28.800190 -1.808357
v 4.135962 28.753576 -3.543416
v 4.178961 28.755362 -3.541868
v 4.177140 28.798376 -3.540946
v 4.134141 28.796591 -3.542493
v 3.436065 29.010252 -1.177714
v 3.589195 28.998011 -1.165770
v 3.585983 29.093954 -1.047490
v 3.432852 29.106195 -1.059434
v 3.814046 30.423082 -1.691775
v 3.856281 30.415398 -1.685683
v 3.853460 30.431675 -1.645595
v 3.811225 30.439358 -1.651687
v 3.576646 28.777866 1.749981
v 3.421512 28.777866 1.749982
v 3.421512 28.924240 1.700699
v 3.576646 28.924242 1.700699
v 3.520506 29.160030 3.760030
v 3.477652 29.160032 3.760030
v 3.477652 29.202368 3.753389
v 3.520506 29.202368 3.753389
v 2.074729 24.915798 -1.480185
v 2.230747 24.914595 -1.526436
v 2.237041 25.074764 -1.504972
v 2.081023 25.075972 -1.458721
v 1.791453 25.480923 -3.127848
v 1.944697 25.474421 -3.133622
v 1.953768 25.623875 -3.141848
v 1.800524 25.630381 -3.136075
v 2.037957 24.605036 -4.973202
v 2.080536 24.604534 -4.968386
v 2.083190 24.642605 -4.987879
v 2.040612 24.643106 -4.992696
v 1.372165 23.210316 -1.689606
v 1.519051 23.212309 -1.750459
v 1.511540 23.371021 -1.762284
v 1.364654 23.369026 -1.701431
v 0.870970 23.223217 -3.742851
v 0.912362 23.224110 -3.753912
v 0.911288 23.266947 -3.754473
v 0.869896 23.266052 -3.743411
v 2.512960 21.835575 -1.580078
v 2.676291 21.834736 -1.549503
v 2.681557 21.999044 -1.573678
v 2.518226 21.999884 -1.604253
v 2.788412 21.482294 -3.465087
v 2.941091 21.479633 -3.449384
v 2.945482 21.632175 -3.464230
v 2.792803 21.634838 -3.479934
v 2.942043 21.529264 -5.074871
v 2.985158 21.528393 -5.072346
v 2.986028 21.571581 -5.072296
v 2.942913 21.572454 -5.074820
v 1.103454 20.180531 -1.219092
v 1.257537 20.181601 -1.282437
v 1.236873 20.339308 -1.330511
v 1.082790 20.338238 -1.267165
v 0.607971 19.560173 -2.498712
v 0.730786 19.551613 -2.583770
v 0.721981 19.697712 -2.616207
v 0.599166 19.706266 -2.531149
v 0.129482 19.630037 -2.998409
v 0.158346 19.626072 -3.032923
v 0.162827 19.670994 -3.034336
v 0.133963 19.674959 -2.999822
v 2.770905 21.684015 1.790206
v 2.612988 21.692280 1.782991
v 2.623578 21.853987 1.799045
v 2.781496 21.845722 1.806260
v 1.861900 21.852873 3.478905
v 1.824176 21.855808 3.458582
v 1.828051 21.898573 3.457566
v 1.865775 21.895636 3.477888
v 2.440558 20.019623 1.768286
v 2.288620 20.043453 1.750203
v 2.307593 20.198639 1.797959
v 2.459530 20.174809 1.816042
v 1.178004 19.833286 3.137354
v 1.146802 19.845284 3.110208
v 1.151954 19.886263 3.122396
v 1.183156 19.874268 3.149544
v 2.372732 28.391890 0.163261
v 2.422678 28.399319 -0.146704
v 2.586079 28.663996 -0.114865
v 2.536133 28.656563 0.195099
v 0.247889 20.594263 0.494751
v 0.253066 20.593000 0.338462
v 0.271066 20.748333 0.338331
v 0.265889 20.749596 0.494621
v 0.953457 22.344660 0.165086
v 0.969388 22.345623 -0.003687
v 1.003961 22.511496 0.000604
v 0.988030 22.510530 0.169376
v 0.667948 23.891842 -0.419444
v 0.740226 23.891073 -0.560889
v 0.738501 24.048971 -0.563913
v 0.666224 24.049740 -0.422468
v 1.076612 25.402369 0.555748
v 1.055925 25.401810 0.394038
v 1.106759 25.556112 0.387091
v 1.127446 25.556671 0.548801
v 1.543625 26.991520 0.689404
v 1.497999 26.995899 0.537091
v 1.566857 27.137165 0.519714
v 1.612482 27.132788 0.672027
v 1.494053 29.273596 0.013966
v 1.517953 29.277349 -0.142475
v 1.621959 29.395287 -0.123789
v 1.598060 29.391533 0.032651
v 0.732735 30.036066 -0.193017
v 0.740949 30.035666 -0.236042
v 0.769277 30.068684 -0.230942
v 0.761064 30.069086 -0.187917
v 0.922365 27.494404 0.957858
v 0.854200 27.513985 0.822227
v 0.921167 27.650265 0.809800
v 0.989332 27.630686 0.945431
v -0.184599 27.844065 1.702091
v -0.207710 27.851391 1.667806
v -0.196653 27.891882 1.669003
v -0.173541 27.884558 1.703289
v -0.412206 26.088081 0.717763
v -0.429063 26.086634 0.565633
v -0.397939 26.234964 0.560714
v -0.381082 26.236416 0.712844
v -1.749928 26.103346 0.804332
v -1.754509 26.102907 0.761020
v -1.756310 26.146423 0.760769
v -1.751729 26.146864 0.804081
v 0.170210 23.789648 -0.717382
v 0.215253 23.789265 -0.860548
v 0.227946 23.938314 -0.861292
v 0.182903 23.938692 -0.718126
v -0.589732 24.156540 -0.787635
v -0.588764 24.158810 -0.829998
v -0.572128 24.197769 -0.827534
v -0.573096 24.195503 -0.785170
v -0.111588 22.517731 0.067257
v -0.069889 22.517435 -0.076847
v -0.067595 22.668072 -0.078173
v -0.109294 22.668371 0.065930
v -0.735747 22.472878 -0.329833
v -0.713448 22.473267 -0.369111
v -0.719417 22.517942 -0.372055
v -0.741715 22.517551 -0.332778
v -1.094180 20.952072 0.248415
v -1.088480 20.951071 0.206824
v -1.079273 20.992041 0.207101
v -1.084974 20.993040 0.248692
v 5.112463 27.760376 -0.549190
v 5.174202 27.760389 -0.403789
v 5.170134 27.917515 -0.402104
v 5.108395 27.917501 -0.547505
v 3.016489 20.439217 -0.307895
v 3.051747 20.441717 -0.153390
v 3.059673 20.601652 -0.158260
v 3.024415 20.599152 -0.312765
v 2.982144 21.620989 0.368363
v 2.938810 21.618746 0.528417
v 2.968115 21.779413 0.536736
v 3.011997 21.781034 0.377430
v 3.657529 23.310341 -0.718252
v 3.701894 23.314522 -0.568523
v 3.704236 23.474188 -0.576405
v 3.659870 23.470011 -0.726133
v 4.539696 25.133780 0.715147
v 4.494572 25.134298 0.871735
v 4.484342 25.296974 0.868257
v 4.529466 25.296459 0.711669
v 4.122510 26.620619 -0.246869
v 4.130618 26.617605 -0.088514
v 4.126977 26.779961 -0.083404
v 4.118870 26.782974 -0.241759
v 6.267946 28.003143 -1.054950
v 6.358586 28.010199 -0.934160
v 6.332361 28.160297 -0.923466
v 6.241721 28.153244 -1.044256
v 6.974732 28.224907 -1.874548
v 7.009015 28.228861 -1.847569
v 7.001958 28.272015 -1.844931
v 6.967676 28.268057 -1.871910
v 6.013372 26.505346 0.411360
v 5.950173 26.502310 0.549242
v 5.933419 26.652296 0.543929
v 5.996618 26.655334 0.406047
v 6.660425 26.797626 0.851980
v 6.639210 26.796024 0.888697
v 6.627068 26.836348 0.883440
v 6.648283 26.837946 0.846723
v 6.155519 25.237543 1.094321
v 6.129009 25.238247 1.245264
v 6.142953 25.390287 1.246555
v 6.169464 25.389584 1.095613
v 7.492346 24.945786 1.309128
v 7.487276 24.945612 1.352188
v 7.498271 24.987526 1.353651
v 7.503342 24.987700 1.310590
v 5.457124 23.493492 -0.566927
v 5.469508 23.496923 -0.414278
v 5.473329 23.650417 -0.419297
v 5.460945 23.646990 -0.571946
v 7.054691 23.280125 -0.942969
v 7.065975 23.280445 -0.902649
v 7.072641 23.321722 -0.904840
v 7.061358 23.321407 -0.945161
v 5.119336 21.905695 0.949842
v 5.065369 21.902924 1.093035
v 5.047282 22.055122 1.089299
v 5.101249 22.057896 0.946107
v 6.430393 22.099157 1.674719
v 6.410769 22.097851 1.713359
v 6.406633 22.141006 1.712719
v 6.426258 22.142313 1.674078
v 4.996157 20.469406 -0.184843
v 4.994487 20.470514 -0.143091
v 4.995127 20.512295 -0.144171
v 4.996798 20.511190 -0.185923
v 0.774461 -0.279220 -0.499191
v 0.621805 -0.279220 0.063725
v 0.060077 -0.241348 -0.088610
v 0.212733 -0.241348 -0.651525
v 0.823894 0.640439 -0.478768
v 0.674783 0.640439 0.071075
v 0.126100 0.677431 -0.077722
v 0.275211 0.677431 -0.627565
v 0.868913 1.477981 -0.460170
v 0.723030 1.477981 0.077769
v 0.186227 1.514172 -0.067806
v 0.332110 1.514172 -0.605745
v 0.911741 2.274760 -0.442476
v 0.768930 2.274760 0.084137
v 0.243428 2.310189 -0.058373
v 0.386239 2.310189 -0.584986
v 0.953050 3.043283 -0.425410
v 0.813201 3.043283 0.090280
v 0.298600 3.077977 -0.049274
v 0.438449 3.077977 -0.564964
v 0.993200 3.790238 -0.408823
v 0.856231 3.790238 0.096250
v 0.352224 3.824218 -0.040431
v 0.489194 3.824219 -0.545503
v 1.032416 4.519812 -0.392621
v 0.898259 4.519812 0.102081
v 0.404601 4.553094 -0.031794
v 0.538758 4.553094 -0.526496
v 1.070852 5.234872 -0.376743
v 0.939451 5.234872 0.107796
v 0.455935 5.267471 -0.023328
v 0.587336 5.267471 -0.507867
v 1.108619 5.937507 -0.361140
v 0.979927 5.937507 0.113412
v 0.506377 5.969433 -0.015010
v 0.635070 5.969434 -0.489561
v 1.145804 6.629296 -0.345777
v 1.019778 6.629296 0.118941
v 0.556041 6.660561 -0.006820
v 0.682067 6.660561 -0.471538
v 1.182473 7.311481 -0.330628
v 1.059076 7.311481 0.124393
v 0.605015 7.342093 0.001257
v 0.728412 7.342093 -0.453765
v 1.218679 7.985060 -0.315671
v 1.097879 7.985060 0.129777
v 0.653371 8.015028 0.009231
v 0.774172 8.015029 -0.436216
v 1.254466 8.650850 -0.300886
v 1.136232 8.650849 0.135098
v 0.701169 8.680182 0.017114
v 0.819402 8.680182 -0.418870
v 1.289901 9.310025 -0.286248
v 1.174157 9.309210 0.140355
v 0.748426 9.337749 0.024901
v 0.864170 9.338565 -0.401702
v 1.357903 10.528860 -0.252231
v 1.242838 10.519757 0.169880
v 0.821269 10.546358 0.055535
v 0.936334 10.555463 -0.366576
v 1.393855 11.147101 -0.230867
v 1.277239 11.137051 0.196742
v 0.850142 11.163836 0.080895
v 0.966758 11.173886 -0.346714
v 1.432021 11.803382 -0.208188
v 1.313804 11.793194 0.225291
v 0.880844 11.820345 0.107853
v 0.999061 11.830535 -0.325626
v 1.471537 12.482876 -0.184707
v 1.351662 12.472547 0.254850
v 0.912632 12.500078 0.135765
v 1.032507 12.510410 -0.303791
v 1.512067 13.179811 -0.160623
v 1.390492 13.169333 0.285167
v 0.945236 13.197258 0.164394
v 1.066811 13.207735 -0.281396
v 1.553417 13.890849 -0.136052
v 1.430107 13.880221 0.316098
v 0.978500 13.908544 0.193602
v 1.101809 13.919171 -0.258547
v 1.595459 14.613786 -0.111069
v 1.470386 14.603005 0.347546
v 1.012320 14.631734 0.223298
v 1.137393 14.642511 -0.235317
v 1.638101 15.347039 -0.085730
v 1.511240 15.336108 0.379443
v 1.046623 15.365245 0.253419
v 1.173484 15.376179 -0.211755
v 1.681274 16.089424 -0.060076
v 1.552602 16.078335 0.411738
v 1.081353 16.107891 0.283915
v 1.210025 16.118979 -0.187899
v 1.724924 16.840010 -0.034138
v 1.594421 16.828762 0.444389
v 1.116467 16.858736 0.314747
v 1.246970 16.869984 -0.163780
v 1.769007 17.598036 -0.007943
v 1.636655 17.586630 0.477364
v 1.151929 17.617029 0.345885
v 1.284281 17.628435 -0.139421
v 1.813125 18.359024 0.018315
v 1.678972 18.348148 0.510493
v 1.188073 18.386024 0.377477
v 1.322225 18.396898 -0.114701
v 3.447019 27.053406 0.034367
v 3.409681 27.091795 0.433523
v 3.065610 27.110373 0.391610
v 3.123168 27.137793 0.004040
v 3.497519 27.437336 0.088218
v 3.495172 27.441090 0.366006
v 3.226721 27.496922 0.362591
v 3.231762 27.496050 0.083858
v 3.557899 27.760838 0.098767
v 3.585999 27.811420 0.341307
v 3.316552 27.868046 0.354249
v 3.333967 27.853687 0.074072
v 1.952904 19.607939 0.083701
v 1.822085 19.603107 0.559306
v 1.348177 19.713480 0.437832
v 1.475440 19.713884 -0.041117
v 2.117528 20.120386 0.103767
v 1.948991 20.070042 0.556970
v 1.368322 20.311920 0.507637
v 1.500099 20.270081 -0.088383
v 2.116273 21.041779 -0.058843
v 2.295820 21.033266 0.448481
v 1.778890 21.111588 0.606416
v 1.614934 21.119881 0.088590
v 2.252241 21.559168 -0.037347
v 2.404214 21.592031 0.408918
v 1.944782 21.762327 0.583415
v 1.837943 21.696129 0.016516
v 2.504439 22.603186 -0.032894
v 2.554905 22.513624 0.432236
v 2.082707 22.630625 0.473577
v 2.076836 22.648443 -0.054894
v 2.611303 23.116220 -0.008587
v 2.590492 23.091152 0.450162
v 2.171123 23.207502 0.431998
v 2.172259 23.159601 -0.007216
v 2.812166 24.087278 -0.003267
v 2.840900 23.978006 0.452431
v 2.370109 24.138506 0.425015
v 2.400224 24.118456 -0.056525
v 2.963887 24.591814 0.082575
v 2.976608 24.611712 0.506798
v 2.521803 24.687599 0.480388
v 2.505963 24.791681 -0.093988
v 3.168304 25.462315 0.021661
v 3.231633 25.431694 0.514505
v 2.718159 25.606920 0.491616
v 2.683064 25.606865 0.021230
v 3.297496 26.116282 0.010541
v 3.233457 26.062977 0.466840
v 2.854136 26.181015 0.424119
v 2.893933 26.118931 -0.018954
v 2.899131 26.464010 -0.364067
v 3.315702 26.451227 -0.430219
v 3.339593 26.835947 -0.406654
v 2.949878 26.868443 -0.345249
v 2.930669 26.534077 -0.932296
v 3.236567 26.531818 -0.957005
v 3.240420 26.835897 -0.933682
v 2.936046 26.838333 -0.909236
v 2.915926 26.575911 -1.339007
v 3.195799 26.575912 -1.359756
v 3.197429 26.855684 -1.337757
v 2.917557 26.855684 -1.317008
v 2.904165 26.617495 -1.687685
v 3.156012 26.617495 -1.706357
v 3.157480 26.869249 -1.686561
v 2.905633 26.869251 -1.667889
v 2.893311 26.655869 -2.009495
v 3.119292 26.655872 -2.026249
v 3.120609 26.881771 -2.008487
v 2.894628 26.881771 -1.991733
v 2.883120 26.691900 -2.311629
v 3.084816 26.691898 -2.326582
v 3.085992 26.893520 -2.310729
v 2.884295 26.893524 -2.295775
v 2.873591 26.726660 -2.602610
v 3.052046 26.725916 -2.610306
v 3.052989 26.904118 -2.593423
v 2.874535 26.904861 -2.585726
v 2.949040 26.830915 -3.122309
v 3.097461 26.819893 -3.074282
v 3.094257 26.970650 -3.031451
v 2.945836 26.981676 -3.079478
v 3.028910 26.895475 -3.329067
v 3.175953 26.883141 -3.275773
v 3.172042 27.033224 -3.230244
v 3.025000 27.045559 -3.283538
v 3.107737 26.959044 -3.531842
v 3.254780 26.946705 -3.478548
v 3.250869 27.096788 -3.433019
v 3.103827 27.109127 -3.486313
v 3.186565 27.022610 -3.734618
v 3.333607 27.010273 -3.681324
v 3.329696 27.160357 -3.635795
v 3.182655 27.172695 -3.689089
v 3.265392 27.086174 -3.937393
v 3.412434 27.073841 -3.884099
v 3.408523 27.223925 -3.838570
v 3.261482 27.236261 -3.891864
v 3.344219 27.149740 -4.140168
v 3.491261 27.137407 -4.086874
v 3.487350 27.287491 -4.041346
v 3.340309 27.299828 -4.094639
v 3.423046 27.213308 -4.342944
v 3.570088 27.200972 -4.289649
v 3.566178 27.351059 -4.244121
v 3.419136 27.363394 -4.297415
v 3.501063 27.276352 -4.543446
v 3.648477 27.264256 -4.491197
v 3.645816 27.415148 -4.449170
v 3.498401 27.427242 -4.501418
v 3.658035 27.345697 -5.002031
v 3.789731 27.336531 -4.965581
v 3.797430 27.472933 -4.959592
v 3.665734 27.482100 -4.996042
v 3.717023 27.351984 -5.193976
v 3.835673 27.343815 -5.162193
v 3.843562 27.466652 -5.160080
v 3.724912 27.474815 -5.191863
v 3.764018 27.357069 -5.346961
v 3.872143 27.349625 -5.317997
v 3.879333 27.461565 -5.316071
v 3.771206 27.469006 -5.345035
v 3.805808 27.361591 -5.483003
v 3.904575 27.354794 -5.456546
v 3.911141 27.457041 -5.454787
v 3.812375 27.463840 -5.481244
v 3.844216 27.365747 -5.608034
v 3.934381 27.359543 -5.583882
v 3.940376 27.452883 -5.582276
v 3.850211 27.459091 -5.606429
v 3.880156 27.369637 -5.725033
v 3.962272 27.363983 -5.703036
v 3.967732 27.448994 -5.701575
v 3.885616 27.454647 -5.723570
v 3.914178 27.373322 -5.835786
v 3.988675 27.368191 -5.815830
v 3.993627 27.445314 -5.814503
v 3.919131 27.450439 -5.834458
v 3.946644 27.376833 -5.941476
v 4.013870 27.372206 -5.923468
v 4.018339 27.441799 -5.922271
v 3.951114 27.446426 -5.940278
v 3.977813 27.380203 -6.042941
v 4.038058 27.376057 -6.026802
v 4.042063 27.438429 -6.025729
v 3.981818 27.442574 -6.041866
v 3.030136 24.890024 0.859836
v 2.613557 24.916178 0.845709
v 2.653011 25.306236 0.852985
v 3.019173 25.248119 0.907980
v 2.995102 24.918003 1.339246
v 2.692949 24.921074 1.337469
v 2.695419 25.221123 1.346584
v 2.995332 25.216887 1.349820
v 2.982350 24.920883 1.721526
v 2.710428 24.920885 1.721526
v 2.710428 25.192682 1.729762
v 2.982350 25.192680 1.729762
v 2.966430 24.926744 2.053702
v 2.726348 24.926744 2.053702
v 2.726348 25.166718 2.060974
v 2.966431 25.166718 2.060974
v 2.951754 24.932146 2.359944
v 2.741024 24.932148 2.359944
v 2.741024 25.142782 2.366326
v 2.951754 25.142782 2.366326
v 2.937987 24.937313 2.649226
v 2.754792 24.937313 2.649226
v 2.754792 25.120234 2.650748
v 2.937986 25.120234 2.650748
v 2.924833 25.003017 3.147948
v 2.767945 25.003016 3.147948
v 2.767945 25.154673 3.108797
v 2.924833 25.154675 3.108797
v 2.924833 25.061794 3.354243
v 2.767945 25.061796 3.354243
v 2.767945 25.212646 3.311143
v 2.924833 25.212645 3.311143
v 2.924833 25.120174 3.558564
v 2.767945 25.120176 3.558563
v 2.767945 25.271025 3.515463
v 2.924833 25.271025 3.515463
v 2.924833 25.178551 3.762884
v 2.767945 25.178551 3.762884
v 2.767945 25.329403 3.719784
v 2.924833 25.329403 3.719784
v 2.924833 25.236927 3.967205
v 2.767945 25.236925 3.967204
v 2.767945 25.387777 3.924104
v 2.924833 25.387779 3.924104
v 2.924833 25.294836 4.168824
v 2.767945 25.294834 4.168824
v 2.767945 25.446630 4.131125
v 2.924833 25.446629 4.131125
v 2.915498 25.315451 4.663254
v 2.777280 25.315453 4.663254
v 2.777280 25.452484 4.677321
v 2.915498 25.452482 4.677321
v 2.908997 25.290550 4.881515
v 2.783782 25.290550 4.881515
v 2.783782 25.414507 4.899223
v 2.908997 25.414507 4.899223
v 2.903878 25.270861 5.055514
v 2.788900 25.270859 5.055514
v 2.788900 25.384680 5.071774
v 2.903878 25.384680 5.071774
v 2.899326 25.253355 5.210247
v 2.793452 25.253357 5.210247
v 2.793453 25.358166 5.225219
v 2.899326 25.358164 5.225219
v 2.895142 25.237267 5.352453
v 2.797636 25.237265 5.352453
v 2.797636 25.333794 5.366243
v 2.895143 25.333794 5.366243
v 2.891228 25.222212 5.485525
v 2.801551 25.222210 5.485525
v 2.801551 25.310987 5.498208
v 2.891228 25.310987 5.498208
v 2.887522 25.207956 5.611492
v 2.805256 25.207958 5.611492
v 2.805256 25.289396 5.623127
v 2.887522 25.289394 5.623127
v 2.883986 25.194355 5.731701
v 2.808793 25.194357 5.731702
v 2.808793 25.268797 5.742335
v 2.883986 25.268795 5.742335
v 2.880590 25.181299 5.847104
v 2.812188 25.181301 5.847104
v 2.812188 25.249016 5.856778
v 2.880590 25.249014 5.856778
v 2.877316 25.168707 5.958404
v 2.815462 25.168709 5.958405
v 2.815462 25.229940 5.967152
v 2.877316 25.229940 5.967152
v 2.737701 23.500648 0.694628
v 2.268069 23.491018 0.732969
v 2.304583 23.873930 0.723034
v 2.682432 23.842312 0.803405
v 2.661341 23.562286 1.198224
v 2.375261 23.561642 1.198529
v 2.376819 23.839598 1.177422
v 2.658920 23.837601 1.181198
v 2.639484 23.608335 1.530756
v 2.400605 23.608334 1.530756
v 2.400605 23.846275 1.509606
v 2.639484 23.846275 1.509606
v 2.618238 23.654604 1.809825
v 2.421850 23.654604 1.809825
v 2.421850 23.850285 1.796173
v 2.618238 23.850285 1.796173
v 2.598488 23.654076 2.275271
v 2.441601 23.654079 2.275271
v 2.441600 23.808388 2.302332
v 2.598488 23.808390 2.302332
v 2.598488 23.609734 2.496312
v 2.441600 23.609734 2.496312
v 2.441600 23.763577 2.527081
v 2.598488 23.763575 2.527080
v 2.598488 23.565155 2.719207
v 2.441600 23.565155 2.719207
v 2.441600 23.718998 2.749975
v 2.598488 23.718998 2.749975
v 2.598488 23.520575 2.942102
v 2.441601 23.520575 2.942102
v 2.441600 23.674417 2.972870
v 2.598488 23.674417 2.972870
v 2.598488 23.475996 3.164997
v 2.441601 23.475996 3.164997
v 2.441600 23.629837 3.195765
v 2.598488 23.629841 3.195765
v 2.598488 23.431419 3.387892
v 2.441601 23.431421 3.387892
v 2.441600 23.585260 3.418660
v 2.598488 23.585262 3.418660
v 2.598488 23.386841 3.610787
v 2.441601 23.386839 3.610787
v 2.441600 23.540678 3.641555
v 2.598488 23.540682 3.641556
v 2.598488 23.342260 3.833682
v 2.441601 23.342260 3.833682
v 2.441600 23.496101 3.864450
v 2.598488 23.496103 3.864450
v 2.598488 23.297680 4.056577
v 2.441600 23.297682 4.056577
v 2.441600 23.451523 4.087345
v 2.598488 23.451523 4.087346
v 2.598488 23.252930 4.280593
v 2.441600 23.252930 4.280592
v 2.441600 23.407120 4.309119
v 2.598488 23.407118 4.309119
v 2.589153 23.208908 4.830967
v 2.450935 23.208908 4.830967
v 2.450935 23.346933 4.836521
v 2.589153 23.346933 4.836521
v 2.582652 23.210091 5.052334
v 2.457437 23.210091 5.052333
v 2.457437 23.335270 5.055315
v 2.582652 23.335270 5.055315
v 2.577533 23.211082 5.225731
v 2.462555 23.211082 5.225731
v 2.462555 23.326027 5.228469
v 2.577533 23.326025 5.228469
v 2.572981 23.211962 5.379929
v 2.467108 23.211960 5.379928
v 2.467107 23.317806 5.382449
v 2.572981 23.317806 5.382449
v 2.568797 23.212776 5.521645
v 2.471291 23.212776 5.521645
v 2.471291 23.310253 5.523965
v 2.568797 23.310253 5.523965
v 2.564883 23.213533 5.654255
v 2.475206 23.213533 5.654255
v 2.475206 23.303185 5.656389
v 2.564883 23.303185 5.656390
v 2.561177 23.214252 5.779787
v 2.478911 23.214251 5.779787
v 2.478911 23.296494 5.781744
v 2.561177 23.296494 5.781744
v 2.557640 23.214937 5.899580
v 2.482448 23.214939 5.899580
v 2.482448 23.290108 5.901370
v 2.557640 23.290108 5.901371
v 2.554245 23.215595 6.014583
v 2.485843 23.215595 6.014583
v 2.485843 23.283979 6.016211
v 2.554245 23.283979 6.016212
v 2.550971 23.216227 6.125498
v 2.489117 23.216228 6.125498
v 2.489117 23.278065 6.126971
v 2.550971 23.278063 6.126971
v 3.356764 26.454220 0.770207
v 2.952029 26.489143 0.828536
v 2.997710 26.861765 0.801419
v 3.385010 26.841413 0.748021
v 3.308303 26.563477 1.316337
v 3.035907 26.565731 1.320721
v 3.039605 26.834723 1.295148
v 3.310478 26.832291 1.291027
v 3.288777 26.619381 1.695283
v 3.056691 26.619385 1.695283
v 3.056691 26.850361 1.672638
v 3.288777 26.850361 1.672638
v 3.269317 26.670727 2.019082
v 3.076151 26.670727 2.019082
v 3.076151 26.862656 1.997993
v 3.269317 26.862656 1.997993
v 3.243611 26.819292 2.658304
v 3.101857 26.819292 2.658304
v 3.101857 26.956387 2.622571
v 3.243611 26.956387 2.622571
v 3.238341 26.888344 2.887378
v 3.107128 26.888344 2.887378
v 3.107128 27.014769 2.852260
v 3.238340 27.014767 2.852260
v 3.234191 26.942509 3.066867
v 3.111278 26.942509 3.066867
v 3.111278 27.060938 3.033970
v 3.234191 27.060936 3.033970
v 3.230501 26.990677 3.226480
v 3.114968 26.990677 3.226480
v 3.114968 27.101995 3.195558
v 3.230500 27.101995 3.195558
v 3.227109 27.034943 3.373173
v 3.118359 27.034943 3.373173
v 3.118359 27.139721 3.344067
v 3.227109 27.139721 3.344067
v 3.223936 27.076366 3.510441
v 3.121532 27.076366 3.510441
v 3.121532 27.175034 3.483034
v 3.223936 27.175034 3.483033
v 3.220932 27.115578 3.640382
v 3.124536 27.115580 3.640382
v 3.124537 27.208458 3.614582
v 3.220932 27.208458 3.614582
v 3.218065 27.153000 3.764383
v 3.127403 27.153000 3.764383
v 3.127403 27.240356 3.740118
v 3.218065 27.240356 3.740118
v 3.215313 27.188923 3.883425
v 3.130155 27.188921 3.883425
v 3.130155 27.270973 3.860634
v 3.215313 27.270975 3.860634
v 3.212659 27.223572 3.998236
v 3.132810 27.223572 3.998236
v 3.132810 27.300505 3.976865
v 3.212659 27.300507 3.976866
v 3.210089 27.257109 4.109373
v 3.135379 27.257109 4.109373
v 3.135379 27.329094 4.089377
v 3.210089 27.329094 4.089377
v 3.207595 27.289669 4.217275
v 3.137874 27.289669 4.217275
v 3.137874 27.356848 4.198615
v 3.207595 27.356848 4.198615
v 3.205167 27.321362 4.322298
v 3.140302 27.321362 4.322298
v 3.140302 27.383860 4.304937
v 3.205167 27.383858 4.304937
v 3.202799 27.352274 4.424733
v 3.142670 27.352272 4.424732
v 3.142670 27.410208 4.408638
v 3.202799 27.410208 4.408639
v 3.486139 28.058949 -0.095391
v 3.729025 28.120148 -0.043278
v 3.612916 28.286385 0.048434
v 3.437854 28.254864 -0.054336
v 3.572772 28.165819 -0.356699
v 3.754062 28.173128 -0.302066
v 3.734377 28.348539 -0.246316
v 3.552821 28.344135 -0.302462
v 3.643551 28.240812 -0.592985
v 3.824374 28.240810 -0.539441
v 3.808450 28.420860 -0.485662
v 3.627626 28.420862 -0.539205
v 3.711393 28.315231 -0.812206
v 3.886831 28.315229 -0.760257
v 3.871381 28.489918 -0.708080
v 3.695943 28.489920 -0.760029
v 3.777102 28.387312 -1.024537
v 3.947324 28.387310 -0.974133
v 3.932334 28.556805 -0.923509
v 3.762112 28.556807 -0.973913
v 3.841178 28.457600 -1.231590
v 4.006314 28.457598 -1.182692
v 3.991771 28.622028 -1.133579
v 3.826636 28.622030 -1.182477
v 3.903934 28.526438 -1.434374
v 4.064088 28.526438 -1.386951
v 4.049984 28.685905 -1.339320
v 3.889829 28.685907 -1.386742
v 3.964843 28.593269 -1.630312
v 4.120821 28.594042 -1.587510
v 4.107909 28.749460 -1.544708
v 3.951932 28.748686 -1.587510
v 4.039586 28.670656 -2.102294
v 4.178342 28.676121 -2.093977
v 4.172112 28.814922 -2.087469
v 4.033357 28.809452 -2.095787
v 4.052665 28.681654 -2.313978
v 4.179501 28.686924 -2.309414
v 4.174130 28.813808 -2.306693
v 4.047295 28.808537 -2.311257
v 4.063222 28.690561 -2.483334
v 4.180420 28.695435 -2.479116
v 4.175458 28.812675 -2.476603
v 4.058260 28.807804 -2.480820
v 4.072611 28.698484 -2.633937
v 4.181238 28.703001 -2.630028
v 4.176638 28.811666 -2.627697
v 4.068011 28.807154 -2.631606
v 4.081239 28.705769 -2.772349
v 4.181990 28.709957 -2.768723
v 4.177724 28.810743 -2.766561
v 4.076973 28.806559 -2.770187
v 4.089313 28.712584 -2.901868
v 4.182693 28.716465 -2.898508
v 4.178739 28.809881 -2.896505
v 4.085360 28.806000 -2.899865
v 4.096955 28.719032 -3.024474
v 4.183358 28.722624 -3.021364
v 4.179700 28.809061 -3.019511
v 4.093297 28.805470 -3.022620
v 4.104249 28.725191 -3.141475
v 4.183994 28.728502 -3.138606
v 4.180618 28.808279 -3.136894
v 4.100873 28.804968 -3.139764
v 4.111251 28.731100 -3.253798
v 4.184604 28.734146 -3.251158
v 4.181498 28.807528 -3.249584
v 4.108146 28.804480 -3.252224
v 4.118005 28.736799 -3.362128
v 4.185192 28.739594 -3.359710
v 4.182348 28.806808 -3.358268
v 4.115160 28.804014 -3.360686
v 4.124541 28.742319 -3.466990
v 4.185761 28.744862 -3.464787
v 4.183170 28.806108 -3.463474
v 4.121950 28.803560 -3.465677
v 3.368187 28.126875 -0.039432
v 3.431748 28.311508 0.066556
v 3.411057 28.322153 -0.269996
v 3.646740 28.301514 -0.233472
v 3.642339 28.512671 -0.140541
v 3.409534 28.484026 -0.109913
v 3.407190 28.452618 -0.465625
v 3.590968 28.452618 -0.465625
v 3.590968 28.603388 -0.360542
v 3.407190 28.603390 -0.360542
v 3.410691 28.584045 -0.648068
v 3.587468 28.584047 -0.648068
v 3.587468 28.729071 -0.546988
v 3.410691 28.729071 -0.546988
v 3.414081 28.711338 -0.824777
v 3.584076 28.711338 -0.824777
v 3.584076 28.850803 -0.727575
v 3.414081 28.850801 -0.727575
v 3.417692 28.839081 -1.000940
v 3.580902 28.837019 -0.998748
v 3.580466 28.965889 -0.899822
v 3.417257 28.967949 -0.902014
v 3.502813 29.284523 -1.301176
v 3.636741 29.262823 -1.283412
v 3.629095 29.320709 -1.160489
v 3.495166 29.342409 -1.178253
v 3.556577 29.486044 -1.372543
v 3.676492 29.464222 -1.355246
v 3.668483 29.510439 -1.241427
v 3.548568 29.532255 -1.258724
v 3.598212 29.641144 -1.426685
v 3.707489 29.621262 -1.410922
v 3.700191 29.663376 -1.307200
v 3.590913 29.683262 -1.322962
v 3.635235 29.779066 -1.474832
v 3.735054 29.760906 -1.460433
v 3.728387 29.799376 -1.365689
v 3.628568 29.817535 -1.380087
v 3.669262 29.905828 -1.519081
v 3.760388 29.889248 -1.505937
v 3.754302 29.924368 -1.419444
v 3.663176 29.940945 -1.432588
v 3.701103 30.024445 -1.560488
v 3.784094 30.009346 -1.548517
v 3.778551 30.041330 -1.469745
v 3.695560 30.056429 -1.481716
v 3.731245 30.136728 -1.599684
v 3.806535 30.123032 -1.588824
v 3.801506 30.152048 -1.517361
v 3.726216 30.165745 -1.528221
v 3.760008 30.243883 -1.637088
v 3.827949 30.231524 -1.627288
v 3.823412 30.257706 -1.562800
v 3.755470 30.270069 -1.572600
v 3.787621 30.346750 -1.672997
v 3.848508 30.335670 -1.664214
v 3.844442 30.359138 -1.606423
v 3.783554 30.370214 -1.615205
v 3.617350 28.108568 0.475709
v 3.395267 28.108463 0.518504
v 3.356260 28.277901 0.377698
v 3.584882 28.304306 0.398682
v 3.593031 28.254164 0.750619
v 3.405154 28.253593 0.752177
v 3.401394 28.417419 0.663328
v 3.589774 28.418789 0.663661
v 3.590968 28.369152 0.968211
v 3.407190 28.369150 0.968211
v 3.407190 28.531681 0.882430
v 3.590968 28.531681 0.882430
v 3.587468 28.478443 1.167788
v 3.410691 28.478443 1.167788
v 3.410691 28.634779 1.085276
v 3.587468 28.634779 1.085276
v 3.584076 28.584299 1.361094
v 3.414081 28.584297 1.361094
v 3.414081 28.734638 1.281747
v 3.584076 28.734638 1.281747
v 3.580770 28.686676 1.547611
v 3.417388 28.686676 1.547611
v 3.417388 28.832861 1.475315
v 3.580770 28.832861 1.475315
v 3.569594 28.840260 2.037070
v 3.428564 28.840260 2.037070
v 3.428564 28.978567 2.011027
v 3.569594 28.978567 2.011027
v 3.564071 28.880812 2.261114
v 3.434086 28.880814 2.261114
v 3.434086 29.009230 2.240971
v 3.564071 29.009228 2.240971
v 3.559724 28.913139 2.439160
v 3.438435 28.913137 2.439160
v 3.438434 29.032965 2.420365
v 3.559724 29.032965 2.420365
v 3.555857 28.941889 2.597490
v 3.442301 28.941889 2.597490
v 3.442301 29.054071 2.579893
v 3.555857 29.054071 2.579893
v 3.552304 28.968311 2.743004
v 3.445854 28.968311 2.743004
v 3.445854 29.073475 2.726508
v 3.552304 29.073475 2.726508
v 3.548978 28.993036 2.879169
v 3.449179 28.993038 2.879169
v 3.449179 29.091633 2.863703
v 3.548979 29.091631 2.863703
v 3.545831 29.016443 3.008065
v 3.452327 29.016443 3.008065
v 3.452327 29.108818 2.993575
v 3.545831 29.108818 2.993575
v 3.542827 29.038778 3.131069
v 3.455331 29.038778 3.131070
v 3.455331 29.125219 3.117511
v 3.542827 29.125219 3.117511
v 3.539943 29.060219 3.249156
v 3.458215 29.060221 3.249156
v 3.458215 29.140963 3.236490
v 3.539943 29.140959 3.236490
v 3.537162 29.080898 3.363043
v 3.460996 29.080900 3.363043
v 3.460996 29.156145 3.351240
v 3.537162 29.156143 3.351240
v 3.534470 29.100918 3.473286
v 3.463688 29.100918 3.473287
v 3.463688 29.170845 3.462317
v 3.534470 29.170845 3.462317
v 3.531856 29.120354 3.580321
v 3.466302 29.120354 3.580321
v 3.466302 29.185118 3.570162
v 3.531856 29.185118 3.570163
v 3.529312 29.139269 3.684500
v 3.468846 29.139269 3.684500
v 3.468846 29.199005 3.675129
v 3.529312 29.199005 3.675129
v 2.849761 24.933521 -0.303035
v 2.808290 25.238363 -0.352040
v 2.485413 25.279499 -0.224756
v 2.363319 24.897949 -0.603789
v 2.614770 24.903845 -0.709877
v 2.604988 25.174934 -0.731835
v 2.353802 25.175114 -0.628716
v 2.249439 24.899361 -0.931564
v 2.466627 24.899361 -1.019754
v 2.460839 25.133266 -1.034009
v 2.243651 25.133265 -0.945818
v 2.157463 24.900545 -1.211978
v 2.338333 24.900438 -1.282552
v 2.335356 25.094061 -1.289134
v 2.154485 25.094170 -1.218560
v 2.026286 24.984076 -1.710194
v 2.179837 24.980097 -1.741569
v 2.192999 25.128372 -1.693601
v 2.039448 25.132351 -1.662226
v 1.989866 25.061722 -1.916045
v 2.144006 25.057076 -1.944908
v 2.158392 25.203968 -1.891715
v 2.004252 25.208611 -1.862853
v 1.954353 25.138338 -2.118029
v 2.108494 25.133696 -2.146891
v 2.122879 25.280586 -2.093699
v 1.968738 25.285231 -2.064836
v 1.918840 25.214962 -2.320012
v 2.072980 25.210316 -2.348874
v 2.087365 25.357206 -2.295682
v 1.933225 25.361849 -2.266819
v 1.883327 25.291578 -2.521995
v 2.037467 25.286936 -2.550858
v 2.051852 25.433826 -2.497665
v 1.897712 25.438473 -2.468802
v 1.847813 25.368200 -2.723978
v 2.001954 25.363556 -2.752841
v 2.016339 25.510448 -2.699648
v 1.862199 25.515091 -2.670785
v 1.812642 25.444324 -2.922675
v 1.967189 25.439087 -2.947623
v 1.980484 25.587564 -2.904917
v 1.825937 25.592798 -2.879969
v 1.818306 25.376482 -3.390080
v 1.958549 25.373770 -3.378064
v 1.966971 25.501896 -3.431944
v 1.826728 25.504608 -3.443961
v 1.846038 25.275389 -3.594375
v 1.975191 25.273865 -3.579765
v 1.983241 25.389345 -3.638894
v 1.854089 25.390869 -3.653505
v 1.867950 25.195099 -3.757757
v 1.988462 25.193678 -3.744125
v 1.995974 25.301430 -3.799298
v 1.875462 25.302851 -3.812931
v 1.887435 25.123699 -3.903047
v 2.000263 25.122368 -3.890283
v 2.007296 25.223248 -3.941940
v 1.894468 25.224583 -3.954703
v 1.905343 25.058079 -4.036577
v 2.011110 25.056831 -4.024612
v 2.017703 25.151400 -4.073034
v 1.911935 25.152647 -4.085000
v 1.922100 24.996674 -4.161528
v 2.021260 24.995504 -4.150310
v 2.027440 25.084167 -4.195707
v 1.928281 25.085331 -4.206925
v 1.937963 24.938547 -4.279808
v 2.030867 24.937450 -4.269298
v 2.036659 25.020521 -4.311831
v 1.943754 25.021614 -4.322341
v 1.953100 24.883078 -4.392682
v 2.040036 24.882051 -4.382847
v 2.045455 24.959782 -4.422648
v 1.958519 24.960808 -4.432483
v 1.967633 24.829823 -4.501042
v 2.048838 24.828869 -4.491856
v 2.053900 24.901474 -4.529033
v 1.972695 24.902431 -4.538219
v 1.981649 24.778465 -4.605550
v 2.057327 24.777575 -4.596989
v 2.062044 24.845240 -4.631636
v 1.986366 24.846132 -4.640196
v 1.995216 24.728748 -4.706714
v 2.065544 24.727922 -4.698758
v 2.069928 24.790802 -4.730956
v 1.999600 24.791636 -4.738912
v 2.008388 24.680481 -4.804933
v 2.073523 24.679710 -4.797565
v 2.077583 24.737949 -4.827385
v 2.012448 24.738718 -4.834753
v 2.021209 24.633503 -4.900531
v 2.081288 24.632793 -4.893734
v 2.085033 24.686512 -4.921240
v 2.024954 24.687216 -4.928036
v 2.467663 23.384802 -0.298300
v 2.420604 23.757439 -0.315563
v 2.036879 23.859016 -0.191089
v 1.901149 23.321281 -0.587828
v 2.150229 23.316988 -0.730112
v 2.129748 23.605650 -0.767284
v 1.881126 23.611753 -0.624946
v 1.742105 23.279924 -0.892849
v 1.970249 23.279926 -1.020786
v 1.951577 23.538692 -1.054083
v 1.723433 23.538692 -0.926146
v 1.609900 23.254082 -1.166967
v 1.805311 23.254084 -1.276548
v 1.789318 23.475723 -1.305067
v 1.593908 23.475723 -1.195486
v 1.487207 23.230022 -1.421372
v 1.653910 23.230398 -1.511129
v 1.641079 23.418064 -1.533801
v 1.474377 23.417688 -1.444044
v 1.284312 23.207224 -2.007783
v 1.419493 23.209995 -2.047289
v 1.415444 23.350885 -2.050667
v 1.280264 23.348116 -2.011161
v 1.228631 23.208282 -2.236862
v 1.354182 23.210989 -2.270413
v 1.350925 23.340925 -2.272111
v 1.225373 23.338213 -2.238560
v 1.185403 23.209215 -2.415397
v 1.302555 23.211744 -2.446703
v 1.299515 23.332985 -2.448287
v 1.182363 23.330454 -2.416981
v 1.146962 23.210041 -2.574162
v 1.256645 23.212410 -2.603472
v 1.253798 23.325922 -2.604955
v 1.144116 23.323557 -2.575645
v 1.111632 23.210806 -2.720075
v 1.214450 23.213024 -2.747550
v 1.211782 23.319431 -2.748942
v 1.108964 23.317213 -2.721465
v 1.078572 23.211519 -2.856614
v 1.174967 23.213600 -2.882374
v 1.172466 23.313358 -2.883677
v 1.076071 23.311277 -2.857918
v 1.047277 23.212194 -2.985864
v 1.137591 23.214144 -3.009999
v 1.135248 23.307611 -3.011220
v 1.044934 23.305662 -2.987085
v 1.017413 23.212841 -3.109206
v 1.101924 23.214664 -3.131790
v 1.099731 23.302122 -3.132933
v 1.015220 23.300299 -3.110349
v 0.988742 23.213455 -3.227616
v 1.067683 23.215164 -3.248711
v 1.065635 23.296858 -3.249779
v 0.986694 23.295153 -3.228684
v 0.961091 23.214054 -3.341817
v 1.034659 23.215641 -3.361476
v 1.032750 23.291779 -3.362471
v 0.959182 23.290188 -3.342811
v 0.934325 23.214632 -3.452363
v 1.002692 23.216106 -3.470632
v 1.000918 23.286860 -3.471557
v 0.932551 23.285385 -3.453287
v 0.908338 23.215191 -3.559691
v 0.971656 23.216558 -3.576612
v 0.970013 23.282085 -3.577468
v 0.906695 23.280722 -3.560548
v 0.883044 23.215736 -3.664155
v 0.941447 23.216993 -3.679763
v 0.939932 23.277437 -3.680553
v 0.881528 23.276180 -3.664946
v 2.063072 21.896963 -0.404370
v 2.484219 21.825880 -0.322990
v 2.546768 22.218521 -0.338416
v 2.124964 22.289383 -0.437014
v 2.304309 21.865524 -0.911206
v 2.572192 21.859205 -0.854260
v 2.583820 22.127613 -0.880516
v 2.315529 22.134459 -0.938828
v 2.424290 21.848213 -1.283337
v 2.633257 21.848080 -1.237299
v 2.638593 22.060663 -1.261087
v 2.429627 22.060793 -1.307125
v 2.553103 21.801119 -1.798346
v 2.708186 21.799440 -1.774786
v 2.714167 21.953556 -1.803429
v 2.559084 21.955233 -1.826989
v 2.582310 21.760437 -2.002753
v 2.737556 21.758587 -1.980185
v 2.743715 21.912504 -2.009919
v 2.588470 21.914360 -2.032487
v 2.611688 21.719576 -2.208201
v 2.766933 21.717724 -2.185634
v 2.773093 21.871643 -2.215368
v 2.617848 21.873497 -2.237936
v 2.641066 21.678711 -2.413650
v 2.796311 21.676859 -2.391082
v 2.802471 21.830778 -2.420816
v 2.647225 21.832634 -2.443384
v 2.670444 21.637848 -2.619098
v 2.825689 21.635992 -2.596531
v 2.831848 21.789915 -2.626265
v 2.676603 21.791767 -2.648833
v 2.699821 21.596983 -2.824547
v 2.855067 21.595129 -2.801979
v 2.861226 21.749050 -2.831714
v 2.705981 21.750902 -2.854281
v 2.729199 21.556122 -3.029996
v 2.884444 21.554266 -3.007428
v 2.890604 21.708189 -3.037162
v 2.735359 21.710039 -3.059730
v 2.758660 21.515156 -3.236128
v 2.914039 21.513136 -3.214669
v 2.919899 21.667425 -3.241927
v 2.764519 21.669441 -3.263386
v 2.816071 21.482759 -3.752602
v 2.953936 21.480022 -3.743401
v 2.956920 21.618090 -3.745749
v 2.819056 21.620827 -3.754950
v 2.835171 21.489094 -3.965123
v 2.960147 21.486565 -3.957807
v 2.962670 21.611755 -3.957659
v 2.837694 21.614283 -3.964976
v 2.850165 21.494104 -4.131902
v 2.964923 21.491785 -4.125183
v 2.967240 21.606741 -4.125048
v 2.852483 21.609060 -4.131765
v 2.863499 21.498568 -4.280212
v 2.969170 21.496429 -4.274025
v 2.971304 21.602283 -4.273901
v 2.865633 21.604416 -4.280087
v 2.875754 21.502665 -4.416517
v 2.973074 21.500696 -4.410819
v 2.975039 21.598185 -4.410704
v 2.877719 21.600151 -4.416402
v 2.887221 21.506498 -4.544065
v 2.976726 21.504688 -4.538825
v 2.978534 21.594347 -4.538719
v 2.889028 21.596157 -4.543959
v 2.898077 21.510132 -4.664804
v 2.980185 21.508469 -4.659997
v 2.981842 21.590715 -4.659900
v 2.899734 21.592381 -4.664707
v 2.908435 21.513596 -4.780025
v 2.983484 21.512074 -4.775631
v 2.984999 21.587255 -4.775542
v 2.909951 21.588772 -4.779936
v 2.918380 21.516922 -4.890638
v 2.986652 21.515539 -4.886641
v 2.988030 21.583929 -4.886560
v 2.919759 21.585310 -4.890557
v 2.927972 21.520126 -4.997319
v 2.989707 21.518879 -4.993704
v 2.990953 21.580719 -4.993631
v 2.929218 21.581968 -4.997245
v 1.847257 20.353989 -0.347334
v 1.859469 20.704275 -0.363634
v 1.427154 20.731148 -0.207370
v 1.322060 20.272141 -0.594208
v 1.571828 20.273607 -0.709734
v 1.551138 20.541153 -0.758775
v 1.295537 20.542719 -0.647204
v 1.195691 20.224058 -0.941652
v 1.394296 20.224226 -1.027741
v 1.375416 20.435297 -1.071059
v 1.176811 20.435129 -0.984969
v 1.032713 20.099152 -1.414114
v 1.178968 20.101347 -1.470826
v 1.153605 20.243858 -1.530903
v 1.007349 20.241669 -1.474190
v 0.965109 20.006233 -1.594470
v 1.111577 20.008665 -1.650638
v 1.085138 20.149971 -1.713462
v 0.938670 20.147541 -1.657294
v 0.897073 19.912827 -1.775927
v 1.043542 19.915262 -1.832096
v 1.017103 20.056566 -1.894920
v 0.870635 20.054138 -1.838752
v 0.829038 19.819424 -1.957386
v 0.975506 19.821854 -2.013554
v 0.949068 19.963163 -2.076378
v 0.802599 19.960732 -2.020209
v 0.761002 19.726023 -2.138843
v 0.907471 19.728453 -2.195012
v 0.881032 19.869761 -2.257835
v 0.734564 19.867329 -2.201667
v 0.693107 19.632721 -2.320044
v 0.836496 19.632954 -2.381866
v 0.812857 19.776258 -2.439551
v 0.669468 19.776024 -2.377729
v 0.463284 19.567190 -2.659814
v 0.547821 19.556715 -2.750407
v 0.556026 19.680634 -2.758833
v 0.471489 19.691107 -2.668240
v 0.349592 19.586201 -2.771533
v 0.415338 19.577169 -2.850149
v 0.425546 19.679493 -2.853367
v 0.359800 19.688522 -2.774751
v 0.259914 19.601151 -2.859670
v 0.314504 19.593655 -2.924947
v 0.322980 19.678614 -2.927618
v 0.268390 19.686111 -2.862341
v 0.180166 19.614449 -2.938047
v 0.224836 19.608311 -2.991462
v 0.231772 19.677834 -2.993648
v 0.187102 19.683966 -2.940234
v 2.582273 21.783005 0.654834
v 2.230709 21.821480 0.858750
v 2.139189 22.181736 0.816392
v 2.587889 22.151268 0.767767
v 2.651035 21.761929 1.121525
v 2.394691 21.764614 1.212620
v 2.407314 22.026409 1.261505
v 2.667654 22.024290 1.176824
v 2.737070 21.714449 1.462384
v 2.533713 21.716120 1.522346
v 2.548638 21.925499 1.563139
v 2.751995 21.923828 1.503176
v 2.647818 21.700388 2.097768
v 2.521613 21.709852 2.041808
v 2.533394 21.849422 2.041442
v 2.659599 21.839956 2.097403
v 2.537448 21.720530 2.296319
v 2.424496 21.729319 2.235469
v 2.436098 21.857359 2.232424
v 2.549050 21.848572 2.293274
v 2.452095 21.736446 2.447392
v 2.347173 21.744612 2.390868
v 2.357950 21.863548 2.388041
v 2.462872 21.855385 2.444565
v 2.376193 21.750601 2.581737
v 2.278412 21.758211 2.529060
v 2.288456 21.869053 2.526425
v 2.386236 21.861443 2.579102
v 2.306435 21.763611 2.705207
v 2.215218 21.770708 2.656066
v 2.224587 21.874111 2.653608
v 2.315804 21.867014 2.702749
v 2.241159 21.775782 2.820745
v 2.156083 21.782404 2.774913
v 2.164821 21.878843 2.772620
v 2.249897 21.872225 2.818452
v 2.179367 21.787308 2.930115
v 2.100105 21.793474 2.887414
v 2.108247 21.883324 2.885278
v 2.187509 21.877155 2.927978
v 2.120400 21.798304 3.034486
v 2.046686 21.804043 2.994774
v 2.054257 21.887600 2.992787
v 2.127971 21.881866 3.032499
v 2.063791 21.808863 3.134683
v 1.995403 21.814184 3.097841
v 2.002427 21.891703 3.095998
v 2.070815 21.886385 3.132840
v 2.009194 21.819044 3.231318
v 1.945942 21.823965 3.197243
v 1.952439 21.895662 3.195539
v 2.015690 21.890743 3.229613
v 1.956344 21.828897 3.324861
v 1.898065 21.833433 3.293465
v 1.904051 21.899496 3.291894
v 1.962330 21.894964 3.323290
v 1.905032 21.838469 3.415681
v 1.851581 21.842628 3.386886
v 1.857072 21.903219 3.385445
v 1.910523 21.899061 3.414241
v 2.229480 20.264408 0.716439
v 1.848053 20.301653 0.883586
v 1.854138 20.677565 0.921508
v 2.315415 20.649431 0.768287
v 2.330155 20.174240 1.140262
v 2.069446 20.176952 1.239230
v 2.099676 20.438639 1.315934
v 2.363569 20.435717 1.216001
v 2.419906 20.090321 1.461437
v 2.216914 20.094677 1.525872
v 2.242006 20.299692 1.590657
v 2.444997 20.295336 1.526221
v 2.252707 19.974710 2.037803
v 2.145282 20.010584 1.962355
v 2.161831 20.143082 2.001996
v 2.269256 20.107203 2.077444
v 2.090528 19.951117 2.207198
v 1.998490 19.986507 2.127121
v 2.013687 20.107386 2.163076
v 2.105725 20.071999 2.243153
v 1.965446 19.933716 2.335618
v 1.880401 19.966417 2.261626
v 1.894443 20.078112 2.294849
v 1.979488 20.045414 2.368841
v 1.854214 19.918243 2.449818
v 1.775389 19.948549 2.381237
v 1.788404 20.052078 2.412030
v 1.867229 20.021769 2.480611
v 1.751986 19.904020 2.554773
v 1.678877 19.932133 2.491165
v 1.690948 20.028154 2.519726
v 1.764057 20.000040 2.583334
v 1.656326 19.890713 2.652986
v 1.588565 19.916769 2.594031
v 1.599753 20.005762 2.620502
v 1.667514 19.979710 2.679457
v 1.565772 19.878115 2.745956
v 1.503074 19.902224 2.691406
v 1.513427 19.984570 2.715899
v 1.576125 19.960461 2.770449
v 1.479358 19.866095 2.834676
v 1.421491 19.888342 2.784330
v 1.431046 19.964346 2.806936
v 1.488913 19.942093 2.857282
v 1.396399 19.854553 2.919849
v 1.343170 19.875019 2.873538
v 1.351959 19.944931 2.894332
v 1.405187 19.924461 2.940643
v 1.316389 19.843420 3.001993
v 1.267634 19.862169 2.959574
v 1.275684 19.926201 2.978621
v 1.324439 19.907455 3.021039
v 1.238940 19.832647 3.081509
v 1.194515 19.849730 3.042858
v 1.201850 19.908077 3.060213
v 1.246275 19.890993 3.098864
v 0.851570 25.501686 0.579005
v 0.833273 25.500538 0.423194
v 0.897538 25.643232 0.414631
v 0.915835 25.644379 0.570442
v 0.639588 25.603691 0.602657
v 0.621596 25.602421 0.446809
v 0.688770 25.743921 0.437900
v 0.706762 25.745193 0.593748
v 0.429213 25.705040 0.626117
v 0.411221 25.703770 0.470270
v 0.478395 25.845270 0.461361
v 0.496387 25.846542 0.617208
v 0.218838 25.806389 0.649578
v 0.200846 25.805119 0.493730
v 0.268020 25.946619 0.484821
v 0.286012 25.947891 0.640668
v 0.008463 25.907738 0.673038
v -0.009529 25.906467 0.517191
v 0.057645 26.047968 0.508282
v 0.075638 26.049240 0.664129
v -0.198981 26.008095 0.696176
v -0.216852 26.006786 0.540316
v -0.155660 26.150309 0.532065
v -0.137790 26.151623 0.687925
v -0.164797 27.830847 1.695380
v -0.196413 27.840868 1.648479
v -0.181287 27.896259 1.650117
v -0.149671 27.886238 1.697019
v -0.117937 27.816841 1.663347
v -0.151842 27.827587 1.613050
v -0.135621 27.886990 1.614807
v -0.101716 27.876245 1.665104
v -0.042766 27.794376 1.611959
v -0.080342 27.806284 1.556216
v -0.062365 27.872120 1.558163
v -0.024789 27.860209 1.613906
v 0.059605 27.763781 1.541977
v 0.017029 27.777275 1.478817
v 0.037398 27.851870 1.481023
v 0.079975 27.838373 1.544183
v 0.188475 27.725267 1.453880
v 0.139605 27.740755 1.381383
v 0.162985 27.826376 1.383916
v 0.211856 27.810888 1.456413
v 0.343324 27.678988 1.348024
v 0.286891 27.696875 1.264307
v 0.313889 27.795746 1.267232
v 0.370323 27.777859 1.350949
v 0.523739 27.625071 1.224691
v 0.458494 27.645748 1.127902
v 0.489708 27.760059 1.131283
v 0.554953 27.739378 1.228072
v 0.725780 27.565027 1.086476
v 0.653229 27.587812 0.972991
v 0.693706 27.717960 0.973965
v 0.766257 27.695179 1.087451
v 1.075406 27.381485 0.884537
v 1.018578 27.393370 0.738991
v 1.107959 27.519440 0.715051
v 1.164788 27.507557 0.860597
v 1.230329 27.249060 0.818590
v 1.176120 27.259140 0.671711
v 1.269766 27.382277 0.645600
v 1.323975 27.372196 0.792479
v 1.390021 27.113367 0.750403
v 1.337295 27.122440 0.602979
v 1.426805 27.248381 0.578388
v 1.479530 27.239304 0.725812
v 1.318221 29.448929 -0.030012
v 1.342395 29.448513 -0.161513
v 1.429126 29.549093 -0.145900
v 1.404952 29.549509 -0.014400
v 1.192556 29.572596 -0.063355
v 1.214606 29.571520 -0.178861
v 1.290657 29.660162 -0.165168
v 1.268607 29.661238 -0.049662
v 1.093873 29.669729 -0.089563
v 1.113542 29.668772 -0.192595
v 1.181380 29.747843 -0.180381
v 1.161711 29.748802 -0.077350
v 1.006118 29.756107 -0.112870
v 1.023669 29.755253 -0.204809
v 1.084203 29.825809 -0.193910
v 1.066651 29.826668 -0.101971
v 0.925466 29.835497 -0.134290
v 0.941071 29.834734 -0.216033
v 0.994892 29.897470 -0.206343
v 0.979287 29.898232 -0.124599
v 0.849995 29.909782 -0.154333
v 0.863779 29.909113 -0.226537
v 0.911319 29.964523 -0.217978
v 0.897536 29.965199 -0.145774
v 0.778554 29.980108 -0.173307
v 0.790614 29.979517 -0.236480
v 0.832208 30.028002 -0.228991
v 0.820148 30.028587 -0.165818
v 2.052013 28.677811 0.111273
v 2.086614 28.690607 -0.159395
v 2.260587 28.897953 -0.127756
v 2.225986 28.885159 0.142913
v 1.837605 28.907461 0.075131
v 1.864681 28.919556 -0.151199
v 2.016629 29.087715 -0.124036
v 1.989554 29.075626 0.102294
v 1.662225 29.095974 0.045452
v 1.685787 29.105278 -0.143895
v 1.812722 29.246256 -0.121185
v 1.789160 29.236952 0.068162
v 2.306874 25.013708 0.520397
v 2.228697 25.056057 0.145404
v 2.322129 25.387823 0.094479
v 2.378297 25.390759 0.516013
v 1.917945 25.159838 0.497931
v 1.879028 25.162174 0.225517
v 1.934257 25.428236 0.215665
v 1.972517 25.427704 0.489890
v 1.605054 25.245876 0.518965
v 1.572588 25.245876 0.286814
v 1.619736 25.475399 0.280221
v 1.652202 25.475399 0.512372
v 1.331516 25.323185 0.536942
v 1.304928 25.323099 0.344503
v 1.347028 25.512491 0.338635
v 1.373617 25.512577 0.531074
v 0.783124 23.872770 -0.359637
v 0.848984 23.872551 -0.520610
v 0.874356 24.043970 -0.510969
v 0.808497 24.044189 -0.349997
v 1.004502 23.807898 -0.253913
v 1.080939 23.807898 -0.449101
v 1.117465 24.013813 -0.434797
v 1.041028 24.013815 -0.239610
v 1.372364 23.704601 -0.077087
v 1.461375 23.699120 -0.325921
v 1.503724 23.951664 -0.310624
v 1.416127 23.958368 -0.061422
v 1.893279 23.535446 0.247536
v 1.999863 23.478146 -0.189645
v 1.956893 23.910595 0.253636
v 1.596884 22.093300 0.337759
v 1.655096 22.050695 -0.049623
v 1.745080 22.421917 -0.061867
v 1.725173 22.410437 0.400049
v 1.234238 22.244577 0.227834
v 1.260869 22.242483 -0.003909
v 1.316344 22.465973 0.002036
v 1.291475 22.466045 0.237625
v 0.413831 20.567635 0.507919
v 0.405031 20.567453 0.325355
v 0.410964 20.750130 0.325117
v 0.419764 20.750309 0.507681
v 0.730160 20.523920 0.511251
v 0.701795 20.532516 0.277135
v 0.705202 20.771578 0.277988
v 0.730093 20.767561 0.518477
v 1.161541 20.470600 0.171073
v 1.208094 20.825424 0.155670
v 1.325494 20.804817 0.595910
v 3.248649 28.062866 0.280667
v 3.282911 28.075693 0.068417
v 2.798059 28.212107 0.222627
v 2.850747 28.213039 -0.047110
v 2.962093 28.461735 -0.025392
v 2.909591 28.461000 0.245650
v 1.673299 26.931334 0.661598
v 1.632544 26.932011 0.492328
v 1.682329 27.098038 0.480676
v 1.723084 27.097364 0.649946
v 1.891392 26.853041 0.628672
v 1.844743 26.853041 0.426013
v 1.898573 27.053530 0.413622
v 1.945223 27.053530 0.616281
v 2.227186 26.738258 0.577010
v 2.174323 26.735336 0.329179
v 2.238272 26.979242 0.314715
v 2.289762 26.977720 0.562251
v 2.637103 26.607916 0.563657
v 2.619416 26.544695 0.184815
v 2.702784 26.912058 0.171621
v 2.695418 26.876766 0.546811
v -0.674441 26.101828 0.736844
v -0.688819 26.100473 0.602114
v -0.688127 26.235342 0.600659
v -0.673749 26.236698 0.735389
v -0.876925 26.100601 0.750774
v -0.889609 26.099388 0.630842
v -0.894596 26.219891 0.630149
v -0.881912 26.221107 0.750081
v -1.038775 26.099840 0.762003
v -1.050226 26.098742 0.653732
v -1.054728 26.207529 0.653106
v -1.043277 26.208624 0.761377
v -1.182703 26.099161 0.771988
v -1.193057 26.098169 0.674087
v -1.197127 26.196535 0.673521
v -1.186773 26.197525 0.771422
v -1.314980 26.098536 0.781165
v -1.324326 26.097641 0.692794
v -1.328000 26.186430 0.692283
v -1.318654 26.187326 0.780654
v -1.438759 26.097950 0.789752
v -1.447162 26.097147 0.710299
v -1.450465 26.176973 0.709840
v -1.442062 26.177782 0.789292
v -1.555930 26.097399 0.797880
v -1.563440 26.096676 0.726870
v -1.566392 26.168028 0.726460
v -1.558882 26.168745 0.797470
v -1.667745 26.096870 0.805637
v -1.674403 26.096230 0.742684
v -1.677021 26.159485 0.742320
v -1.670363 26.160122 0.805274
v 0.351211 23.809942 -0.622959
v 0.429800 23.810099 -0.757758
v 0.406761 23.963409 -0.773245
v 0.328172 23.963251 -0.638446
v 0.519333 23.857094 -0.513980
v 0.602264 23.857437 -0.647026
v 0.576459 24.010849 -0.663260
v 0.493527 24.010511 -0.530214
v -0.566315 24.136602 -0.779499
v -0.564952 24.139793 -0.839139
v -0.541532 24.194645 -0.835669
v -0.542895 24.191450 -0.776030
v -0.497137 24.101875 -0.775252
v -0.495568 24.105549 -0.843911
v -0.468605 24.168690 -0.839916
v -0.470174 24.165016 -0.771257
v -0.386162 24.046164 -0.768438
v -0.384263 24.050611 -0.851566
v -0.351618 24.127060 -0.846730
v -0.353517 24.122610 -0.763602
v -0.235032 23.970287 -0.759159
v -0.232683 23.975792 -0.861992
v -0.192299 24.070362 -0.856009
v -0.194648 24.064863 -0.753177
v -0.044338 23.874662 -0.747409
v -0.034428 23.879688 -0.873962
v 0.007815 23.999104 -0.867759
v -0.002095 23.994078 -0.741206
v 0.736540 22.390562 0.142602
v 0.747326 22.392231 -0.013897
v 0.773271 22.546898 -0.010434
v 0.762485 22.545233 0.146065
v 0.526861 22.424448 0.129535
v 0.536918 22.426247 -0.027020
v 0.561750 22.581123 -0.023643
v 0.551692 22.579319 0.132912
v 0.316260 22.458502 0.116397
v 0.326318 22.460299 -0.040158
v 0.351150 22.615175 -0.036780
v 0.341092 22.613373 0.119774
v 0.104720 22.492634 0.103091
v 0.120582 22.493938 -0.052426
v 0.141490 22.649145 -0.049750
v 0.125628 22.647840 0.105766
v -0.317470 22.506989 -0.046223
v -0.261161 22.507650 -0.157285
v -0.274015 22.631626 -0.163871
v -0.330323 22.630964 -0.052809
v -0.459380 22.493166 -0.139549
v -0.408588 22.494051 -0.229014
v -0.422182 22.595812 -0.235721
v -0.472973 22.594923 -0.146256
v -0.570417 22.482330 -0.212732
v -0.528244 22.483072 -0.287017
v -0.539531 22.567560 -0.292585
v -0.581704 22.566826 -0.218300
v -0.669159 22.472698 -0.277810
v -0.634649 22.473303 -0.338596
v -0.643886 22.542440 -0.343153
v -0.678395 22.541838 -0.282368
v -1.075364 20.939852 0.259088
v -1.067567 20.938484 0.202192
v -1.054973 20.994530 0.202571
v -1.062770 20.995897 0.259466
v -1.019383 20.925074 0.269214
v -1.011021 20.923607 0.208201
v -0.997515 20.983707 0.208607
v -1.005877 20.985176 0.269620
v -0.929578 20.901363 0.285460
v -0.920311 20.899738 0.217839
v -0.905342 20.966347 0.218289
v -0.914609 20.967972 0.285910
v -0.807278 20.869074 0.307583
v -0.796778 20.867231 0.230965
v -0.779817 20.942705 0.231475
v -0.790318 20.944546 0.308093
v -0.653321 20.828426 0.335433
v -0.641268 20.826313 0.247488
v -0.621801 20.912945 0.248074
v -0.633854 20.915058 0.336019
v -0.468328 20.779587 0.368898
v -0.454410 20.777147 0.267343
v -0.431929 20.877182 0.268019
v -0.445848 20.879625 0.369574
v -0.252792 20.722685 0.407888
v -0.236700 20.719862 0.290475
v -0.210710 20.835516 0.291257
v -0.226801 20.838339 0.408669
v -0.004531 20.657379 0.452561
v 0.011468 20.654564 0.316844
v 0.038849 20.788473 0.317511
v 0.022850 20.791288 0.453228
v 4.743545 25.151157 0.769798
v 4.706734 25.152115 0.922275
v 4.696597 25.308638 0.918848
v 4.733407 25.307680 0.766371
v 4.944976 25.165304 0.816536
v 4.909434 25.166348 0.969341
v 4.899241 25.322866 0.965900
v 4.934782 25.321825 0.813094
v 5.147013 25.179491 0.863430
v 5.111472 25.180540 1.016236
v 5.101279 25.337059 1.012795
v 5.136819 25.336014 0.859989
v 5.349051 25.193682 0.910325
v 5.313510 25.194727 1.063131
v 5.303317 25.351246 1.059690
v 5.338857 25.350201 0.906884
v 5.551088 25.207872 0.957220
v 5.515548 25.208918 1.110025
v 5.505354 25.365437 1.106584
v 5.540895 25.364391 0.953779
v 5.753126 25.222059 1.004115
v 5.717585 25.223108 1.156920
v 5.707392 25.379627 1.153479
v 5.742933 25.378582 1.000673
v 5.952357 25.236288 1.050439
v 5.918253 25.237312 1.203536
v 5.912236 25.393774 1.200944
v 5.946341 25.392748 1.047847
v 6.644387 26.781082 0.831992
v 6.614522 26.778830 0.883681
v 6.597426 26.835592 0.876280
v 6.627293 26.837847 0.824590
v 6.587848 26.754208 0.792930
v 6.553466 26.751612 0.852438
v 6.533784 26.816957 0.843916
v 6.568168 26.819553 0.784409
v 6.497150 26.711092 0.730269
v 6.455522 26.707949 0.802316
v 6.431693 26.787066 0.792000
v 6.473321 26.790209 0.719952
v 6.373633 26.652372 0.644934
v 6.322137 26.648487 0.734060
v 6.292659 26.746355 0.721297
v 6.344155 26.750244 0.632171
v 6.214893 26.577641 0.535799
v 6.153075 26.573345 0.647528
v 6.120887 26.695927 0.634004
v 6.182706 26.700224 0.522275
v 5.792559 26.502480 0.321612
v 5.737967 26.500025 0.468575
v 5.743054 26.656364 0.472652
v 5.797644 26.658817 0.325689
v 5.582100 26.518148 0.247190
v 5.529759 26.515759 0.395069
v 5.539561 26.672222 0.401069
v 5.591902 26.674616 0.253189
v 5.375124 26.533915 0.174187
v 5.322783 26.531525 0.322067
v 5.332585 26.687990 0.328066
v 5.384926 26.690378 0.180186
v 5.168149 26.549679 0.101184
v 5.115808 26.547287 0.249064
v 5.125610 26.703754 0.255064
v 5.177951 26.706146 0.107184
v 4.961173 26.565445 0.028182
v 4.908833 26.563055 0.176062
v 4.918634 26.719521 0.182061
v 4.970976 26.721912 0.034181
v 4.754198 26.581209 -0.044821
v 4.701856 26.578817 0.103059
v 4.711659 26.735285 0.109058
v 4.763999 26.737675 -0.038822
v 4.547222 26.596979 -0.117824
v 4.494881 26.594587 0.030056
v 4.504683 26.751053 0.036056
v 4.557024 26.753443 -0.111824
v 4.336465 26.612841 -0.191400
v 4.293836 26.610195 -0.042046
v 4.301488 26.766716 -0.036373
v 4.344118 26.769365 -0.185727
v 6.424526 28.049429 -1.221925
v 6.524536 28.060413 -1.134883
v 6.502735 28.192087 -1.126569
v 6.402723 28.181103 -1.213611
v 6.538375 28.084612 -1.359393
v 6.630410 28.095230 -1.286966
v 6.611466 28.211079 -1.279885
v 6.519432 28.200453 -1.352313
v 6.629946 28.112764 -1.469572
v 6.712040 28.122238 -1.404966
v 6.695143 28.225573 -1.398650
v 6.613048 28.216097 -1.463255
v 6.711376 28.137802 -1.567549
v 6.784632 28.146255 -1.509899
v 6.769554 28.238466 -1.504263
v 6.696297 28.230009 -1.561913
v 6.786214 28.160809 -1.657595
v 6.851347 28.168327 -1.606339
v 6.837942 28.250309 -1.601328
v 6.772808 28.242792 -1.652585
v 6.856245 28.182341 -1.741858
v 6.913775 28.188978 -1.696582
v 6.901934 28.261396 -1.692156
v 6.844402 28.254755 -1.737431
v 6.922537 28.202721 -1.821621
v 6.972872 28.208530 -1.782009
v 6.962512 28.271889 -1.778136
v 6.912176 28.266079 -1.817748
v 5.318928 27.791912 -0.635822
v 5.379896 27.791897 -0.491265
v 5.355243 27.946161 -0.480860
v 5.294274 27.946177 -0.625417
v 5.514355 27.834738 -0.718131
v 5.575254 27.834711 -0.573545
v 5.546515 27.988470 -0.561412
v 5.485616 27.988491 -0.705998
v 5.707706 27.877304 -0.799561
v 5.768605 27.877279 -0.654975
v 5.739866 28.031033 -0.642842
v 5.678966 28.031057 -0.787428
v 5.901056 27.919870 -0.880992
v 5.961956 27.919847 -0.736406
v 5.933216 28.073601 -0.724273
v 5.872317 28.073626 -0.868859
v 6.091415 27.961767 -0.960672
v 6.157980 27.963011 -0.819400
v 6.129559 28.116840 -0.807453
v 6.062993 28.115593 -0.948725
v 3.316838 24.988075 0.139006
v 3.290057 24.938499 0.584050
v 3.422091 25.318295 0.234540
v 3.764492 25.028749 0.391431
v 3.680680 25.026949 0.653735
v 3.663415 25.304842 0.643700
v 3.753468 25.300337 0.390046
v 4.062427 25.064751 0.518124
v 3.986726 25.064751 0.739974
v 3.972498 25.298681 0.735119
v 4.048199 25.298679 0.513269
v 4.313325 25.102339 0.624960
v 4.251839 25.102427 0.809212
v 4.239992 25.296291 0.805171
v 4.301478 25.296206 0.620919
v 3.488249 23.315790 -0.644447
v 3.592068 23.316711 -0.495780
v 3.611640 23.497761 -0.511853
v 3.507821 23.496840 -0.660521
v 3.236238 23.340952 -0.481164
v 3.373072 23.339329 -0.295558
v 3.403517 23.566635 -0.317095
v 3.264686 23.567669 -0.501385
v 2.865041 23.387129 -0.283759
v 2.987917 23.361755 0.053745
v 3.079642 23.686113 0.014159
v 2.874486 23.714821 -0.263677
v 2.626197 21.770744 0.217015
v 2.694401 22.005201 0.555630
v 2.696622 22.088995 0.219604
v 2.790833 20.433010 -0.248570
v 2.872788 20.432798 -0.066711
v 2.888729 20.632885 -0.068854
v 2.805002 20.633194 -0.256078
v 2.343602 20.375511 -0.137046
v 2.492320 20.361483 0.191856
v 2.540391 20.721323 0.243921
v 2.367969 20.732052 -0.161487
v 3.702872 27.927311 0.005381
v 3.803019 27.925283 0.196499
v 3.802136 28.129827 0.194890
v 3.989546 27.904295 -0.086922
v 4.063325 27.904699 0.085120
v 4.085524 28.087622 0.074651
v 4.011680 28.085184 -0.097704
v 4.231660 27.869675 -0.186483
v 4.303974 27.869675 -0.017531
v 4.327852 28.051607 -0.027751
v 4.255538 28.051607 -0.196703
v 4.458442 27.838205 -0.279741
v 4.528001 27.838203 -0.117224
v 4.550969 28.013205 -0.127055
v 4.481410 28.013206 -0.289571
v 4.678095 27.807728 -0.370067
v 4.744987 27.807728 -0.213785
v 4.767074 27.976015 -0.223239
v 4.700183 27.976015 -0.379521
v 4.894373 27.777880 -0.459037
v 4.958592 27.777882 -0.308804
v 4.975719 27.939877 -0.316142
v 4.911500 27.939873 -0.466375
v 3.919039 26.590368 -0.211192
v 3.981355 26.586557 -0.025386
v 3.966590 26.781933 -0.017608
v 3.903297 26.781528 -0.203143
v 3.612606 26.529018 -0.176907
v 3.637567 26.470259 0.178333
v 3.645378 26.814053 0.186625
v 3.605039 26.776325 -0.164912
v 6.399716 25.190332 1.134399
v 6.382269 25.190044 1.270223
v 6.412853 25.323214 1.274238
v 6.430300 25.323498 1.138413
v 6.587279 25.147057 1.163213
v 6.572884 25.146564 1.285472
v 6.604102 25.265572 1.289625
v 6.618498 25.266062 1.167366
v 6.737151 25.112585 1.186220
v 6.724032 25.112141 1.297634
v 6.752481 25.220592 1.301419
v 6.765600 25.221037 1.190004
v 6.870426 25.081934 1.206679
v 6.858443 25.081526 1.308450
v 6.884430 25.180590 1.311906
v 6.896414 25.180994 1.210136
v 6.992914 25.053759 1.225482
v 6.981974 25.053391 1.318389
v 7.005698 25.143822 1.321545
v 7.016638 25.144197 1.228638
v 7.107532 25.027399 1.243078
v 7.097569 25.027056 1.327691
v 7.119175 25.109423 1.330565
v 7.129138 25.109758 1.245952
v 7.216032 25.002443 1.259734
v 7.206993 25.002132 1.336496
v 7.226594 25.076857 1.339103
v 7.235633 25.077162 1.262341
v 7.319572 24.978626 1.275628
v 7.311415 24.978350 1.344898
v 7.329103 25.045778 1.347251
v 7.337260 25.046055 1.277981
v 7.418972 24.955765 1.290887
v 7.411661 24.955517 1.352964
v 7.427514 25.015945 1.355073
v 7.434823 25.016191 1.292996
v 5.245250 23.479542 -0.575644
v 5.233805 23.482695 -0.419596
v 5.220598 23.638758 -0.424276
v 5.232043 23.635605 -0.580324
v 5.024392 23.454878 -0.598771
v 5.008009 23.457836 -0.442769
v 4.991293 23.613762 -0.447481
v 5.007676 23.610800 -0.603483
v 4.799309 23.430048 -0.621936
v 4.782927 23.433008 -0.465934
v 4.766211 23.588928 -0.470647
v 4.782594 23.585974 -0.626649
v 4.574228 23.405216 -0.645102
v 4.557845 23.408176 -0.489100
v 4.541129 23.564100 -0.493812
v 4.557511 23.561142 -0.649814
v 4.349145 23.380388 -0.668268
v 4.332763 23.383343 -0.512266
v 4.316046 23.539268 -0.516978
v 4.332429 23.536308 -0.672980
v 4.124063 23.355555 -0.691433
v 4.107681 23.358515 -0.535431
v 4.090965 23.514439 -0.540143
v 4.107347 23.511480 -0.696146
v 3.892422 23.330444 -0.714015
v 3.885995 23.333830 -0.558900
v 3.872442 23.489889 -0.563894
v 3.878870 23.486504 -0.719009
v 7.034398 23.275711 -0.945017
v 7.049710 23.276148 -0.890302
v 7.058756 23.332159 -0.893276
v 7.043445 23.331728 -0.947991
v 6.988830 23.282234 -0.933787
v 7.004906 23.282686 -0.876345
v 7.014403 23.341494 -0.879467
v 6.998328 23.341038 -0.936909
v 6.915731 23.292688 -0.915771
v 6.933031 23.293179 -0.853954
v 6.943252 23.356464 -0.857314
v 6.925952 23.355976 -0.919131
v 6.816182 23.306931 -0.891238
v 6.835149 23.307467 -0.823462
v 6.846355 23.376852 -0.827146
v 6.827388 23.376318 -0.894921
v 6.690864 23.324862 -0.860353
v 6.711930 23.325455 -0.785077
v 6.724377 23.402521 -0.789168
v 6.703310 23.401922 -0.864445
v 6.540284 23.346403 -0.823243
v 6.563872 23.347069 -0.738954
v 6.577809 23.433359 -0.743535
v 6.554220 23.432693 -0.827824
v 6.364841 23.371500 -0.780005
v 6.391369 23.372252 -0.685216
v 6.407041 23.469292 -0.690368
v 6.380515 23.468544 -0.785157
v 6.164871 23.400114 -0.730722
v 6.194747 23.400953 -0.623964
v 6.212399 23.510250 -0.629767
v 6.182523 23.509403 -0.736525
v 5.940655 23.432188 -0.675465
v 5.974288 23.433138 -0.555286
v 5.994158 23.556170 -0.561819
v 5.960525 23.555223 -0.681997
v 5.696580 23.467281 -0.615033
v 5.729531 23.468836 -0.479133
v 5.748417 23.607430 -0.485857
v 5.715467 23.605871 -0.621757
v 3.224245 21.622501 0.437860
v 3.184160 21.621769 0.589537
v 3.170293 21.776884 0.586717
v 3.210377 21.777615 0.435040
v 3.436196 21.653646 0.493547
v 3.396450 21.652908 0.645315
v 3.374470 21.808172 0.640313
v 3.414217 21.808908 0.488545
v 3.644261 21.684862 0.548189
v 3.604515 21.684126 0.699956
v 3.582535 21.839384 0.694955
v 3.622281 21.840122 0.543187
v 3.852326 21.716078 0.602830
v 3.812580 21.715342 0.754598
v 3.790600 21.870604 0.749597
v 3.830346 21.871340 0.597829
v 4.060391 21.747295 0.657472
v 4.020644 21.746555 0.809240
v 3.998664 21.901817 0.804238
v 4.038411 21.902555 0.652470
v 4.268456 21.778509 0.712114
v 4.228709 21.777773 0.863881
v 4.206729 21.933033 0.858880
v 4.246476 21.933769 0.707112
v 4.476520 21.809727 0.766755
v 4.436774 21.808989 0.918523
v 4.414794 21.964251 0.913521
v 4.454541 21.964989 0.761754
v 4.684586 21.840939 0.821397
v 4.644838 21.840206 0.973165
v 4.622859 21.995464 0.968163
v 4.662605 21.996202 0.816395
v 4.893679 21.872301 0.876370
v 4.851278 21.871193 1.027284
v 4.829894 22.026537 1.022474
v 4.872296 22.027643 0.871560
v 5.375879 21.942282 1.081406
v 5.316439 21.938448 1.204615
v 5.302804 22.074718 1.202335
v 5.362244 22.078548 1.079126
v 5.560762 21.968494 1.183904
v 5.505044 21.964785 1.293615
v 5.493305 22.087315 1.291795
v 5.549024 22.091024 1.182084
v 5.705546 21.989044 1.264256
v 5.654771 21.985664 1.364235
v 5.644073 22.097326 1.362577
v 5.694849 22.100706 1.262598
v 5.834299 22.007320 1.335711
v 5.787918 22.004230 1.427036
v 5.778146 22.106228 1.425521
v 5.824527 22.109318 1.334196
v 5.952628 22.024115 1.401381
v 5.910286 22.021296 1.484753
v 5.901366 22.114407 1.483370
v 5.943708 22.117228 1.399999
v 6.063356 22.039829 1.462833
v 6.024795 22.037262 1.538762
v 6.016671 22.122063 1.537503
v 6.055232 22.124632 1.461574
v 6.168173 22.054707 1.521004
v 6.133190 22.052378 1.589888
v 6.125819 22.129311 1.588745
v 6.160803 22.131639 1.519862
v 6.268198 22.068903 1.576517
v 6.236629 22.066801 1.638677
v 6.229978 22.136227 1.637646
v 6.261547 22.138327 1.575486
v 6.364224 22.082531 1.629809
v 6.335933 22.080648 1.685515
v 6.329972 22.142862 1.684591
v 6.358264 22.144745 1.628885
v 4.981001 20.462109 -0.192591
v 4.978745 20.463604 -0.136202
v 4.979610 20.520029 -0.137662
v 4.981866 20.518538 -0.194050
v 4.940677 20.461630 -0.195221
v 4.938339 20.463177 -0.136778
v 4.939235 20.521662 -0.138290
v 4.941573 20.520113 -0.196734
v 4.875990 20.460861 -0.199440
v 4.873520 20.462494 -0.137701
v 4.874467 20.524279 -0.139298
v 4.876937 20.522644 -0.201038
v 4.787897 20.459814 -0.205186
v 4.785247 20.461569 -0.138957
v 4.786263 20.527840 -0.140671
v 4.788912 20.526091 -0.206900
v 4.677001 20.458496 -0.212420
v 4.674125 20.460396 -0.140539
v 4.675226 20.532326 -0.142399
v 4.678102 20.530424 -0.214280
v 4.543748 20.456909 -0.221111
v 4.540601 20.458992 -0.142440
v 4.541806 20.537718 -0.144476
v 4.544953 20.535637 -0.223147
v 4.388495 20.455063 -0.231237
v 4.385032 20.457355 -0.144655
v 4.386358 20.543997 -0.146896
v 4.389822 20.541708 -0.233478
v 4.211535 20.452957 -0.242779
v 4.207712 20.455484 -0.147180
v 4.209177 20.551151 -0.149654
v 4.213000 20.548622 -0.245253
v 4.013122 20.450600 -0.255721
v 4.008893 20.453396 -0.150010
v 4.010513 20.559177 -0.152746
v 4.014741 20.556381 -0.258456
v 3.793471 20.447983 -0.270047
v 3.788795 20.451078 -0.153144
v 3.790586 20.568062 -0.156169
v 3.795262 20.564970 -0.273072
v 3.552776 20.445122 -0.285747
v 3.547609 20.448542 -0.156578
v 3.549588 20.577801 -0.159920
v 3.554755 20.574381 -0.289089
v 3.287513 20.442135 -0.302492
v 3.288349 20.445686 -0.160552
v 3.291392 20.588251 -0.164312
v 3.290555 20.584705 -0.306252
v 3.438313 28.242403 -0.076152
v 3.662179 28.221378 -0.068403
v 3.634672 28.316355 0.029425
v 3.384661 28.363544 0.017516
v 2.065172 23.701982 -0.336520
v 2.292487 23.666031 -0.466422
v 2.311736 23.384991 -0.435357
v 2.076681 23.413868 -0.306726
v 3.233455 28.298193 0.280521
v 3.271386 28.296635 0.073981
v 3.186082 28.116671 0.059159
v 3.148020 28.116514 0.256840
v 2.804450 21.910772 0.300797
v 2.758343 21.899038 0.502237
v 2.680811 21.715490 0.491940
v 2.727958 21.723392 0.284202
v 3.300880 27.979065 0.076279
v 2.963840 21.524263 -5.079278
v 3.414537 27.958553 -0.011460
v 3.333494 28.104990 -0.002770
v 3.397245 28.090736 -0.059721
v 3.385819 28.183527 -0.041554
v 3.446061 28.171455 -0.108369
v 1.378183 20.517242 -0.174502
v 3.613597 28.074226 -0.100604
v 3.721495 28.018915 -0.043765
v 3.578553 27.974375 -0.035971
v 3.612645 27.859631 0.065356
v 2.990486 21.549898 -5.077718
v 3.453220 27.792685 0.048238
v 3.276412 27.991652 0.311197
v 2.964895 21.576591 -5.079216
v 3.277252 27.843523 0.212679
v 3.248074 28.034994 0.178769
v 3.606656 27.758984 0.209466
v 3.445099 27.823298 0.397790
v 1.152996 20.629791 0.113224
v 2.938248 21.550953 -5.080776
v 3.332010 28.187840 0.045102
v 3.391672 28.260265 0.008975
v 0.890302 23.218987 -3.753865
v 3.521157 28.304281 0.066087
v 3.548416 28.287994 -0.037014
v 3.708371 28.213125 -0.004817
v 3.713119 28.212793 0.161218
v 3.793804 28.152601 0.072649
v 0.914758 23.245514 -3.760915
v 3.820448 28.015593 0.231073
v 3.765343 27.892000 0.108616
v 0.888999 23.270956 -3.754545
v 3.696763 27.893009 0.266447
v 0.864542 23.244429 -3.747495
v 3.367034 28.003571 0.433275
v 2.059505 24.598097 -4.973775
v 3.345817 28.183872 0.471813
v 3.283557 28.149828 0.346881
v 3.398622 28.303728 0.219753
v 3.482705 28.327631 0.379544
v 2.086943 24.620888 -4.982679
v 3.602778 28.283741 0.245263
v 2.062725 24.644285 -4.997425
v 3.635620 28.227364 0.439590
v 3.707624 28.112856 0.329016
v 2.035287 24.621494 -4.988522
v 3.603221 27.966429 0.405223
v 3.496641 28.078625 0.526981
v 1.328438 20.774168 -0.020672
v 1.324833 20.412712 0.067450
v 1.381873 20.233637 0.205520
v 1.205529 20.383619 0.303870
v 1.312046 20.577641 0.622109
v 1.710999 22.483215 0.170499
v 1.231857 20.881487 0.378239
v 1.526310 20.922565 -0.073566
v 1.406787 20.967669 0.145536
v 3.499079 29.156395 3.766323
v 1.893000 20.509241 -0.393175
v 1.644186 22.233978 0.423949
v 1.628726 20.763723 -0.318198
v 1.720615 20.275999 -0.254246
v 3.473084 29.182074 3.762294
v 3.499079 29.207758 3.758266
v 1.851223 20.144114 -0.048612
v 2.098552 20.063211 0.365174
v 1.909971 22.299166 0.606983
v 1.703222 20.136621 0.607516
v 3.525074 29.182076 3.762295
v 1.658267 20.337490 0.717823
v 1.792133 20.468189 0.928789
v 3.836745 30.422915 -1.695055
v 1.592597 20.736498 0.768434
v 1.824329 20.891804 0.770342
v 1.541652 20.954153 0.599294
v 1.634918 21.169842 0.361853
v 1.966625 20.872828 -0.212766
v 1.850137 21.109661 -0.053265
v 2.071542 21.100079 0.607225
v 2.287546 21.065502 0.169288
v 1.765550 21.969234 0.444736
v 2.244559 20.875563 -0.094986
v 2.117833 20.713100 -0.261962
v 2.355042 20.548546 -0.211410
v 3.860608 30.428120 -1.667096
v 2.067825 20.373388 -0.221915
v 2.201201 20.258354 -0.034730
v 2.464942 20.335392 0.003732
v 2.308505 20.239044 0.185385
v 2.353311 20.324606 0.454402
v 3.833329 30.442625 -1.646514
v 2.074633 20.187885 0.602621
v 2.011204 20.225016 0.822799
v 2.347448 20.443020 0.739220
v 2.105949 20.706291 0.892777
v 3.809466 30.437424 -1.674473
v 4.157850 28.750031 -3.548323
v 2.288493 20.842821 0.623502
v 2.414385 20.864836 0.339662
v 4.182809 28.777189 -3.546826
v 2.494165 20.778727 0.026538
v 2.560908 20.533346 0.259600
v 1.990236 22.005400 0.705603
v 2.433478 20.681507 0.510030
v 4.155643 28.802177 -3.547206
v 2.420024 23.924849 -0.206893
v 1.687066 22.236799 -0.121466
v 1.590445 22.031357 0.165377
v 1.750229 21.881580 0.001907
v 4.130685 28.775021 -3.548703
v 1.795990 21.704081 0.300943
v 2.163224 21.961756 0.888934
v 2.127268 21.810310 0.731499
v 2.047191 21.603050 -0.081440
v 2.215013 23.976105 -0.094029
v 2.380596 21.548441 0.147451
v 2.196134 21.619267 0.570669
v 3.172734 27.378853 4.505045
v 3.146782 27.403858 4.498099
v 2.390648 22.228220 0.830699
v 2.549725 22.314203 0.604129
v 3.172734 27.428862 4.491152
v 2.334768 22.601278 0.538018
v 2.120670 22.413084 0.651666
v 1.902425 22.509542 0.431291
v 2.010237 22.695154 0.209182
v 3.198687 27.403856 4.498099
v 1.906973 22.525181 -0.043872
v 2.107726 22.464346 -0.248584
v 1.923685 22.345551 -0.251137
v 2.520045 23.218918 6.212490
v 2.051916 22.093882 -0.463090
v 1.850074 21.986055 -0.225807
v 1.959039 21.804192 -0.198532
v 2.493875 23.245075 6.213112
v 2.472734 21.704523 0.543446
v 2.383277 21.757816 0.783627
v 2.634819 21.964748 0.761262
v 2.274829 21.806894 -0.407315
v 2.358413 21.707191 -0.141645
v 2.568057 21.807396 -0.034132
v 2.520044 23.271238 6.213735
v 2.537737 21.691477 0.286293
v 2.608387 21.732924 0.425679
v 2.656025 21.904381 0.617745
v 2.660723 22.087517 0.630812
v 2.710403 22.076172 0.425741
v 2.546213 23.245077 6.213112
v 2.646604 22.285204 0.313132
v 2.846390 25.161007 6.045955
v 2.590983 22.565893 0.170233
v 2.313144 22.639540 -0.115890
v 2.238559 23.837147 -0.269116
v 2.509892 22.402292 -0.148394
v 2.820220 25.186914 6.049656
v 2.352408 22.306194 -0.439771
v 2.582760 22.004778 -0.348288
v 1.951206 23.677412 -0.238393
v 2.674758 21.922735 0.140274
v 2.846389 25.212824 6.053357
v 2.633012 22.161947 -0.037158
v 2.872558 25.186914 6.049655
v 2.630590 24.117737 -0.088379
v 2.795836 21.939676 0.404038
v 2.811238 23.892941 -0.112788
v 2.635576 23.738144 -0.284405
v 2.710835 21.805426 0.535449
v 2.485646 23.556036 -0.345084
v 2.257059 23.371700 -0.248627
v 2.362996 24.962770 0.062832
v 1.888221 23.477242 0.015268
v 2.689945 21.684671 0.385550
v 2.124571 23.328018 -0.073953
v 2.774946 21.818922 0.254139
v 1.883816 23.732101 0.289604
v 1.966786 23.947430 0.023202
v 2.714655 21.948347 0.514556
v 2.611899 24.114271 0.520393
v 2.894201 24.055145 0.184273
v 2.420020 25.070494 -0.191850
v 2.324999 24.175953 0.173517
v 2.164536 24.014416 0.334346
v 2.957795 23.791695 0.222482
v 2.745796 21.977627 0.275969
v 3.015870 23.746309 -0.121281
v 3.074956 23.540474 0.084871
v 2.928727 23.320343 -0.156171
v 2.249259 25.207176 0.067346
v 2.846824 23.531820 -0.330693
v 2.675801 23.391386 -0.269704
v 2.630870 21.757627 0.527080
v 2.544945 23.267023 -0.171087
v 2.362714 23.124315 -0.082244
v 2.099615 23.180874 0.186334
v 2.039909 23.377409 0.335323
v 2.236867 23.355497 0.582846
v 2.078891 23.521145 0.504790
v 2.227688 23.687450 0.744200
v 2.671908 21.763994 0.269664
v 2.130255 23.876726 0.501311
v 3.268428 28.331316 0.180861
v 2.344036 23.994804 0.575271
v 2.518864 23.905748 0.784893
v 3.235858 28.206520 0.028674
v 2.728786 23.890522 0.648549
v 2.752537 23.704437 0.797190
v 2.842118 23.711283 0.553396
v 3.151044 28.082691 0.154390
v 2.871868 23.426254 0.361012
v 2.795055 23.251049 0.052949
v 3.183613 28.207485 0.306577
v 2.673364 23.076283 0.248025
v 2.399019 23.131582 0.521097
v 3.341508 28.272121 0.097172
v 2.410093 25.319263 -0.062227
v 2.495021 23.433350 0.775537
v 2.654912 23.290087 0.535430
v 2.442882 24.700272 0.217614
v 3.303729 28.269026 0.302468
v 2.412457 24.860342 0.483082
v 2.243363 24.988461 0.314071
v 2.324641 25.203535 0.581064
v 2.911041 26.302042 -0.152593
v 2.341159 25.450560 0.300571
v 2.597086 25.436771 -0.111543
v 2.492471 25.489346 0.070840
v 2.538350 25.492273 0.487714
v 3.252215 28.099791 0.081454
v 2.654215 25.656471 0.251301
v 2.879128 25.090109 -0.344669
v 2.763429 26.499691 -0.074363
v 2.657617 25.307659 -0.314145
v 2.720376 24.835447 -0.236275
v 3.219558 28.095207 0.265571
v 2.197092 23.346071 -0.365336
v 2.779174 24.643963 -0.045079
v 2.860479 26.673872 -0.385082
v 2.027579 23.564003 -0.297385
v 2.589309 24.807245 0.667279
v 2.743567 24.609091 0.554883
v 2.460739 24.976202 0.677739
v 3.030108 24.574924 0.283408
v 2.578045 25.114439 0.880883
v 2.175946 23.737364 -0.407176
v 2.515155 25.334499 0.678925
v 2.698153 25.445965 0.675397
v 2.965484 25.315269 -0.169499
v 2.913107 25.581161 -0.051594
v 2.623302 26.735918 0.093720
v 2.856734 25.327797 0.897235
v 2.345459 23.519432 -0.475127
v 3.081665 25.304968 0.717034
v 2.956381 25.571445 0.562380
v 3.250266 25.525137 0.250958
v 2.088617 23.459494 -0.248950
v 3.233976 25.204266 0.020334
v 3.049464 24.955973 -0.100632
v 3.109921 24.786488 0.108357
v 2.364041 23.408665 -0.359795
v 3.157939 24.925638 0.712542
v 2.993615 24.763630 0.683879
v 3.149259 24.777374 0.528559
v 2.820688 24.842655 0.878617
v 3.339555 24.898237 0.379124
v 3.084039 25.083157 0.903797
v 2.089981 23.752924 -0.265707
v 3.369766 25.388397 0.350489
v 3.310843 25.361254 0.144169
v 3.425765 25.183750 0.174743
v 2.341235 23.696873 -0.380818
v 3.290240 25.154346 0.630520
v 2.835752 26.878376 -0.072210
v 4.029704 27.383125 -6.114853
v 2.808965 26.142481 0.167940
v 2.747930 26.372215 0.291560
v 2.604698 26.535074 0.418220
v 2.673140 26.742998 0.606786
v 2.697389 26.943995 0.395970
v 1.844705 21.902008 3.472532
v 3.044034 27.002815 -0.129958
v 3.534288 28.222502 -0.081786
v 3.395530 28.293587 -0.038826
v 2.890522 27.004036 0.271500
v 3.047701 27.145277 0.164351
v 3.371928 26.648081 -0.471419
v 3.102656 26.397779 -0.444554
v 1.865231 21.874300 3.485472
v 3.150079 26.904896 -0.414793
v 3.656070 28.248241 0.005890
v 3.310232 26.301937 -0.203005
v 3.393569 28.326698 0.053994
v 3.076932 26.097389 -0.083307
v 3.322610 26.061150 0.274832
v 3.054912 26.100519 0.529093
v 0.139172 19.623810 -3.019145
v 3.443985 28.250988 -0.032272
v 2.912014 26.348982 0.616364
v 2.794994 26.545477 0.655753
v 2.926924 26.682419 0.862329
v 2.850827 26.857134 0.635206
v 3.254317 27.111238 0.485982
v 3.484220 27.076292 0.268045
v 0.159228 19.648447 -3.040754
v 3.275271 27.108532 -0.050448
v 3.385262 26.941238 -0.173104
v 3.031324 26.981667 0.582075
v 3.196057 26.901838 0.816814
v 4.056687 27.407578 -6.107625
v 3.388639 26.964746 0.549899
v 4.033068 27.435513 -6.113952
v 3.479182 26.794779 -0.243401
v 3.597347 26.654711 -0.217164
v 4.006084 27.411058 -6.121179
v 3.470826 26.488203 -0.260020
v 0.102158 -1.092518 -0.379355
v 3.637784 26.458178 -0.044315
v 3.472338 26.304480 0.108842
v 0.292765 -1.110165 -0.046083
v 3.497721 26.453480 0.464754
v 3.294613 26.271711 0.576707
v 3.149131 26.416105 0.850622
v 3.427592 26.653316 0.783776
v 0.144562 19.677851 -3.020844
v 0.625634 -1.127811 -0.237394
v 3.534554 26.927074 0.123974
v 3.635517 26.836378 -0.028617
v 0.435026 -1.110165 -0.570666
v 3.674718 26.648464 0.254969
v 3.522338 26.817926 0.459184
v 0.124505 19.653217 -2.999235
v 1.819481 21.877857 3.460825
v 1.840007 21.850145 3.473765
v 1.179870 19.851736 3.150612
v 1.164081 19.883846 3.141546
v 1.142046 19.866280 3.117703
v 1.157835 19.834171 3.126770
v 0.742111 30.056114 -0.186756
v 0.764199 30.075825 -0.209680
v 0.752040 30.055628 -0.238768
v 0.729953 30.035913 -0.215845
v -0.177481 27.863749 1.707086
v -0.184818 27.892853 1.686947
v -0.205615 27.872667 1.665351
v -0.198278 27.843565 1.685490
v -1.756191 26.124912 0.809375
v -1.760052 26.150978 0.783020
v -1.761734 26.124384 0.756968
v -1.757873 26.098320 0.783323
v -0.582934 24.176384 -0.781845
v -0.572239 24.201433 -0.806087
v -0.581758 24.179136 -0.833323
v -0.592453 24.154091 -0.809082
v -0.746088 22.494305 -0.330220
v -0.736266 22.521408 -0.355616
v -0.719263 22.494772 -0.377470
v -0.729086 22.467667 -0.352074
v -1.091327 20.972918 0.252911
v -1.082254 20.997250 0.227765
v -1.084388 20.971704 0.202283
v -1.093461 20.947374 0.227428
v 6.970936 28.246872 -1.880373
v 6.987391 28.275347 -1.862472
v 7.012378 28.251659 -1.847759
v 6.995922 28.223185 -1.865661
v 6.657835 26.818417 0.846113
v 6.637568 26.841936 0.865228
v 6.632055 26.816467 0.890730
v 6.652322 26.792940 0.871616
v 7.503600 24.965368 1.305928
v 7.507187 24.990643 1.332884
v 7.497461 24.965160 1.358069
v 7.493874 24.939888 1.331113
v 7.057692 23.300573 -0.948707
v 7.068623 23.325901 -0.925489
v 7.071434 23.300961 -0.899602
v 7.060503 23.275631 -0.922820
v 6.435569 22.121408 1.672970
v 6.421184 22.146746 1.695976
v 6.411807 22.119827 1.719759
v 6.426191 22.094490 1.696753
v 4.997464 20.490166 -0.189906
v 4.996837 20.516289 -0.165133
v 4.995429 20.491512 -0.139043
v 4.996056 20.465389 -0.163816
v 0.732671 -0.763377 -0.500925
v 0.803457 -0.286320 -0.189171
v 0.584864 -0.763377 0.044108
v 0.312318 -0.260284 0.093104
v 0.040981 -0.726709 -0.103387
v 0.031081 -0.234247 -0.398630
v 0.188787 -0.726709 -0.648420
v 0.522220 -0.260284 -0.680905
v 0.800067 0.197165 -0.488612
v 0.852216 0.633504 -0.175947
v 0.649247 0.197165 0.067532
v 0.372483 0.658935 0.099772
v 0.094277 0.234581 -0.082970
v 0.097777 0.684367 -0.380543
v 0.245097 0.234581 -0.639114
v 0.577511 0.658935 -0.656262
v 0.846745 1.065561 -0.469328
v 0.896622 1.471195 -0.163905
v 0.699272 1.065561 0.074473
v 0.427276 1.496077 0.105845
v 0.156619 1.102146 -0.072689
v 0.158518 1.520958 -0.364071
v 0.304092 1.102146 -0.616489
v 0.627864 1.496077 -0.633821
v 0.890549 1.880493 -0.451231
v 0.938867 2.268117 -0.152449
v 0.746218 1.880493 0.080986
v 0.479402 2.292474 0.111622
v 0.215123 1.916299 -0.063041
v 0.216302 2.316832 -0.348400
v 0.359455 1.916299 -0.595258
v 0.675767 2.292475 -0.612471
v 0.932559 2.662062 -0.433875
v 0.979614 3.036778 -0.141399
v 0.791241 2.662063 0.087233
v 0.529679 3.060631 0.117194
v 0.271232 2.697121 -0.053788
v 0.272037 3.084483 -0.333286
v 0.412551 2.697121 -0.574896
v 0.721972 3.060630 -0.591879
v 0.973255 3.419159 -0.417063
v 1.019217 3.783867 -0.130659
v 0.834854 3.419159 0.093284
v 0.578546 3.807228 0.122610
v 0.325584 3.453494 -0.044824
v 0.326208 3.830589 -0.318595
v 0.463985 3.453494 -0.555171
v 0.766879 3.807228 -0.571864
v 1.012915 4.156998 -0.400678
v 1.057898 4.513571 -0.120169
v 0.877358 4.156998 0.099181
v 0.626275 4.536453 0.127900
v 0.378554 4.190627 -0.036089
v 0.379118 4.559335 -0.304246
v 0.514110 4.190627 -0.535948
v 0.810742 4.536453 -0.552315
v 1.051724 4.879014 -0.384645
v 1.095811 5.228761 -0.109888
v 0.918951 4.879014 0.104952
v 0.673055 5.251172 0.133085
v 0.430388 4.911952 -0.027541
v 0.430976 5.273584 -0.290183
v 0.563161 4.911952 -0.517138
v 0.853732 5.251172 -0.533155
v 1.089813 5.587636 -0.368909
v 1.133064 5.931521 -0.099785
v 0.959772 5.587636 0.110615
v 0.719022 5.953470 0.138179
v 0.481260 5.619897 -0.019152
v 0.481933 5.975420 -0.276364
v 0.611301 5.619898 -0.498676
v 0.895975 5.953470 -0.514328
v 1.127280 6.284674 -0.353430
v 1.169742 6.623434 -0.089838
v 0.999926 6.284674 0.116186
v 0.764280 6.644929 0.143195
v 0.531300 6.316268 -0.010900
v 0.532103 6.666424 -0.262759
v 0.658655 6.316268 -0.480516
v 0.937566 6.644929 -0.495792
v 1.164199 6.971522 -0.338178
v 1.205911 7.305741 -0.080030
v 1.039493 6.971522 0.121676
v 0.808909 7.326787 0.148141
v 0.580609 7.002460 -0.002768
v 0.581577 7.347834 -0.249342
v 0.705316 7.002460 -0.462622
v 0.978579 7.326787 -0.477513
v 1.200631 7.649292 -0.323127
v 1.241624 7.979441 -0.070345
v 1.078536 7.649292 0.127093
v 0.852975 8.000044 0.153025
v 0.629267 7.679581 0.005256
v 0.630426 8.020647 -0.236095
v 0.751361 7.679581 -0.444964
v 1.019075 8.000044 -0.459465
v 1.236622 8.318884 -0.308258
v 1.276924 8.645351 -0.060772
v 1.117109 8.318885 0.132445
v 0.896532 8.665517 0.157853
v 0.677337 8.348534 0.013183
v 0.678711 8.685682 -0.223000
v 0.796850 8.348534 -0.427519
v 1.059103 8.665516 -0.441625
v 1.272218 8.981105 -0.293552
v 1.311854 9.304266 -0.051299
v 1.155251 8.981003 0.137736
v 0.939590 9.323325 0.162616
v 0.724870 9.009998 0.021021
v 0.726474 9.343508 -0.210048
v 0.841837 9.010100 -0.410267
v 1.098738 9.324449 -0.423963
v 1.307473 9.635885 -0.278870
v 1.346107 9.940705 -0.039851
v 1.192805 9.633329 0.143341
v 0.979682 9.956060 0.170511
v 0.771397 9.661229 0.029056
v 0.770158 9.978182 -0.196052
v 0.886065 9.663785 -0.393154
v 1.136583 9.962827 -0.406414
v 1.341193 10.240436 -0.262027
v 1.379415 10.519321 -0.019736
v 1.226839 10.233125 0.157883
v 1.010479 10.531352 0.191853
v 0.807542 10.259932 0.044160
v 0.799757 10.555900 -0.176960
v 0.921896 10.267242 -0.375750
v 1.168693 10.543869 -0.388549
v 1.375489 10.831282 -0.241781
v 1.415628 11.137055 0.004659
v 1.259648 10.821400 0.183008
v 1.041824 11.148560 0.218995
v 0.835373 10.848029 0.067926
v 0.828369 11.173883 -0.154631
v 0.951214 10.857910 -0.356862
v 1.202172 11.162378 -0.368967
v 1.412737 11.471790 -0.219647
v 1.454092 11.793198 0.030571
v 1.295329 11.461672 0.210866
v 1.075158 11.804859 0.247849
v 0.865331 11.488640 0.094232
v 0.858772 11.830532 -0.130906
v 0.982740 11.498757 -0.336281
v 1.237707 11.818871 -0.348184
v 1.451636 12.140665 -0.196533
v 1.493917 12.472548 0.057400
v 1.332595 12.130407 0.239963
v 1.109670 12.484376 0.277724
v 0.896623 12.157747 0.121708
v 0.890251 12.510407 -0.106341
v 1.015663 12.168009 -0.314788
v 1.274498 12.498580 -0.326666
v 1.491689 12.829404 -0.172732
v 1.534765 13.169337 0.084917
v 1.370969 12.819001 0.269924
v 1.145069 13.181331 0.308366
v 0.928843 12.846728 0.150000
v 0.922538 13.207732 -0.081146
v 1.049563 12.857132 -0.292656
v 1.312234 13.195738 -0.304595
v 1.532648 13.533722 -0.148393
v 1.576438 13.880225 0.112991
v 1.410210 13.523170 0.300562
v 1.181183 13.892390 0.339628
v 0.961792 13.551291 0.178932
v 0.955478 13.919168 -0.055441
v 1.084231 13.561845 -0.270023
v 1.350733 13.907003 -0.282078
v 1.574358 14.250939 -0.123608
v 1.618810 14.603009 0.141535
v 1.450170 14.240235 0.331762
v 1.217902 14.615348 0.371413
v 0.995345 14.268759 0.208393
v 0.988969 14.642509 -0.029306
v 1.119533 14.279463 -0.246976
v 1.389877 14.630170 -0.259183
v 1.616709 14.979203 -0.098441
v 1.661786 15.336110 0.170486
v 1.490746 14.968348 0.363442
v 1.255145 15.348626 0.403651
v 1.029415 14.997280 0.238309
v 1.022938 15.376175 -0.002797
v 1.155379 15.008137 -0.223575
v 1.429579 15.363659 -0.235962
v 1.659625 15.717154 -0.072940
v 1.705297 16.078339 0.199798
v 1.531861 15.706144 0.395544
v 1.292852 16.091034 0.436291
v 1.063938 15.735488 0.268622
v 1.057330 16.118975 0.024041
v 1.191702 15.746501 -0.199861
v 1.469776 16.106281 -0.212452
v 1.703042 16.463745 -0.047140
v 1.749289 16.828764 0.229433
v 1.573457 16.452572 0.428021
v 1.330975 16.841640 0.469292
v 1.098865 16.482338 0.299291
v 1.092102 16.869978 0.051176
v 1.228450 16.493505 -0.175871
v 1.510416 16.857105 -0.188683
v 1.746913 17.218134 -0.021071
v 1.793717 17.586636 0.259363
v 1.615488 17.206804 0.460838
v 1.369476 17.599689 0.502619
v 1.134157 17.236994 0.330279
v 1.127219 17.628433 0.078580
v 1.265582 17.248320 -0.151629
v 1.551460 17.615376 -0.164677
v 1.791154 17.979162 0.005223
v 1.838092 18.346483 0.289345
v 1.657879 17.967762 0.493946
v 1.408369 18.365049 0.536269
v 1.169827 17.999258 0.361582
v 1.163105 18.398569 0.106447
v 1.303102 18.010656 -0.127141
v 1.592829 18.379999 -0.140477
v 1.835980 18.730047 0.031436
v 1.890787 19.048761 0.318914
v 1.701114 18.720570 0.526826
v 1.460009 19.093842 0.569360
v 1.208541 18.773586 0.393639
v 1.214868 19.149298 0.136618
v 1.343407 18.783064 -0.101751
v 1.645646 19.104218 -0.113827
v 3.463332 27.248840 0.075428
v 3.546427 27.428474 0.227841
v 3.450712 27.255676 0.383171
v 3.360254 27.469437 0.416472
v 3.165730 27.305490 0.368989
v 3.179160 27.507225 0.222495
v 3.181502 27.308666 0.064483
v 3.365333 27.466263 0.033864
v 3.525142 27.614857 0.100833
v 3.530349 27.626122 0.350052
v 3.281777 27.679756 0.351080
v 3.286358 27.675188 0.093725
v 1.907996 19.349035 0.062328
v 1.976685 19.585245 0.344593
v 1.774000 19.343367 0.555653
v 1.560936 19.657803 0.588058
v 1.287891 19.436510 0.425559
v 1.322618 19.733961 0.175268
v 1.421443 19.441626 -0.068183
v 1.738367 19.661404 -0.068198
v 2.001423 19.870836 0.106773
v 1.871824 19.860922 0.551651
v 1.403330 19.993176 0.450490
v 1.519781 19.983459 -0.015244
v 2.167287 21.325722 -0.000679
v 2.297748 21.332157 0.411936
v 1.891214 21.423790 0.540422
v 1.772283 21.412312 0.101664
v 2.536755 22.852119 0.014395
v 2.546856 22.830618 0.416678
v 2.161107 22.918646 0.418666
v 2.155473 22.920025 0.008185
v 2.863852 24.339859 0.054414
v 2.870123 24.318541 0.434743
v 2.488819 24.408237 0.411834
v 2.494256 24.429192 -0.001422
v 3.197352 25.800920 0.052408
v 3.190455 25.783442 0.438875
v 2.824341 25.881187 0.420900
v 2.827250 25.873415 0.039230
v 2.935404 26.513964 -0.677430
v 3.082752 26.475918 -0.948999
v 3.258119 26.506720 -0.710131
v 3.295707 26.683418 -0.949952
v 3.267572 26.822336 -0.687469
v 3.089099 26.894148 -0.917111
v 2.951161 26.831491 -0.655859
v 2.876145 26.686646 -0.916158
v 2.922476 26.554045 -1.148619
v 3.055556 26.523458 -1.353506
v 3.216818 26.553761 -1.170696
v 3.249090 26.715799 -1.352647
v 3.218792 26.847784 -1.147649
v 3.057799 26.908144 -1.323257
v 2.924640 26.848087 -1.125607
v 2.864265 26.715801 -1.324116
v 2.909910 26.597183 -1.517357
v 3.029814 26.570292 -1.700733
v 3.175448 26.597183 -1.537044
v 3.203967 26.743372 -1.699960
v 3.176995 26.862627 -1.516172
v 3.031832 26.916452 -1.673514
v 2.911458 26.862625 -1.496485
v 2.857678 26.743372 -1.674286
v 2.898643 26.637020 -1.851414
v 3.006054 26.613516 -2.021203
v 3.137330 26.637020 -1.869110
v 3.162322 26.768822 -2.020510
v 3.138721 26.875620 -1.850349
v 3.007865 26.924126 -1.996780
v 2.900034 26.875618 -1.832653
v 2.851598 26.768820 -1.997473
v 2.888143 26.674143 -2.162711
v 2.983748 26.654095 -2.322078
v 3.101809 26.674143 -2.178552
v 3.123223 26.792713 -2.321459
v 3.103054 26.887732 -2.161757
v 2.985364 26.931330 -2.300280
v 2.889388 26.887732 -2.145916
v 2.845890 26.792713 -2.300899
v 2.878243 26.709276 -2.457263
v 2.962642 26.692877 -2.609624
v 3.068253 26.709183 -2.470658
v 3.085978 26.814878 -2.603308
v 3.069348 26.899099 -2.455365
v 2.963939 26.937901 -2.586409
v 2.879339 26.899193 -2.441971
v 2.840602 26.815899 -2.592725
v 2.871162 26.745102 -2.748804
v 2.959525 26.735922 -2.882503
v 3.038368 26.742710 -2.743953
v 3.067832 26.840744 -2.847697
v 3.038966 26.909372 -2.721891
v 2.959167 26.952482 -2.841954
v 2.871761 26.911766 -2.726742
v 2.850859 26.847660 -2.876760
v 2.909358 26.797724 -3.010949
v 3.023852 26.797142 -3.106327
v 3.061020 26.789417 -2.974184
v 3.123689 26.893204 -3.043862
v 3.059244 26.942024 -2.937067
v 3.019446 27.004429 -3.047433
v 2.907582 26.950331 -2.973831
v 2.919610 26.908361 -3.109898
v 2.989367 26.863565 -3.227181
v 3.103164 26.861164 -3.310956
v 3.136581 26.851398 -3.174546
v 3.201568 26.955866 -3.243016
v 3.132759 27.001566 -3.129354
v 3.097788 27.067533 -3.248354
v 2.985544 27.013737 -3.181990
v 2.999385 26.972832 -3.316295
v 3.068324 26.927259 -3.430454
v 3.181991 26.924734 -3.513732
v 3.215366 26.914919 -3.377161
v 3.280395 27.019434 -3.445791
v 3.211456 27.065008 -3.331631
v 3.176615 27.131100 -3.451130
v 3.064414 27.077345 -3.384926
v 3.078212 27.036398 -3.519071
v 3.147151 26.990826 -3.633230
v 3.260819 26.988300 -3.716508
v 3.294193 26.978487 -3.579936
v 3.359222 27.083002 -3.648566
v 3.290283 27.128574 -3.534407
v 3.255442 27.194668 -3.653905
v 3.143241 27.140911 -3.587701
v 3.157039 27.099966 -3.721846
v 3.225979 27.054396 -3.836006
v 3.339646 27.051867 -3.919283
v 3.373020 27.042057 -3.782712
v 3.438049 27.146568 -3.851342
v 3.369110 27.192144 -3.737183
v 3.334270 27.258234 -3.856681
v 3.222068 27.204479 -3.790477
v 3.235866 27.163534 -3.924621
v 3.304806 27.117960 -4.038781
v 3.418473 27.115433 -4.122058
v 3.451848 27.105625 -3.985487
v 3.516876 27.210136 -4.054117
v 3.447937 27.255709 -3.939958
v 3.413096 27.321800 -4.059455
v 3.300895 27.268044 -3.993252
v 3.314693 27.227097 -4.127397
v 3.383633 27.181526 -4.241556
v 3.497300 27.179001 -4.324834
v 3.530674 27.169188 -4.188262
v 3.595704 27.273703 -4.256892
v 3.526764 27.319273 -4.142733
v 3.491924 27.385366 -4.262231
v 3.379722 27.331612 -4.196027
v 3.393521 27.290665 -4.330173
v 3.462358 27.245028 -4.444048
v 3.575269 27.242012 -4.525202
v 3.609447 27.232721 -4.390884
v 3.674787 27.337435 -4.460387
v 3.605693 27.382906 -4.345793
v 3.571609 27.449488 -4.467414
v 3.458604 27.395214 -4.398957
v 3.472092 27.354067 -4.532229
v 3.539039 27.305950 -4.641995
v 3.650419 27.295021 -4.732329
v 3.686810 27.294376 -4.592088
v 3.752845 27.391283 -4.683941
v 3.686753 27.446465 -4.557526
v 3.654797 27.502419 -4.698887
v 3.538981 27.458044 -4.607434
v 3.552371 27.406158 -4.747276
v 3.619262 27.340609 -4.877050
v 3.722440 27.315540 -4.984930
v 3.758919 27.330654 -4.835980
v 3.818273 27.403013 -4.955752
v 3.764880 27.475372 -4.822124
v 3.733025 27.503094 -4.976694
v 3.625223 27.485325 -4.863194
v 3.637192 27.415619 -5.005870
v 3.690109 27.349087 -5.106372
v 3.774869 27.324869 -5.178481
v 3.814766 27.340488 -5.072832
v 3.861865 27.403702 -5.155178
v 3.822922 27.469551 -5.070158
v 3.785716 27.493765 -5.175576
v 3.698265 27.478142 -5.103695
v 3.698721 27.414932 -5.198879
v 3.741361 27.354616 -5.273205
v 3.816733 27.332357 -5.332839
v 3.854561 27.346825 -5.242882
v 3.896011 27.404200 -5.311603
v 3.862087 27.464014 -5.240867
v 3.826617 27.486273 -5.330192
v 3.748888 27.471807 -5.271189
v 3.747339 27.414434 -5.351428
v 3.785419 27.359388 -5.416630
v 3.853961 27.339020 -5.470106
v 3.888752 27.352270 -5.388950
v 3.926377 27.404644 -5.450707
v 3.895622 27.459249 -5.387109
v 3.862989 27.479612 -5.467686
v 3.792290 27.466358 -5.414789
v 3.790573 27.413992 -5.487084
v 3.825367 27.363708 -5.546673
v 3.888175 27.345144 -5.596259
v 3.919753 27.357214 -5.521391
v 3.954284 27.405050 -5.578550
v 3.926028 27.454922 -5.519710
v 3.896417 27.473490 -5.594051
v 3.831642 27.461422 -5.544993
v 3.830308 27.413582 -5.611760
v 3.862455 27.367723 -5.667409
v 3.920190 27.350872 -5.714309
v 3.948535 27.361797 -5.644351
v 3.980398 27.405428 -5.698182
v 3.954258 27.450911 -5.642819
v 3.927698 27.467760 -5.712298
v 3.868179 27.456837 -5.665876
v 3.867490 27.413202 -5.728426
v 3.897381 27.371500 -5.781106
v 3.950497 27.356295 -5.826058
v 3.975640 27.366112 -5.760144
v 4.005119 27.405790 -5.811426
v 3.980843 27.447130 -5.758750
v 3.957308 27.462337 -5.824233
v 3.902585 27.452517 -5.779713
v 3.902686 27.412840 -5.838864
v 3.930588 27.375093 -5.889206
v 3.979419 27.361467 -5.932696
v 4.001409 27.370220 -5.870235
v 4.028709 27.406136 -5.919493
v 4.006118 27.443537 -5.868974
v 3.985565 27.457163 -5.931050
v 3.935296 27.448410 -5.887945
v 3.936275 27.412498 -5.944254
v 3.962378 27.378534 -5.992694
v 4.007184 27.366438 -6.035073
v 4.026080 27.374151 -5.975631
v 4.051357 27.406467 -6.023240
v 4.030315 27.440096 -5.974496
v 4.012692 27.452194 -6.033597
v 3.966614 27.444483 -5.991559
v 3.968520 27.412167 -6.045429
v 3.993258 27.382845 -6.088933
v 4.048035 27.379076 -6.074260
v 4.051677 27.435785 -6.073284
v 3.996900 27.439554 -6.087956
v 2.998536 24.918036 1.111074
v 2.843773 24.863390 1.336511
v 2.677286 24.928265 1.105255
v 2.637741 25.071781 1.341557
v 2.687635 25.241779 1.114309
v 2.845629 25.275154 1.350048
v 2.998434 25.225536 1.127305
v 3.051661 25.066761 1.345003
v 2.990321 24.918175 1.540681
v 2.846390 24.869925 1.719982
v 2.701867 24.918564 1.540459
v 2.659444 25.056786 1.725644
v 2.702176 25.206636 1.549191
v 2.846390 25.243643 1.731306
v 2.990350 25.206108 1.549595
v 3.033336 25.056784 1.725644
v 2.974205 24.923885 1.891488
v 2.846389 24.881750 2.052338
v 2.718574 24.923883 1.891488
v 2.681333 25.046732 2.057338
v 2.718574 25.179398 1.899231
v 2.846389 25.211714 2.062337
v 2.974205 25.179399 1.899231
v 3.011446 25.046732 2.057338
v 2.958962 24.929495 2.209546
v 2.846390 24.892654 2.358747
v 2.733817 24.929493 2.209546
v 2.701513 25.037464 2.363135
v 2.733817 25.154537 2.216366
v 2.846390 25.182278 2.367523
v 2.958962 25.154539 2.216366
v 2.991266 25.037466 2.363135
v 2.944771 24.934731 2.505900
v 2.846389 24.903011 2.648940
v 2.748008 24.934732 2.505901
v 2.720443 25.028770 2.649987
v 2.748008 25.131382 2.511357
v 2.846389 25.154533 2.651034
v 2.944772 25.131382 2.511357
v 2.972336 25.028772 2.649987
v 2.931638 24.941103 2.790231
v 2.846390 24.921974 2.926029
v 2.761141 24.941105 2.790230
v 2.735542 25.031569 2.912832
v 2.761141 25.110857 2.782823
v 2.846390 25.141165 2.899635
v 2.931638 25.110853 2.782823
v 2.957237 25.031569 2.912832
v 2.925105 24.974129 3.040176
v 2.846389 24.974583 3.155289
v 2.767674 24.974127 3.040176
v 2.738529 25.078846 3.128373
v 2.767674 25.127960 3.009444
v 2.846390 25.183107 3.101457
v 2.925105 25.127962 3.009444
v 2.954250 25.078846 3.128373
v 2.924833 25.032558 3.251836
v 2.846390 25.033516 3.362324
v 2.767946 25.032557 3.251836
v 2.738529 25.137226 3.332693
v 2.767946 25.183510 3.209230
v 2.846390 25.240934 3.303062
v 2.924833 25.183512 3.209230
v 2.954250 25.137226 3.332693
v 2.924833 25.090988 3.456403
v 2.846389 25.091890 3.566644
v 2.767946 25.090986 3.456403
v 2.738529 25.195601 3.537014
v 2.767946 25.241837 3.413303
v 2.846389 25.299311 3.507382
v 2.924833 25.241837 3.413303
v 2.954249 25.195601 3.537014
v 2.924833 25.149363 3.660724
v 2.846389 25.150267 3.770965
v 2.767946 25.149364 3.660724
v 2.738529 25.253977 3.741334
v 2.767945 25.300217 3.617624
v 2.846389 25.357687 3.711702
v 2.924833 25.300215 3.617623
v 2.954250 25.253977 3.741334
v 2.924833 25.207739 3.865045
v 2.846389 25.208643 3.975286
v 2.767946 25.207741 3.865044
v 2.738529 25.312351 3.945654
v 2.767946 25.358591 3.821944
v 2.846389 25.416065 3.916023
v 2.924833 25.358591 3.821944
v 2.954250 25.312355 3.945654
v 2.924833 25.266060 4.069027
v 2.846389 25.266376 4.175892
v 2.767946 25.266058 4.069027
v 2.738529 25.370733 4.149975
v 2.767946 25.417028 4.026602
v 2.846389 25.475092 4.124057
v 2.924833 25.417027 4.026602
v 2.954250 25.370733 4.149975
v 2.924625 25.321072 4.268068
v 2.846389 25.306767 4.384304
v 2.768154 25.321072 4.268069
v 2.740822 25.411316 4.376683
v 2.768154 25.474319 4.241799
v 2.846389 25.515865 4.369063
v 2.924625 25.474321 4.241799
v 2.951957 25.411316 4.376683
v 2.919706 25.330275 4.521774
v 2.846389 25.289759 4.660616
v 2.773072 25.330276 4.521774
v 2.751364 25.383968 4.670288
v 2.773072 25.475925 4.525397
v 2.846389 25.478178 4.679959
v 2.919706 25.475924 4.525397
v 2.941414 25.383968 4.670288
v 2.911938 25.301847 4.781882
v 2.846389 25.267309 4.878195
v 2.780841 25.301847 4.781882
v 2.760304 25.352526 4.890369
v 2.780841 25.431654 4.799736
v 2.846390 25.437746 4.902543
v 2.911938 25.431654 4.799736
v 2.932474 25.352528 4.890369
v 2.906346 25.280355 4.971627
v 2.846389 25.249519 5.052466
v 2.786433 25.280354 4.971628
v 2.767343 25.327772 5.063645
v 2.786433 25.399059 4.988586
v 2.846389 25.406025 5.074824
v 2.906346 25.399061 4.988586
v 2.925436 25.327772 5.063644
v 2.901547 25.261896 5.134755
v 2.846389 25.233702 5.207440
v 2.791232 25.261898 5.134756
v 2.773601 25.305759 5.217733
v 2.791232 25.371101 5.150356
v 2.846390 25.377815 5.228027
v 2.901547 25.371103 5.150355
v 2.919178 25.305761 5.217733
v 2.897196 25.245161 5.282664
v 2.846390 25.219168 5.349869
v 2.795583 25.245161 5.282664
v 2.779354 25.285530 5.359349
v 2.795583 25.345755 5.297034
v 2.846389 25.351891 5.368829
v 2.897196 25.345755 5.297034
v 2.913425 25.285526 5.359349
v 2.893156 25.229626 5.419985
v 2.846389 25.205563 5.483147
v 2.799623 25.229624 5.419985
v 2.784736 25.266596 5.491867
v 2.799623 25.322218 5.433213
v 2.846389 25.327629 5.500585
v 2.893156 25.322218 5.433214
v 2.908042 25.266598 5.491867
v 2.889351 25.214993 5.549303
v 2.846389 25.192690 5.609311
v 2.803427 25.214994 5.549303
v 2.789832 25.248680 5.617310
v 2.803427 25.300055 5.561455
v 2.846389 25.304668 5.625309
v 2.889351 25.300056 5.561454
v 2.902947 25.248678 5.617310
v 2.885735 25.201084 5.672251
v 2.846389 25.180403 5.729708
v 2.807044 25.201084 5.672251
v 2.794694 25.231577 5.737019
v 2.807044 25.278986 5.683380
v 2.846389 25.282753 5.744330
v 2.885735 25.278986 5.683380
v 2.898084 25.231579 5.737019
v 2.882272 25.187767 5.789956
v 2.846389 25.168606 5.845290
v 2.810507 25.187767 5.789956
v 2.799362 25.215160 5.851941
v 2.810507 25.258812 5.800105
v 2.846389 25.261715 5.858592
v 2.882272 25.258812 5.800105
v 2.893416 25.215160 5.851941
v 2.878939 25.174952 5.903231
v 2.846389 25.157225 5.956764
v 2.813839 25.174952 5.903230
v 2.803864 25.199324 5.962779
v 2.813839 25.239397 5.912437
v 2.846389 25.241421 5.968793
v 2.878939 25.239399 5.912437
v 2.888914 25.199324 5.962779
v 2.874634 25.164118 6.009517
v 2.818145 25.164118 6.009517
v 2.818144 25.220039 6.017506
v 2.874634 25.220037 6.017506
v 2.675800 23.542780 0.983491
v 2.518382 23.510094 1.201952
v 2.351042 23.539787 0.985870
v 2.322773 23.700748 1.187650
v 2.358870 23.837858 0.970725
v 2.517788 23.890471 1.175735
v 2.665138 23.830025 0.988101
v 2.713398 23.699816 1.190037
v 2.650740 23.584003 1.376473
v 2.520044 23.563721 1.534722
v 2.388913 23.583921 1.376511
v 2.355815 23.727306 1.520181
v 2.389107 23.843847 1.353857
v 2.520044 23.890892 1.505640
v 2.650438 23.843596 1.354329
v 2.684274 23.727304 1.520181
v 2.628607 23.632036 1.674348
v 2.520044 23.617916 1.812385
v 2.411481 23.632034 1.674348
v 2.385028 23.752445 1.802999
v 2.411481 23.848318 1.655591
v 2.520044 23.886972 1.793613
v 2.628607 23.848318 1.655591
v 2.655061 23.752445 1.802999
v 2.608667 23.674500 1.937068
v 2.520044 23.652763 2.054397
v 2.431422 23.674501 1.937068
v 2.407721 23.764544 2.059843
v 2.431422 23.851185 1.933046
v 2.520045 23.876324 2.065290
v 2.608666 23.851185 1.933046
v 2.632368 23.764545 2.059843
v 2.598894 23.674089 2.167042
v 2.520044 23.625143 2.270197
v 2.441195 23.674089 2.167042
v 2.412184 23.731234 2.288801
v 2.441195 23.830139 2.186151
v 2.520044 23.837322 2.307406
v 2.598894 23.830139 2.186150
v 2.627904 23.731234 2.288802
v 2.598488 23.631994 2.385097
v 2.520044 23.580889 2.490543
v 2.441600 23.631994 2.385097
v 2.412184 23.686653 2.511696
v 2.441600 23.785894 2.415401
v 2.520044 23.792419 2.532850
v 2.598488 23.785894 2.415401
v 2.627904 23.686655 2.511697
v 2.598488 23.587442 2.607760
v 2.520044 23.536312 2.713438
v 2.441600 23.587444 2.607760
v 2.412184 23.642076 2.734591
v 2.441600 23.741287 2.638528
v 2.520044 23.747843 2.755744
v 2.598488 23.741287 2.638528
v 2.627904 23.642078 2.734591
v 2.598488 23.542868 2.830655
v 2.520044 23.491732 2.936333
v 2.441601 23.542868 2.830655
v 2.412184 23.597498 2.957486
v 2.441600 23.696707 2.861423
v 2.520044 23.703264 2.978639
v 2.598488 23.696707 2.861423
v 2.627904 23.597500 2.957486
v 2.598488 23.498287 3.053549
v 2.520044 23.447151 3.159228
v 2.441601 23.498287 3.053550
v 2.412184 23.552919 3.180381
v 2.441600 23.652132 3.084318
v 2.520044 23.658688 3.201534
v 2.598488 23.652130 3.084318
v 2.627904 23.552919 3.180381
v 2.598488 23.453711 3.276445
v 2.520044 23.402576 3.382123
v 2.441601 23.453711 3.276445
v 2.412184 23.508343 3.403276
v 2.441600 23.607552 3.307213
v 2.520044 23.614107 3.424430
v 2.598488 23.607552 3.307213
v 2.627904 23.508341 3.403276
v 2.598488 23.409130 3.499340
v 2.520044 23.357994 3.605018
v 2.441601 23.409132 3.499339
v 2.412184 23.463760 3.626171
v 2.441600 23.562971 3.530108
v 2.520044 23.569530 3.647325
v 2.598488 23.562971 3.530108
v 2.627904 23.463760 3.626171
v 2.598488 23.364552 3.722235
v 2.520044 23.313417 3.827913
v 2.441601 23.364552 3.722234
v 2.412184 23.419182 3.849066
v 2.441600 23.518394 3.753003
v 2.520044 23.524948 3.870220
v 2.598488 23.518396 3.753003
v 2.627904 23.419182 3.849066
v 2.598488 23.319973 3.945129
v 2.520044 23.268833 4.050808
v 2.441600 23.319971 3.945129
v 2.412184 23.374599 4.071961
v 2.441600 23.473812 3.975898
v 2.520044 23.480364 4.093114
v 2.598488 23.473812 3.975898
v 2.627904 23.374599 4.071961
v 2.598488 23.275370 4.168165
v 2.520044 23.224018 4.275244
v 2.441600 23.275370 4.168165
v 2.412184 23.330023 4.294856
v 2.441600 23.429253 4.198653
v 2.520044 23.436029 4.314468
v 2.598488 23.429253 4.198653
v 2.627904 23.330025 4.294856
v 2.598280 23.231249 4.396840
v 2.520044 23.186754 4.525208
v 2.441809 23.231249 4.396840
v 2.414476 23.291529 4.537043
v 2.441809 23.385738 4.420590
v 2.520044 23.396305 4.548878
v 2.598280 23.385738 4.420590
v 2.625612 23.291531 4.537043
v 2.593361 23.209196 4.681373
v 2.520044 23.183029 4.829926
v 2.446727 23.209196 4.681373
v 2.425019 23.277920 4.833744
v 2.446727 23.355288 4.691935
v 2.520044 23.372812 4.837562
v 2.593361 23.355288 4.691935
v 2.615069 23.277920 4.833744
v 2.585593 23.209534 4.952563
v 2.520044 23.186621 5.051775
v 2.454495 23.209532 4.952563
v 2.433959 23.272680 5.053824
v 2.454496 23.340572 4.955967
v 2.520044 23.358742 5.055873
v 2.585593 23.340574 4.955967
v 2.606130 23.272682 5.053825
v 2.580001 23.210604 5.142135
v 2.520044 23.189531 5.225219
v 2.460088 23.210604 5.142135
v 2.440997 23.268557 5.227100
v 2.460088 23.330482 5.144989
v 2.520044 23.347580 5.228982
v 2.580001 23.330484 5.144990
v 2.599091 23.268555 5.227100
v 2.575202 23.211536 5.304698
v 2.520045 23.192122 5.379457
v 2.464887 23.211536 5.304698
v 2.447257 23.264887 5.381189
v 2.464887 23.321819 5.307324
v 2.520045 23.337654 5.382922
v 2.575202 23.321819 5.307324
v 2.592832 23.264889 5.381189
v 2.570851 23.212378 5.452096
v 2.520045 23.194500 5.521209
v 2.469238 23.212378 5.452095
v 2.453009 23.261517 5.522805
v 2.469238 23.313961 5.454514
v 2.520045 23.328531 5.524400
v 2.570851 23.313963 5.454515
v 2.587080 23.261515 5.522804
v 2.566811 23.213161 5.588942
v 2.520044 23.196724 5.653855
v 2.473278 23.213161 5.588943
v 2.458392 23.258358 5.655323
v 2.473278 23.306667 5.591168
v 2.520044 23.319994 5.656790
v 2.566811 23.306667 5.591168
v 2.581697 23.258360 5.655322
v 2.563007 23.213896 5.717812
v 2.520044 23.198830 5.779419
v 2.477082 23.213898 5.717812
v 2.463487 23.255373 5.780766
v 2.477082 23.299797 5.719857
v 2.520044 23.311914 5.782112
v 2.563007 23.299795 5.719857
v 2.576602 23.255371 5.780766
v 2.559390 23.214600 5.840335
v 2.520044 23.200844 5.899244
v 2.480699 23.214600 5.840335
v 2.468349 23.252525 5.900475
v 2.480699 23.293266 5.842208
v 2.520044 23.304205 5.901706
v 2.559389 23.293266 5.842208
v 2.571739 23.252523 5.900475
v 2.555927 23.215267 5.957632
v 2.520044 23.202768 6.014277
v 2.484162 23.215267 5.957632
v 2.473018 23.249784 6.015397
v 2.484162 23.287014 5.959341
v 2.520044 23.296799 6.016517
v 2.555927 23.287012 5.959341
v 2.567071 23.249783 6.015398
v 2.552594 23.215912 6.070515
v 2.520044 23.204636 6.125223
v 2.487494 23.215912 6.070515
v 2.477520 23.247147 6.126235
v 2.487494 23.280994 6.072065
v 2.520044 23.289660 6.127247
v 2.552595 23.280994 6.072065
v 2.562569 23.247147 6.126235
v 2.548289 23.217701 6.176295
v 2.491799 23.217701 6.176294
v 2.491799 23.274174 6.177639
v 2.548289 23.274174 6.177639
v 3.319485 26.529383 1.074262
v 3.171554 26.514183 1.323299
v 3.019232 26.538250 1.091408
v 2.986824 26.700668 1.308732
v 3.033238 26.829062 1.065877
v 3.175592 26.883924 1.288317
v 3.327859 26.820724 1.049836
v 3.360322 26.697441 1.302884
v 3.299006 26.591906 1.518772
v 3.172734 26.576073 1.699529
v 3.046305 26.592188 1.519320
v 3.013175 26.734871 1.683960
v 3.046767 26.843420 1.494789
v 3.172734 26.893669 1.668392
v 3.299278 26.843117 1.494275
v 3.332294 26.734871 1.683961
v 3.278824 26.645584 1.860475
v 3.172734 26.634743 2.023036
v 3.066645 26.645584 1.860474
v 3.039933 26.766691 2.008538
v 3.066645 26.856712 1.839492
v 3.172734 26.898643 1.994039
v 3.278824 26.856712 1.839492
v 3.305536 26.766693 2.008538
v 3.260361 26.696400 2.174478
v 3.172734 26.699625 2.339811
v 3.085107 26.696402 2.174478
v 3.062631 26.807817 2.320162
v 3.085107 26.869810 2.150435
v 3.172734 26.916010 2.300514
v 3.260361 26.869810 2.150435
v 3.282838 26.807817 2.320162
v 3.247395 26.773254 2.502223
v 3.172734 26.793589 2.665004
v 3.098074 26.773256 2.502223
v 3.075279 26.887842 2.640438
v 3.098074 26.918724 2.469282
v 3.172734 26.982094 2.615871
v 3.247395 26.918724 2.469282
v 3.270190 26.887842 2.640438
v 3.240725 26.857193 2.784111
v 3.172734 26.864641 2.893963
v 3.104744 26.857193 2.784111
v 3.082526 26.951559 2.869819
v 3.104744 26.988276 2.747993
v 3.172735 27.038477 2.845675
v 3.240725 26.988274 2.747993
v 3.262943 26.951557 2.869819
v 3.236192 26.916399 2.980334
v 3.172734 26.920305 3.073035
v 3.109277 26.916397 2.980334
v 3.088232 27.001722 3.050418
v 3.109277 27.038679 2.946366
v 3.172734 27.083141 3.027802
v 3.236192 27.038679 2.946366
v 3.257237 27.001724 3.050418
v 3.232301 26.967175 3.148606
v 3.172734 26.969803 3.232278
v 3.113167 26.967176 3.148606
v 3.093305 27.046335 3.211019
v 3.113167 27.081963 3.116721
v 3.172734 27.122864 3.189760
v 3.232301 27.081964 3.116721
v 3.252163 27.046331 3.211019
v 3.228774 27.013218 3.301181
v 3.172734 27.015297 3.378630
v 3.116694 27.013218 3.301181
v 3.097968 27.087336 3.358620
v 3.116695 27.121206 3.271184
v 3.172734 27.159374 3.338610
v 3.228774 27.121208 3.271184
v 3.247500 27.087336 3.358620
v 3.225499 27.055964 3.442834
v 3.172734 27.057865 3.515580
v 3.119970 27.055965 3.442834
v 3.102332 27.125700 3.496737
v 3.119969 27.157644 3.414590
v 3.172734 27.193537 3.477895
v 3.225499 27.157644 3.414590
v 3.243136 27.125700 3.496737
v 3.222415 27.096220 3.576230
v 3.172734 27.098162 3.645219
v 3.123054 27.096220 3.576230
v 3.106462 27.162018 3.627482
v 3.123054 27.191957 3.549637
v 3.172734 27.225874 3.609745
v 3.222415 27.191957 3.549637
v 3.239006 27.162018 3.627482
v 3.219483 27.134493 3.703057
v 3.172734 27.136621 3.768933
v 3.125986 27.134491 3.703057
v 3.110405 27.196678 3.752251
v 3.125986 27.224577 3.678033
v 3.172734 27.256733 3.735568
v 3.219483 27.224577 3.678033
v 3.235064 27.196676 3.752250
v 3.216676 27.171135 3.824475
v 3.172734 27.173538 3.887699
v 3.128793 27.171135 3.824474
v 3.114188 27.229950 3.872030
v 3.128793 27.255810 3.800953
v 3.172734 27.286360 3.856360
v 3.216676 27.255810 3.800953
v 3.231280 27.229948 3.872030
v 3.213974 27.206396 3.941322
v 3.172734 27.209145 4.002243
v 3.131494 27.206394 3.941322
v 3.117838 27.262039 3.987551
v 3.131494 27.285868 3.919247
v 3.172734 27.314932 3.972859
v 3.213975 27.285868 3.919247
v 3.227630 27.262037 3.987551
v 3.211364 27.240471 4.054235
v 3.172734 27.243610 4.113122
v 3.134104 27.240467 4.054234
v 3.121371 27.293098 4.099375
v 3.134104 27.314911 4.033556
v 3.172734 27.342588 4.085629
v 3.211364 27.314911 4.033556
v 3.224097 27.293098 4.099376
v 3.208833 27.273502 4.163704
v 3.172734 27.277077 4.220775
v 3.136635 27.273502 4.163705
v 3.124801 27.323259 4.207946
v 3.136635 27.343065 4.144382
v 3.172734 27.369442 4.195117
v 3.208833 27.343067 4.144382
v 3.220668 27.323259 4.207945
v 3.206373 27.305620 4.270127
v 3.172734 27.309645 4.325553
v 3.139096 27.305618 4.270127
v 3.128140 27.352612 4.313618
v 3.139096 27.370440 4.252121
v 3.172734 27.395578 4.301682
v 3.206373 27.370441 4.252121
v 3.217329 27.352612 4.313618
v 3.203976 27.336910 4.373823
v 3.172734 27.341410 4.427750
v 3.141493 27.336910 4.373823
v 3.131396 27.381241 4.416686
v 3.141493 27.397114 4.357100
v 3.172734 27.421074 4.405621
v 3.203976 27.397114 4.357100
v 3.214073 27.381243 4.416686
v 3.200522 27.367662 4.471618
v 3.144946 27.367662 4.471618
v 3.144946 27.421209 4.456743
v 3.200522 27.421209 4.456743
v 3.535342 28.127712 -0.225188
v 3.667133 28.136311 -0.339694
v 3.715959 28.151987 -0.170262
v 3.778236 28.261934 -0.263806
v 3.682648 28.311798 -0.110900
v 3.639883 28.379501 -0.264077
v 3.506507 28.298185 -0.173411
v 3.528780 28.253878 -0.339966
v 3.608591 28.202789 -0.479069
v 3.736948 28.207052 -0.576297
v 3.791545 28.203707 -0.424776
v 3.850316 28.330835 -0.502512
v 3.774968 28.385237 -0.370134
v 3.715052 28.454618 -0.502350
v 3.591980 28.384691 -0.424616
v 3.601684 28.330833 -0.576135
v 3.677782 28.278360 -0.703598
v 3.802009 28.282475 -0.796014
v 3.855888 28.278360 -0.650860
v 3.912001 28.402576 -0.724428
v 3.840203 28.455709 -0.597889
v 3.780765 28.522676 -0.724272
v 3.662097 28.455706 -0.650627
v 3.670773 28.402575 -0.795858
v 3.744478 28.351522 -0.919115
v 3.865024 28.355530 -1.008828
v 3.917289 28.351521 -0.867944
v 3.971746 28.472057 -0.939370
v 3.902071 28.523596 -0.816549
v 3.844412 28.588585 -0.939218
v 3.729259 28.523598 -0.867719
v 3.737691 28.472057 -1.008676
v 3.809322 28.422653 -1.128652
v 3.926473 28.426769 -1.216349
v 3.976986 28.422653 -1.079005
v 4.030006 28.539814 -1.148967
v 3.962221 28.589602 -1.029141
v 3.906477 28.652859 -1.148820
v 3.794557 28.589602 -1.078787
v 3.802944 28.539814 -1.216202
v 3.872706 28.492184 -1.333467
v 3.986655 28.496538 -1.419593
v 4.035339 28.492186 -1.285310
v 4.087064 28.606173 -1.354244
v 4.021017 28.654123 -1.236942
v 3.967262 28.715809 -1.354100
v 3.858383 28.654123 -1.285098
v 3.866853 28.606173 -1.419450
v 3.934793 28.560293 -1.533983
v 4.045253 28.564516 -1.616937
v 4.092580 28.560389 -1.487684
v 4.143611 28.671896 -1.558084
v 4.078787 28.717516 -1.441204
v 4.027500 28.778215 -1.558084
v 3.921000 28.717419 -1.487503
v 3.929142 28.670834 -1.616937
v 3.992967 28.624043 -1.724635
v 4.093412 28.621845 -1.824727
v 4.147707 28.626383 -1.689292
v 4.191700 28.729050 -1.790340
v 4.136583 28.780787 -1.654376
v 4.080989 28.830694 -1.791011
v 3.981844 28.778446 -1.689718
v 3.982702 28.723488 -1.825398
v 4.030396 28.662687 -1.966230
v 4.110132 28.647369 -2.099355
v 4.176445 28.667763 -1.950577
v 4.201245 28.746548 -2.089164
v 4.169096 28.813822 -1.936402
v 4.101567 28.838211 -2.090408
v 4.023047 28.808744 -1.952056
v 4.010455 28.739031 -2.100600
v 4.046640 28.676577 -2.217098
v 4.117090 28.660500 -2.312206
v 4.178973 28.682034 -2.211920
v 4.200597 28.751358 -2.307198
v 4.173326 28.814419 -2.208640
v 4.109705 28.834965 -2.308465
v 4.040993 28.808954 -2.213817
v 4.026198 28.744108 -2.313473
v 4.058133 28.686268 -2.401686
v 4.122752 28.671019 -2.481696
v 4.179976 28.691334 -2.397301
v 4.199914 28.754969 -2.477069
v 4.174818 28.813223 -2.394688
v 4.115928 28.832224 -2.478240
v 4.052974 28.808159 -2.399072
v 4.038767 28.748272 -2.482867
v 4.068030 28.694622 -2.560459
v 4.127787 28.680368 -2.632420
v 4.180839 28.699310 -2.556400
v 4.199306 28.758183 -2.628130
v 4.176063 28.812160 -2.553980
v 4.121463 28.829786 -2.629215
v 4.063253 28.807472 -2.558039
v 4.049943 28.751974 -2.633505
v 4.077004 28.702196 -2.704422
v 4.132414 28.688963 -2.770942
v 4.181621 28.706543 -2.700657
v 4.198747 28.761137 -2.766963
v 4.177191 28.811199 -2.698411
v 4.126549 28.827553 -2.767968
v 4.072576 28.806850 -2.702176
v 4.060215 28.755379 -2.771948
v 4.085336 28.709229 -2.838078
v 4.136744 28.697010 -2.900563
v 4.182346 28.713261 -2.834587
v 4.198225 28.763905 -2.896876
v 4.178239 28.810308 -2.832505
v 4.131308 28.825457 -2.897809
v 4.081229 28.806276 -2.835997
v 4.069828 28.758564 -2.901497
v 4.093182 28.715851 -2.963943
v 4.140843 28.704624 -3.023267
v 4.183030 28.719585 -2.960709
v 4.197730 28.766518 -3.019855
v 4.179225 28.809467 -2.958783
v 4.135813 28.823473 -3.020718
v 4.089379 28.805733 -2.962016
v 4.078926 28.761580 -3.024130
v 4.100642 28.722145 -3.083611
v 4.144755 28.711889 -3.140362
v 4.183680 28.725595 -3.080623
v 4.197258 28.769012 -3.137212
v 4.180164 28.808664 -3.078841
v 4.140112 28.821583 -3.138008
v 4.097126 28.805218 -3.081829
v 4.087609 28.764458 -3.141157
v 4.107784 28.728172 -3.198174
v 4.148510 28.718868 -3.252774
v 4.184302 28.731352 -3.195421
v 4.196805 28.771414 -3.249876
v 4.181062 28.807898 -3.193779
v 4.144240 28.819765 -3.250609
v 4.104544 28.804726 -3.196532
v 4.095945 28.767221 -3.253506
v 4.114657 28.733978 -3.308426
v 4.152132 28.725594 -3.361189
v 4.184901 28.736895 -3.305898
v 4.196368 28.773724 -3.358536
v 4.181927 28.807167 -3.304391
v 4.148221 28.818014 -3.359207
v 4.111683 28.804245 -3.306919
v 4.103984 28.769884 -3.361860
v 4.121298 28.739580 -3.414964
v 4.155638 28.732107 -3.466135
v 4.185480 28.742249 -3.412655
v 4.195945 28.775961 -3.463718
v 4.182762 28.806452 -3.411278
v 4.152074 28.816319 -3.464329
v 4.118581 28.803789 -3.413587
v 4.111766 28.772463 -3.466747
v 4.128672 28.746080 -3.515024
v 4.184791 28.748415 -3.513005
v 4.182415 28.804554 -3.511801
v 4.126296 28.802221 -3.513820
v 3.424324 28.268942 -0.163964
v 3.510068 28.292162 -0.285539
v 3.655273 28.239206 -0.167925
v 3.642890 28.398132 -0.213594
v 3.638505 28.414513 -0.055558
v 3.505794 28.509096 -0.136712
v 3.379552 28.426001 -0.048043
v 3.374278 28.397520 -0.213933
v 3.406326 28.385723 -0.370948
v 3.499079 28.424349 -0.485328
v 3.597240 28.383942 -0.367989
v 3.625426 28.528004 -0.413084
v 3.596747 28.542042 -0.262416
v 3.499079 28.631660 -0.340839
v 3.406049 28.539661 -0.259799
v 3.372732 28.528006 -0.413084
v 3.408957 28.518936 -0.557682
v 3.499079 28.556852 -0.667020
v 3.589201 28.518934 -0.557681
v 3.620613 28.656561 -0.597528
v 3.589202 28.666807 -0.454618
v 3.499079 28.756268 -0.528036
v 3.408957 28.666807 -0.454618
v 3.377545 28.656557 -0.597528
v 3.412398 28.648136 -0.737041
v 3.499079 28.685190 -0.843002
v 3.585760 28.648136 -0.737041
v 3.615951 28.781071 -0.776176
v 3.585760 28.790363 -0.637913
v 3.499079 28.876953 -0.709349
v 3.412398 28.790363 -0.637913
v 3.382208 28.781071 -0.776176
v 3.415782 28.774208 -0.911905
v 3.499379 28.813889 -1.018393
v 3.582431 28.773949 -0.911631
v 3.611285 28.901070 -0.948874
v 3.582376 28.910040 -0.815642
v 3.498780 28.991085 -0.882370
v 3.415728 28.910295 -0.815916
v 3.386873 28.903904 -0.951889
v 3.421668 28.911779 -1.092500
v 3.513233 28.986145 -1.193919
v 3.580913 28.905361 -1.085800
v 3.616301 29.043688 -1.104391
v 3.579477 29.020350 -0.977595
v 3.508815 29.118065 -1.031285
v 3.420232 29.026775 -0.984295
v 3.405747 29.060520 -1.120814
v 3.466711 29.145000 -1.247471
v 3.571211 29.262817 -1.315342
v 3.610548 29.127111 -1.231683
v 3.658030 29.287699 -1.218620
v 3.604903 29.202055 -1.108510
v 3.560697 29.342417 -1.146323
v 3.461066 29.219938 -1.124299
v 3.473878 29.317535 -1.243045
v 3.532545 29.396360 -1.341109
v 3.618036 29.466469 -1.385236
v 3.658634 29.373753 -1.323116
v 3.694971 29.483240 -1.295094
v 3.650375 29.423128 -1.203961
v 3.607023 29.530014 -1.228734
v 3.524286 29.445738 -1.221954
v 3.530089 29.513239 -1.318877
v 3.578139 29.566368 -1.400583
v 3.654219 29.623306 -1.438252
v 3.692545 29.545553 -1.384080
v 3.724330 29.638590 -1.356106
v 3.684904 29.589643 -1.275490
v 3.644184 29.681215 -1.295633
v 3.570498 29.610460 -1.291992
v 3.574073 29.665930 -1.377779
v 3.617172 29.711777 -1.451341
v 3.686395 29.762774 -1.485397
v 3.721606 29.692774 -1.436278
v 3.750437 29.776735 -1.410362
v 3.714631 29.733023 -1.337153
v 3.677228 29.815670 -1.355123
v 3.610197 29.752024 -1.352217
v 3.613186 29.801708 -1.430159
v 3.652563 29.843620 -1.497365
v 3.715966 29.890953 -1.528726
v 3.747955 29.826262 -1.483605
v 3.774431 29.903700 -1.460226
v 3.741584 29.863028 -1.393063
v 3.707598 29.939243 -1.409798
v 3.646192 29.880381 -1.406822
v 3.649133 29.926500 -1.478299
v 3.685421 29.966026 -1.540094
v 3.743638 30.010895 -1.569272
v 3.772418 29.950199 -1.527545
v 3.796883 30.022509 -1.506886
v 3.766608 29.983725 -1.444971
v 3.736017 30.054876 -1.460960
v 3.679611 29.999552 -1.457519
v 3.682771 30.043266 -1.523346
v 3.716364 30.081297 -1.580333
v 3.769832 30.124441 -1.607653
v 3.795455 30.066906 -1.568924
v 3.818137 30.134974 -1.551056
v 3.790173 30.097387 -1.493853
v 3.762918 30.164339 -1.509391
v 3.711081 30.111774 -1.505261
v 3.714613 30.153807 -1.565989
v 3.745783 30.190889 -1.618590
v 3.794829 30.232794 -1.644280
v 3.817358 30.177868 -1.608265
v 3.838419 30.242296 -1.593207
v 3.812578 30.205452 -1.540328
v 3.788590 30.268795 -1.555609
v 3.741002 30.218473 -1.550652
v 3.745000 30.259293 -1.606682
v 3.773947 30.295805 -1.655215
v 3.818827 30.336811 -1.679442
v 3.838327 30.284098 -1.645928
v 3.857891 30.345329 -1.633672
v 3.834027 30.308908 -1.584821
v 3.813235 30.369080 -1.599978
v 3.769647 30.320623 -1.594107
v 3.774172 30.360561 -1.645748
v 3.801302 30.393946 -1.688129
v 3.856663 30.383873 -1.680144
v 3.852966 30.405209 -1.627597
v 3.797605 30.415281 -1.635582
v 3.594398 28.191092 0.622411
v 3.499750 28.223083 0.767880
v 3.404926 28.188898 0.630438
v 3.368000 28.335327 0.707867
v 3.391989 28.348532 0.535804
v 3.494926 28.448898 0.647012
v 3.583312 28.354746 0.537696
v 3.626677 28.336658 0.707025
v 3.592573 28.312712 0.864193
v 3.499079 28.338676 0.984294
v 3.405588 28.312637 0.864388
v 3.372731 28.450415 0.925320
v 3.405118 28.477715 0.776966
v 3.499079 28.562153 0.866346
v 3.592166 28.477886 0.777007
v 3.625426 28.450418 0.925321
v 3.589202 28.424295 1.068913
v 3.499079 28.449127 1.183259
v 3.408957 28.424297 1.068913
v 3.377545 28.556610 1.126532
v 3.408957 28.583700 0.984781
v 3.499079 28.664093 1.069805
v 3.589201 28.583702 0.984781
v 3.620613 28.556610 1.126532
v 3.585760 28.531742 1.265118
v 3.499079 28.556108 1.375971
v 3.412398 28.531744 1.265118
v 3.382208 28.659470 1.321421
v 3.412398 28.685061 1.184199
v 3.499079 28.762829 1.266870
v 3.585760 28.685061 1.184199
v 3.615951 28.659470 1.321421
v 3.582414 28.636097 1.455631
v 3.499079 28.659269 1.561166
v 3.415744 28.636097 1.455631
v 3.386753 28.759771 1.511463
v 3.415744 28.783707 1.378332
v 3.499079 28.860268 1.461759
v 3.582414 28.783709 1.378332
v 3.611405 28.759766 1.511463
v 3.579033 28.734959 1.639605
v 3.499079 28.750422 1.759222
v 3.419126 28.734961 1.639605
v 3.392424 28.851055 1.725340
v 3.419126 28.881544 1.577274
v 3.499079 28.951687 1.691458
v 3.579033 28.881542 1.577274
v 3.605734 28.851053 1.725340
v 3.573236 28.812695 1.891296
v 3.499079 28.814322 2.041953
v 3.424922 28.812695 1.891296
v 3.402121 28.909412 2.024049
v 3.424922 28.955944 1.855209
v 3.499079 29.004501 2.006144
v 3.573236 28.955942 1.855209
v 3.596037 28.909414 2.024048
v 3.566570 28.862299 2.159076
v 3.499079 28.856730 2.264891
v 3.431589 28.862299 2.159076
v 3.409715 28.945019 2.251043
v 3.431588 28.995525 2.137635
v 3.499079 29.033306 2.237195
v 3.566570 28.995525 2.137635
v 3.588444 28.945021 2.251043
v 3.561820 28.897554 2.353322
v 3.499079 28.890671 2.442683
v 3.436338 28.897552 2.353323
v 3.415693 28.973051 2.429762
v 3.436338 29.021521 2.333878
v 3.499079 29.055431 2.416841
v 3.561820 29.021519 2.333877
v 3.582465 28.973053 2.429762
v 3.557744 28.927860 2.520242
v 3.499079 28.920853 2.600790
v 3.440415 28.927860 2.520242
v 3.421009 28.997978 2.588691
v 3.440415 29.043772 2.502061
v 3.499079 29.075106 2.576594
v 3.557744 29.043772 2.502061
v 3.577149 28.997980 2.588691
v 3.554048 28.955343 2.671591
v 3.499079 28.948593 2.746097
v 3.444110 28.955341 2.671591
v 3.425895 29.020893 2.734756
v 3.444110 29.063951 2.654554
v 3.499079 29.093193 2.723414
v 3.554048 29.063951 2.654554
v 3.572263 29.020895 2.734756
v 3.550616 28.980858 2.812106
v 3.499079 28.974550 2.882069
v 3.447542 28.980858 2.812106
v 3.430467 29.042332 2.871436
v 3.447542 29.082687 2.796132
v 3.499079 29.110115 2.860803
v 3.550616 29.082687 2.796132
v 3.567691 29.042332 2.871436
v 3.547385 29.004887 2.944429
v 3.499079 28.999121 3.010782
v 3.450773 29.004889 2.944429
v 3.434795 29.062630 3.000820
v 3.450773 29.100332 2.929457
v 3.499079 29.126137 2.990858
v 3.547385 29.100330 2.929457
v 3.563363 29.062630 3.000820
v 3.544312 29.027733 3.070237
v 3.499079 29.022570 3.133612
v 3.453846 29.027733 3.070237
v 3.438926 29.081995 3.124290
v 3.453846 29.117107 3.056217
v 3.499079 29.141424 3.114968
v 3.544312 29.117107 3.056217
v 3.559232 29.081999 3.124290
v 3.541371 29.049604 3.190678
v 3.499079 29.045082 3.251531
v 3.456787 29.049601 3.190678
v 3.442891 29.100590 3.242823
v 3.456787 29.133163 3.177570
v 3.499079 29.156097 3.234116
v 3.541371 29.133165 3.177570
v 3.555268 29.100590 3.242823
v 3.538541 29.070648 3.306587
v 3.499079 29.066792 3.365257
v 3.459617 29.070646 3.306587
v 3.446715 29.118523 3.357142
v 3.459617 29.148615 3.294357
v 3.499079 29.170256 3.349027
v 3.538541 29.148615 3.294356
v 3.551444 29.118523 3.357142
v 3.535806 29.090986 3.418591
v 3.499079 29.087809 3.475343
v 3.462353 29.090990 3.418591
v 3.450417 29.135883 3.467802
v 3.462353 29.163553 3.407208
v 3.499079 29.183956 3.460261
v 3.535806 29.163553 3.407208
v 3.547742 29.135883 3.467802
v 3.533154 29.110708 3.527182
v 3.499079 29.108212 3.582226
v 3.465004 29.110704 3.527182
v 3.454010 29.152737 3.575242
v 3.465004 29.178032 3.516621
v 3.499079 29.197260 3.568258
v 3.533154 29.178032 3.516621
v 3.544148 29.152735 3.575242
v 3.530576 29.129877 3.632748
v 3.499079 29.128071 3.686256
v 3.467582 29.129873 3.632748
v 3.457509 29.169140 3.679814
v 3.467582 29.192108 3.622987
v 3.499079 29.210213 3.673373
v 3.530576 29.192108 3.622987
v 3.540650 29.169140 3.679815
v 3.526957 29.149145 3.732261
v 3.471201 29.149145 3.732262
v 3.471201 29.204229 3.723621
v 3.526956 29.204229 3.723621
v 2.442543 24.888479 -0.389057
v 2.490853 24.849501 -0.652437
v 2.710975 24.915522 -0.512019
v 2.657001 25.039925 -0.740469
v 2.692446 25.197910 -0.545945
v 2.477585 25.226421 -0.684671
v 2.426589 25.202311 -0.436965
v 2.311438 25.035994 -0.596639
v 2.299978 24.898777 -0.779817
v 2.359118 24.855499 -0.972986
v 2.536347 24.899513 -0.876294
v 2.504456 25.016312 -1.043417
v 2.529662 25.154112 -0.892489
v 2.351160 25.177124 -0.992586
v 2.293326 25.154131 -0.796383
v 2.205822 25.016314 -0.922155
v 2.202899 24.899902 -1.073544
v 2.248456 24.864189 -1.246030
v 2.401167 24.899889 -1.153693
v 2.370758 24.997232 -1.299075
v 2.396113 25.113272 -1.166044
v 2.244362 25.130423 -1.255081
v 2.197846 25.113285 -1.085895
v 2.122061 24.997379 -1.202036
v 2.113025 24.903063 -1.349187
v 2.151558 24.885166 -1.507335
v 2.278938 24.902657 -1.407603
v 2.263147 24.994453 -1.524376
v 2.280199 25.077585 -1.401970
v 2.160212 25.105404 -1.477822
v 2.114286 25.077993 -1.343554
v 2.048623 24.996113 -1.460781
v 2.047019 24.945272 -1.599896
v 2.100594 24.954283 -1.734875
v 2.199996 24.942638 -1.636899
v 2.215209 25.053490 -1.723468
v 2.210462 25.094479 -1.600082
v 2.118691 25.158165 -1.668919
v 2.057485 25.097111 -1.563079
v 2.004076 25.058958 -1.680327
v 2.007737 25.023281 -1.814570
v 2.064240 25.031858 -1.940450
v 2.161803 25.018723 -1.843747
v 2.180100 25.129650 -1.923724
v 2.176035 25.165787 -1.791207
v 2.084019 25.233833 -1.867310
v 2.021969 25.170347 -1.762031
v 1.968158 25.136038 -1.884037
v 1.972110 25.100031 -2.017037
v 2.028726 25.108477 -2.142434
v 2.126250 25.095387 -2.045900
v 2.144587 25.206272 -2.125707
v 2.140635 25.242277 -1.992707
v 2.048506 25.310453 -2.069293
v 1.986495 25.246923 -1.963844
v 1.932645 25.212654 -2.086020
v 1.936597 25.176651 -2.219020
v 1.993213 25.185097 -2.344417
v 2.090737 25.172007 -2.247883
v 2.109074 25.282890 -2.327690
v 2.105122 25.318899 -2.194690
v 2.012993 25.387074 -2.271277
v 1.950982 25.323542 -2.165828
v 1.897131 25.289278 -2.288004
v 1.901084 25.253271 -2.421003
v 1.957700 25.261715 -2.546400
v 2.055223 25.248627 -2.449866
v 2.073561 25.359512 -2.529673
v 2.069609 25.395519 -2.396673
v 1.977479 25.463696 -2.473260
v 1.915469 25.400160 -2.367810
v 1.861618 25.365894 -2.489987
v 1.865570 25.329893 -2.622987
v 1.922186 25.338333 -2.748383
v 2.019710 25.325247 -2.651849
v 2.038048 25.436132 -2.731656
v 2.034096 25.472139 -2.598656
v 1.941966 25.540312 -2.675243
v 1.879955 25.476780 -2.569794
v 1.826105 25.442516 -2.691970
v 1.830100 25.406446 -2.824559
v 1.887422 25.413866 -2.943156
v 1.984291 25.401730 -2.852932
v 2.002814 25.512346 -2.930948
v 1.998540 25.548819 -2.801050
v 1.905703 25.618023 -2.884436
v 1.844349 25.553537 -2.772677
v 1.790312 25.519543 -2.896644
v 1.797188 25.476889 -3.019136
v 1.866374 25.449650 -3.129193
v 1.952183 25.470606 -3.035815
v 1.977966 25.547924 -3.138818
v 1.963315 25.621580 -3.015207
v 1.878847 25.655149 -3.140504
v 1.808320 25.627861 -2.998527
v 1.767256 25.556875 -3.130879
v 1.801186 25.439177 -3.258410
v 1.886848 25.351105 -3.373969
v 1.948714 25.434340 -3.253748
v 1.989056 25.437326 -3.402751
v 1.957091 25.574289 -3.289024
v 1.898429 25.527277 -3.448056
v 1.809563 25.579128 -3.293685
v 1.796222 25.441053 -3.419274
v 1.833461 25.321415 -3.500903
v 1.909105 25.252977 -3.575984
v 1.967592 25.319702 -3.486211
v 2.003432 25.331324 -3.606591
v 1.975913 25.439972 -3.546329
v 1.920174 25.411760 -3.657286
v 1.841782 25.441685 -3.561021
v 1.825847 25.333416 -3.626679
v 1.857386 25.233812 -3.678990
v 1.926797 25.174189 -3.740596
v 1.982064 25.232338 -3.664886
v 2.014814 25.247290 -3.769156
v 1.989835 25.343817 -3.721966
v 1.937126 25.322348 -3.816459
v 1.865157 25.345287 -3.736070
v 1.849109 25.249243 -3.787900
v 1.877928 25.158535 -3.832162
v 1.942530 25.104116 -3.886980
v 1.994506 25.157158 -3.818974
v 2.024935 25.172558 -3.913719
v 2.001772 25.261395 -3.872347
v 1.952201 25.242830 -3.958007
v 1.885195 25.262772 -3.885534
v 1.869796 25.174391 -3.931269
v 1.896554 25.090282 -3.971045
v 1.956990 25.039722 -4.021515
v 2.005787 25.088993 -3.958688
v 2.034238 25.103882 -4.046580
v 2.012596 25.186661 -4.008698
v 1.966055 25.169756 -4.088097
v 1.903363 25.187948 -4.021055
v 1.888808 25.105597 -4.063032
v 1.913847 25.026917 -4.099988
v 1.970521 24.979465 -4.147407
v 2.016261 25.025709 -4.088402
v 2.042942 25.039616 -4.170906
v 2.022645 25.117283 -4.135289
v 1.979020 25.101374 -4.209828
v 1.920231 25.118484 -4.146874
v 1.906598 25.041224 -4.186330
v 1.930131 24.967245 -4.221413
v 1.983329 24.922424 -4.266578
v 2.026124 24.966112 -4.210553
v 2.051182 24.978777 -4.288594
v 2.032107 25.051941 -4.254501
v 1.991292 25.036644 -4.325061
v 1.936115 25.053074 -4.265359
v 1.923439 24.980288 -4.303045
v 1.945614 24.910511 -4.336858
v 1.995552 24.867992 -4.380301
v 2.035501 24.909449 -4.326690
v 2.059046 24.920723 -4.400904
v 2.041104 24.989820 -4.367844
v 2.003003 24.974869 -4.435029
v 1.951217 24.990881 -4.378011
v 1.939510 24.922136 -4.414426
v 1.960436 24.856195 -4.447380
v 2.007287 24.815733 -4.489478
v 2.044479 24.855206 -4.437873
v 2.066595 24.864992 -4.508722
v 2.049718 24.930351 -4.476350
v 2.014246 24.915567 -4.540596
v 1.965675 24.931339 -4.485857
v 1.954938 24.866308 -4.521353
v 1.974701 24.803925 -4.553743
v 2.018603 24.765331 -4.594773
v 2.053119 24.803003 -4.544872
v 2.073875 24.811237 -4.612707
v 2.058007 24.873117 -4.580774
v 2.025090 24.858376 -4.642413
v 1.979589 24.874041 -4.589644
v 1.969818 24.812468 -4.624479
v 1.988485 24.753418 -4.656523
v 2.029558 24.716547 -4.696699
v 2.061468 24.752556 -4.648267
v 2.080923 24.759209 -4.713365
v 2.066017 24.817812 -4.681680
v 2.035586 24.803011 -4.740971
v 1.993034 24.818672 -4.689936
v 1.984221 24.760349 -4.724305
v 2.001849 24.704449 -4.756170
v 2.040194 24.669178 -4.795658
v 2.069562 24.703648 -4.748510
v 2.087765 24.708691 -4.811093
v 2.073782 24.764193 -4.779510
v 2.045777 24.749256 -4.836661
v 2.006069 24.764990 -4.787170
v 1.998206 24.709743 -4.821225
v 2.014840 24.656839 -4.853043
v 2.050546 24.623077 -4.891975
v 2.077430 24.656103 -4.845962
v 2.094425 24.659521 -4.906213
v 2.081332 24.712063 -4.874617
v 2.055696 24.696938 -4.929795
v 2.018742 24.712803 -4.881697
v 2.011817 24.660494 -4.915558
v 2.028360 24.612919 -4.944934
v 2.083758 24.612267 -4.938667
v 2.087211 24.661797 -4.964029
v 2.031813 24.662451 -4.970295
v 2.000643 23.363419 -0.429010
v 2.029486 23.264843 -0.652005
v 2.239507 23.349607 -0.568751
v 2.186648 23.460344 -0.775382
v 2.219730 23.636942 -0.605154
v 2.001640 23.662998 -0.703080
v 1.982922 23.655930 -0.465127
v 1.844478 23.467497 -0.579704
v 1.815028 23.295465 -0.744741
v 1.859678 23.231407 -0.950575
v 2.058922 23.294928 -0.881837
v 2.003690 23.409311 -1.061423
v 2.038949 23.572327 -0.917535
v 1.834004 23.587212 -0.996358
v 1.795112 23.573093 -0.780432
v 1.689992 23.409309 -0.885509
v 1.674423 23.266695 -1.033183
v 1.710604 23.212526 -1.216410
v 1.885809 23.266697 -1.151723
v 1.833954 23.364902 -1.311354
v 1.868509 23.506456 -1.182574
v 1.688614 23.517277 -1.255624
v 1.657123 23.506458 -1.064034
v 1.565265 23.364902 -1.160680
v 1.547841 23.241941 -1.295645
v 1.572964 23.195024 -1.462000
v 1.728094 23.241989 -1.396261
v 1.678751 23.324305 -1.539294
v 1.713443 23.446260 -1.422361
v 1.555322 23.453066 -1.493173
v 1.533190 23.446215 -1.321745
v 1.449535 23.323786 -1.415879
v 1.427683 23.218620 -1.548517
v 1.447017 23.181555 -1.717815
v 1.583238 23.219767 -1.624209
v 1.542837 23.292040 -1.767782
v 1.573001 23.391859 -1.641774
v 1.436689 23.399780 -1.734075
v 1.417446 23.390713 -1.566082
v 1.340869 23.289297 -1.684108
v 1.323901 23.207209 -1.851190
v 1.352661 23.182192 -2.026902
v 1.464319 23.209745 -1.899448
v 1.442815 23.280960 -2.056386
v 1.458928 23.358255 -1.906257
v 1.347095 23.375917 -2.031547
v 1.318511 23.355719 -1.858000
v 1.256942 23.277151 -2.002064
v 1.253566 23.207762 -2.133991
v 1.292018 23.185272 -2.253320
v 1.383814 23.210554 -2.169220
v 1.376095 23.276464 -2.277553
v 1.380366 23.345474 -2.171175
v 1.287538 23.363932 -2.255654
v 1.250119 23.342678 -2.135947
v 1.203461 23.272739 -2.231421
v 1.206244 23.208765 -2.329324
v 1.244549 23.187750 -2.430753
v 1.327445 23.211382 -2.361712
v 1.323001 23.272837 -2.453365
v 1.324300 23.336811 -2.363351
v 1.240369 23.354452 -2.432931
v 1.203099 23.334194 -2.330963
v 1.161917 23.269363 -2.410319
v 1.165717 23.209641 -2.496702
v 1.202337 23.189943 -2.588538
v 1.279044 23.212086 -2.526986
v 1.275787 23.269611 -2.609710
v 1.276103 23.329369 -2.528519
v 1.198424 23.346024 -2.590579
v 1.162776 23.326921 -2.498235
v 1.124973 23.266357 -2.569408
v 1.128971 23.210434 -2.648466
v 1.163542 23.191965 -2.733552
v 1.235158 23.212723 -2.676842
v 1.232395 23.266647 -2.753398
v 1.232402 23.322620 -2.678278
v 1.159873 23.338274 -2.735464
v 1.126215 23.320324 -2.649902
v 1.091020 23.263594 -2.715619
v 1.094855 23.211168 -2.789366
v 1.127239 23.193857 -2.869249
v 1.194413 23.213316 -2.815971
v 1.191790 23.263870 -2.887855
v 1.191830 23.316349 -2.817317
v 1.123799 23.331024 -2.871042
v 1.092271 23.314201 -2.790713
v 1.059247 23.261011 -2.852436
v 1.062728 23.211861 -2.922053
v 1.092874 23.195644 -2.997702
v 1.156044 23.213879 -2.946990
v 1.153354 23.261244 -3.015135
v 1.153623 23.310450 -2.948252
v 1.089651 23.324162 -2.999382
v 1.060306 23.308435 -2.923315
v 1.029172 23.258564 -2.981950
v 1.032182 23.212521 -3.048206
v 1.060080 23.197353 -3.120283
v 1.119564 23.214407 -3.071557
v 1.116673 23.258734 -3.136596
v 1.117296 23.304838 -3.072739
v 1.057064 23.317610 -3.121855
v 1.029915 23.302954 -3.049387
v 1.000470 23.256227 -3.105543
v 1.002940 23.213148 -3.168978
v 1.028597 23.198994 -3.237963
v 1.084640 23.214916 -3.190811
v 1.081460 23.256329 -3.253201
v 1.082520 23.299463 -3.191916
v 1.025780 23.311325 -3.239432
v 1.000820 23.297703 -3.170083
v 0.972917 23.253986 -3.224195
v 0.974798 23.213758 -3.285205
v 0.998233 23.200575 -3.351460
v 1.051030 23.215405 -3.305576
v 1.047499 23.254007 -3.365659
v 1.049052 23.294296 -3.306608
v 0.995608 23.305260 -3.352828
v 0.972820 23.292650 -3.286236
v 0.946343 23.251827 -3.338628
v 0.947604 23.214348 -3.397517
v 0.968841 23.202105 -3.461324
v 1.018552 23.215878 -3.416477
v 1.014624 23.251762 -3.474520
v 1.016711 23.289299 -3.417436
v 0.966402 23.299389 -3.462595
v 0.945763 23.287767 -3.398476
v 0.920619 23.249731 -3.449399
v 0.921239 23.214914 -3.506406
v 0.940305 23.203588 -3.567991
v 0.987065 23.216337 -3.523996
v 0.982706 23.249580 -3.580213
v 0.985356 23.284458 -3.524886
v 0.938046 23.293690 -3.569169
v 0.919531 23.283037 -3.507296
v 0.895644 23.247700 -3.556947
v 0.895609 23.215466 -3.612262
v 0.912530 23.205030 -3.671811
v 0.956454 23.216778 -3.628522
v 0.951640 23.247456 -3.683084
v 0.954875 23.279747 -3.629345
v 0.910446 23.288143 -3.672897
v 0.894030 23.278435 -3.613086
v 0.871336 23.245720 -3.661624
v 0.872518 23.217197 -3.712554
v 0.926371 23.218361 -3.726945
v 0.924973 23.274096 -3.727674
v 0.871120 23.272932 -3.713283
v 2.217968 21.886295 -0.676035
v 2.436109 21.811985 -0.877682
v 2.524635 21.863174 -0.617118
v 2.628273 21.992174 -0.856582
v 2.550272 22.160332 -0.640226
v 2.451817 22.181412 -0.914723
v 2.242476 22.185009 -0.704247
v 2.259653 22.001225 -0.935823
v 2.369183 21.853395 -1.110467
v 2.527773 21.808289 -1.255858
v 2.607497 21.852587 -1.057335
v 2.675107 21.954348 -1.240561
v 2.613995 22.094812 -1.083020
v 2.535110 22.100588 -1.288566
v 2.375629 22.095684 -1.136323
v 2.387777 21.954529 -1.303863
v 2.473816 21.843840 -1.441240
v 2.593638 21.804346 -1.560258
v 2.656076 21.843422 -1.403424
v 2.709549 21.916733 -1.555858
v 2.661217 22.028040 -1.426580
v 2.600879 22.030275 -1.593499
v 2.478956 22.028460 -1.464396
v 2.484969 21.917887 -1.597899
v 2.537324 21.820473 -1.695583
v 2.629524 21.771385 -1.781196
v 2.693195 21.819164 -1.669656
v 2.740255 21.876184 -1.784690
v 2.698818 21.974842 -1.696103
v 2.637747 21.983290 -1.820579
v 2.542948 21.976151 -1.722030
v 2.527016 21.878490 -1.817085
v 2.567643 21.780848 -1.900159
v 2.658779 21.730654 -1.985894
v 2.722868 21.779016 -1.877467
v 2.769744 21.835197 -1.990821
v 2.729005 21.932962 -1.907065
v 2.667248 21.942295 -2.026778
v 2.573781 21.934795 -1.929757
v 2.556282 21.837749 -2.021851
v 2.597000 21.740007 -2.105477
v 2.688156 21.689789 -2.191342
v 2.752245 21.738153 -2.082910
v 2.799122 21.794334 -2.196270
v 2.758404 21.892075 -2.112644
v 2.696625 21.901428 -2.232227
v 2.603159 21.893930 -2.135211
v 2.585660 21.796885 -2.227299
v 2.626377 21.699144 -2.310925
v 2.717534 21.648924 -2.396791
v 2.781622 21.697290 -2.288358
v 2.828499 21.753469 -2.401718
v 2.787782 21.851210 -2.318093
v 2.726003 21.860565 -2.437676
v 2.632537 21.853064 -2.340660
v 2.615037 21.756020 -2.432749
v 2.655755 21.658279 -2.516374
v 2.746912 21.608061 -2.602239
v 2.811000 21.656425 -2.493807
v 2.857877 21.712605 -2.607167
v 2.817159 21.810347 -2.523541
v 2.755381 21.819702 -2.643124
v 2.661914 21.812202 -2.546108
v 2.644415 21.715158 -2.638197
v 2.685133 21.617416 -2.721823
v 2.776289 21.567200 -2.807688
v 2.840378 21.615561 -2.699255
v 2.887255 21.671743 -2.812616
v 2.846537 21.769485 -2.728990
v 2.784759 21.778837 -2.848573
v 2.691293 21.771338 -2.751557
v 2.673793 21.674292 -2.843646
v 2.714510 21.576551 -2.927271
v 2.805667 21.526331 -3.013137
v 2.869756 21.574697 -2.904704
v 2.916633 21.630877 -3.018064
v 2.875915 21.728621 -2.934438
v 2.814136 21.737974 -3.054021
v 2.720670 21.730474 -2.957006
v 2.703171 21.633429 -3.049094
v 2.743898 21.535675 -3.132805
v 2.835251 21.485216 -3.220288
v 2.899160 21.533798 -3.110376
v 2.946103 21.589903 -3.224275
v 2.905282 21.687769 -3.139801
v 2.843307 21.697361 -3.257767
v 2.750020 21.689644 -3.162230
v 2.732456 21.592676 -3.253780
v 2.773520 21.495571 -3.342816
v 2.863929 21.452362 -3.454451
v 2.928764 21.493229 -3.323741
v 2.971914 21.555405 -3.453863
v 2.933989 21.647846 -3.345733
v 2.869965 21.662107 -3.474866
v 2.778744 21.650192 -3.364809
v 2.761980 21.559067 -3.475455
v 2.803013 21.479568 -3.609746
v 2.884444 21.455503 -3.747562
v 2.949082 21.476793 -3.597667
v 2.981278 21.548544 -3.742850
v 2.952672 21.622982 -3.605334
v 2.888548 21.645346 -3.750789
v 2.806602 21.625759 -3.617414
v 2.791714 21.552307 -3.755501
v 2.826549 21.486216 -3.869210
v 2.897186 21.464355 -3.961493
v 2.957384 21.483578 -3.861409
v 2.984842 21.548687 -3.956361
v 2.960051 21.614632 -3.861568
v 2.900655 21.636492 -3.961289
v 2.829216 21.617273 -3.869370
v 2.813000 21.552162 -3.966421
v 2.842936 21.491690 -4.051496
v 2.907109 21.471392 -4.128567
v 2.962620 21.489267 -4.044489
v 2.987598 21.548826 -4.123856
v 2.965037 21.609161 -4.044348
v 2.910296 21.629454 -4.128381
v 2.845353 21.611578 -4.051354
v 2.829807 21.552019 -4.133093
v 2.856994 21.496389 -4.207853
v 2.915935 21.477650 -4.277142
v 2.967098 21.494165 -4.201406
v 2.990050 21.548958 -4.272803
v 2.969321 21.604458 -4.201276
v 2.918869 21.623199 -4.276970
v 2.859217 21.606680 -4.207723
v 2.844753 21.551889 -4.281310
v 2.869740 21.500654 -4.349623
v 2.924046 21.483404 -4.413690
v 2.971158 21.498604 -4.343685
v 2.992304 21.549072 -4.409693
v 2.973206 21.600193 -4.343565
v 2.926747 21.617445 -4.413531
v 2.871788 21.602247 -4.349504
v 2.858489 21.551779 -4.417528
v 2.881574 21.504614 -4.481246
v 2.931635 21.488785 -4.541465
v 2.974928 21.502724 -4.475780
v 2.994413 21.549183 -4.537790
v 2.976812 21.596237 -4.475670
v 2.934120 21.612064 -4.541319
v 2.883459 21.598125 -4.481135
v 2.871343 21.551668 -4.544995
v 2.892717 21.508339 -4.605196
v 2.938820 21.493877 -4.662419
v 2.978477 21.506605 -4.600175
v 2.996409 21.549284 -4.659048
v 2.980209 21.592512 -4.600072
v 2.941099 21.606972 -4.662285
v 2.894449 21.594244 -4.605094
v 2.883510 21.551569 -4.665658
v 2.903312 21.511883 -4.723042
v 2.945676 21.498739 -4.777844
v 2.981852 21.510290 -4.718443
v 2.998314 21.549379 -4.774763
v 2.983438 21.588968 -4.718351
v 2.947759 21.602108 -4.777723
v 2.904898 21.590557 -4.722948
v 2.895121 21.551470 -4.780804
v 2.913455 21.515276 -4.835861
v 2.952258 21.503407 -4.888655
v 2.985083 21.513823 -4.831667
v 3.000142 21.549475 -4.885851
v 2.986529 21.585575 -4.831583
v 2.954153 21.597445 -4.888544
v 2.914902 21.587025 -4.835776
v 2.906268 21.551374 -4.891347
v 2.923217 21.518538 -4.944435
v 2.958606 21.507910 -4.995525
v 2.988193 21.517223 -4.940630
v 3.001906 21.549566 -4.992990
v 2.989505 21.582312 -4.940554
v 2.960319 21.592941 -4.995425
v 2.924529 21.583626 -4.944358
v 2.917019 21.551285 -4.997960
v 2.933567 21.522753 -5.046078
v 2.989948 21.521612 -5.042777
v 2.991086 21.578093 -5.042711
v 2.934705 21.579231 -5.046012
v 1.414842 20.304964 -0.377407
v 1.451370 20.222424 -0.642405
v 1.687454 20.315462 -0.521173
v 1.608861 20.407372 -0.755545
v 1.670282 20.605373 -0.566484
v 1.418911 20.592388 -0.712555
v 1.374954 20.612074 -0.441273
v 1.261420 20.407442 -0.599416
v 1.250696 20.243977 -0.778894
v 1.298534 20.184568 -0.976574
v 1.477232 20.244181 -0.878568
v 1.422095 20.329794 -1.065541
v 1.457087 20.486137 -0.924908
v 1.272574 20.474791 -1.036136
v 1.229821 20.486313 -0.825728
v 1.149013 20.329565 -0.947169
v 1.146818 20.205502 -1.090236
v 1.184370 20.151495 -1.241751
v 1.319325 20.206030 -1.163516
v 1.276096 20.260654 -1.318352
v 1.300291 20.386858 -1.207415
v 1.155957 20.368343 -1.307852
v 1.127784 20.386330 -1.134134
v 1.064231 20.259184 -1.231251
v 1.066422 20.143627 -1.323342
v 1.110596 20.073528 -1.431206
v 1.213337 20.145319 -1.381700
v 1.193709 20.173016 -1.511498
v 1.190173 20.291544 -1.436155
v 1.075721 20.269485 -1.513811
v 1.043258 20.289850 -1.377797
v 0.992608 20.170000 -1.433518
v 0.999072 20.052877 -1.503879
v 1.043300 19.980955 -1.610774
v 1.145514 20.055275 -1.560115
v 1.125820 20.079775 -1.692582
v 1.119210 20.196737 -1.622596
v 1.006947 20.175251 -1.697158
v 0.972768 20.194334 -1.566359
v 0.924426 20.076433 -1.615350
v 0.931091 19.959532 -1.685198
v 0.975265 19.887550 -1.792232
v 1.077559 19.961962 -1.741367
v 1.057785 19.986372 -1.874040
v 1.051121 20.103270 -1.804191
v 0.938911 20.081846 -1.878616
v 0.904652 20.100838 -1.748023
v 0.856391 19.983027 -1.796808
v 0.863055 19.866127 -1.866657
v 0.907229 19.794146 -1.973690
v 1.009524 19.868557 -1.922825
v 0.989750 19.892969 -2.055497
v 0.983085 20.009865 -1.985649
v 0.870876 19.988445 -2.060073
v 0.836617 20.007435 -1.929481
v 0.788356 19.889624 -1.978266
v 0.795020 19.772722 -2.048115
v 0.839194 19.700743 -2.155148
v 0.941488 19.775156 -2.104283
v 0.921714 19.799564 -2.236955
v 0.915050 19.916464 -2.167107
v 0.802841 19.895042 -2.241531
v 0.768582 19.914032 -2.110938
v 0.720320 19.796219 -2.159724
v 0.727002 19.679333 -2.229540
v 0.769234 19.605967 -2.340139
v 0.873086 19.681492 -2.286415
v 0.851562 19.704651 -2.422300
v 0.846997 19.823048 -2.348597
v 0.736730 19.803009 -2.419456
v 0.700914 19.820889 -2.291722
v 0.654402 19.704325 -2.337294
v 0.657162 19.588774 -2.410038
v 0.671030 19.528503 -2.535159
v 0.793360 19.584614 -2.483245
v 0.749411 19.623060 -2.615937
v 0.775774 19.731262 -2.530065
v 0.658922 19.729382 -2.579760
v 0.639576 19.735424 -2.456858
v 0.580541 19.634827 -2.498982
v 0.537985 19.556789 -2.584063
v 0.504014 19.538721 -2.703531
v 0.641322 19.546337 -2.674984
v 0.567774 19.616711 -2.771606
v 0.642199 19.683363 -2.693528
v 0.515296 19.709106 -2.715116
v 0.538862 19.693813 -2.602607
v 0.451536 19.631115 -2.647041
v 0.401093 19.577608 -2.720920
v 0.380552 19.562498 -2.810237
v 0.473826 19.567760 -2.806579
v 0.432769 19.626638 -2.866498
v 0.484503 19.680002 -2.810676
v 0.394587 19.703194 -2.814662
v 0.411770 19.689852 -2.725016
v 0.342369 19.639057 -2.758402
v 0.303149 19.593943 -2.817178
v 0.285620 19.581472 -2.891807
v 0.363117 19.585707 -2.888886
v 0.328978 19.634726 -2.938521
v 0.372428 19.679035 -2.891821
v 0.297274 19.698294 -2.895481
v 0.312459 19.687273 -2.820113
v 0.253916 19.645039 -2.848767
v 0.219074 19.607960 -2.899808
v 0.201201 19.598343 -2.964345
v 0.268584 19.601160 -2.959010
v 0.236680 19.641918 -3.002570
v 0.276271 19.678213 -2.961433
v 0.210737 19.693935 -2.967350
v 0.226761 19.685015 -2.902231
v 0.175258 19.650358 -2.929125
v 0.145928 19.621367 -2.973490
v 0.184724 19.616039 -3.019881
v 0.190747 19.676420 -3.021780
v 0.151951 19.681749 -2.975389
v 2.600328 21.789944 0.919128
v 2.520122 21.714132 1.157305
v 2.316805 21.800283 1.028326
v 2.352563 21.895964 1.253542
v 2.311046 22.084972 1.062425
v 2.540226 22.074490 1.228931
v 2.613179 22.077356 0.982486
v 2.707783 21.892658 1.132695
v 2.697097 21.736029 1.298465
v 2.632593 21.676029 1.484717
v 2.466697 21.736576 1.377761
v 2.503046 21.821123 1.553986
v 2.483241 21.974300 1.426473
v 2.653115 21.963924 1.540806
v 2.714142 21.973824 1.347979
v 2.782662 21.818827 1.471537
v 2.770089 21.694752 1.625433
v 2.689961 21.657829 1.783588
v 2.591030 21.699751 1.653878
v 2.588673 21.774683 1.789665
v 2.603283 21.882563 1.682579
v 2.704522 21.880173 1.805663
v 2.782342 21.877565 1.654134
v 2.805810 21.763319 1.799586
v 2.720330 21.688349 1.953412
v 2.582506 21.678949 2.069857
v 2.580484 21.697886 1.916375
v 2.503840 21.781414 2.031132
v 2.591338 21.845951 1.922355
v 2.598706 21.870861 2.069354
v 2.731184 21.836414 1.959392
v 2.677372 21.768398 2.108078
v 2.586735 21.711393 2.208683
v 2.478796 21.700916 2.266465
v 2.468787 21.720526 2.146645
v 2.409118 21.794987 2.222537
v 2.480754 21.853794 2.143845
v 2.494749 21.876972 2.262278
v 2.598702 21.844660 2.205883
v 2.564428 21.782906 2.306206
v 2.493244 21.728775 2.374558
v 2.397613 21.718229 2.419661
v 2.384451 21.737242 2.315948
v 2.332888 21.805609 2.378857
v 2.395626 21.860567 2.313016
v 2.412431 21.881769 2.415773
v 2.504419 21.852102 2.371626
v 2.477156 21.794388 2.456577
v 2.413225 21.743696 2.516192
v 2.325419 21.733625 2.555893
v 2.311960 21.751577 2.461638
v 2.265100 21.815060 2.517866
v 2.322361 21.866367 2.458909
v 2.339229 21.886032 2.552269
v 2.423626 21.858492 2.513463
v 2.399549 21.804596 2.590297
v 2.340670 21.757227 2.644613
v 2.259070 21.747772 2.681098
v 2.246231 21.764576 2.593736
v 2.202799 21.823742 2.645623
v 2.255931 21.871628 2.591191
v 2.271953 21.889952 2.677717
v 2.350370 21.864277 2.642067
v 2.328223 21.813982 2.713192
v 2.273309 21.769791 2.763841
v 2.196982 21.761013 2.798259
v 2.185208 21.776644 2.716379
v 2.144501 21.831863 2.765173
v 2.194257 21.876514 2.714004
v 2.208998 21.893618 2.795106
v 2.282358 21.869656 2.761467
v 2.261480 21.822765 2.828192
v 2.209874 21.781620 2.876119
v 2.138209 21.773544 2.909166
v 2.127741 21.788008 2.831873
v 2.089314 21.839556 2.878340
v 2.136178 21.881113 2.829659
v 2.149405 21.897087 2.906228
v 2.218310 21.874720 2.873905
v 2.198299 21.831076 2.937053
v 2.149563 21.792870 2.982869
v 2.082123 21.785505 3.015002
v 2.073105 21.798817 2.941679
v 2.036650 21.846897 2.986335
v 2.080958 21.885487 2.939617
v 2.092534 21.900400 3.012271
v 2.157416 21.879539 2.980808
v 2.138007 21.839010 3.040938
v 2.091824 21.803635 3.085064
v 2.028280 21.796988 3.116607
v 2.020799 21.809160 3.046801
v 1.986092 21.853941 3.090011
v 2.028094 21.889671 3.044887
v 2.037938 21.903580 3.114073
v 2.099119 21.884148 3.083150
v 2.080125 21.846626 3.140669
v 2.036258 21.813995 3.183414
v 1.976350 21.808062 3.214601
v 1.970461 21.819115 3.147968
v 1.937331 21.860737 3.190002
v 1.977219 21.893700 3.146194
v 1.985283 21.906645 3.212256
v 2.043017 21.888584 3.181641
v 2.024302 21.853970 3.236855
v 1.982564 21.824011 3.278452
v 1.926082 21.818781 3.309458
v 1.921819 21.828735 3.245726
v 1.890131 21.867315 3.286793
v 1.928059 21.897594 3.244089
v 1.934313 21.909620 3.307297
v 1.988804 21.892868 3.276814
v 1.970264 21.861084 3.329963
v 1.930507 21.833717 3.370592
v 1.877277 21.829187 3.401554
v 1.874659 21.838064 3.340505
v 1.844304 21.873705 3.380767
v 1.880396 21.901373 3.339000
v 1.884827 21.912500 3.399572
v 1.936244 21.897028 3.369086
v 1.917800 21.867987 3.420360
v 1.880520 21.844128 3.456828
v 1.831368 21.847952 3.430348
v 1.836416 21.903669 3.429024
v 1.885568 21.899843 3.455503
v 2.273993 20.229555 0.951741
v 2.193834 20.126549 1.175454
v 1.977267 20.240204 1.062704
v 2.035380 20.308325 1.296229
v 2.005460 20.531569 1.131668
v 2.237589 20.486225 1.280259
v 2.317403 20.521505 1.018738
v 2.396044 20.304449 1.159485
v 2.378551 20.128464 1.306245
v 2.313706 20.054060 1.481508
v 2.147036 20.129347 1.393693
v 2.191399 20.198004 1.570346
v 2.175532 20.363823 1.467262
v 2.348206 20.335955 1.570586
v 2.407445 20.362911 1.379694
v 2.470513 20.192013 1.481747
v 2.451895 20.053162 1.615827
v 2.361032 20.002439 1.750290
v 2.274962 20.066483 1.641417
v 2.269618 20.125513 1.770691
v 2.296616 20.243805 1.696871
v 2.387119 20.215816 1.815955
v 2.473550 20.230484 1.671280
v 2.478533 20.092743 1.795554
v 2.360559 19.993607 1.913158
v 2.195891 19.967804 1.992647
v 2.233373 20.025290 1.859553
v 2.133414 20.083557 1.968029
v 2.250788 20.166374 1.902267
v 2.218647 20.149984 2.047153
v 2.377974 20.134691 1.955872
v 2.281124 20.034231 2.071770
v 2.162811 19.961304 2.132626
v 2.041660 19.946148 2.160418
v 2.065942 19.997869 2.050597
v 1.988832 20.053583 2.130084
v 2.081788 20.124022 2.088149
v 2.062556 20.112362 2.209856
v 2.178657 20.087454 2.170177
v 2.115384 20.004925 2.240191
v 2.025749 19.942106 2.273706
v 1.920290 19.929125 2.292393
v 1.937333 19.976103 2.196780
v 1.871477 20.028397 2.264364
v 1.951932 20.092228 2.231320
v 1.939598 20.082705 2.338074
v 2.040348 20.058233 2.308246
v 1.988413 19.983433 2.366104
v 1.908483 19.925791 2.394101
v 1.812361 19.913986 2.409753
v 1.826623 19.957270 2.322880
v 1.767116 20.005999 2.383774
v 1.840139 20.064779 2.354859
v 1.830257 20.056334 2.452094
v 1.921999 20.033306 2.426080
v 1.875501 19.964321 2.478074
v 1.802156 19.910999 2.503265
v 1.713168 19.900074 2.517614
v 1.726241 19.940191 2.437216
v 1.671204 19.985415 2.493519
v 1.738776 20.039898 2.466872
v 1.729766 20.032103 2.556885
v 1.814691 20.010708 2.532921
v 1.771730 19.946762 2.580980
v 1.703440 19.897268 2.604615
v 1.620347 19.887051 2.618546
v 1.633045 19.924335 2.543368
v 1.581454 19.966148 2.596212
v 1.644668 20.016792 2.570868
v 1.635731 20.009422 2.654943
v 1.715063 19.989723 2.632115
v 1.674625 19.930325 2.677276
v 1.610479 19.884333 2.700057
v 1.532482 19.874727 2.714089
v 1.545281 19.909405 2.643332
v 1.496494 19.947916 2.693425
v 1.556046 19.995033 2.668801
v 1.546717 19.987953 2.747767
v 1.621244 19.969963 2.725527
v 1.582704 19.914768 2.768431
v 1.522095 19.872040 2.790799
v 1.448633 19.862972 2.805264
v 1.461839 19.895206 2.738374
v 1.415418 19.930515 2.786193
v 1.471788 19.974344 2.761913
v 1.461771 19.967468 2.836348
v 1.532044 19.951178 2.814338
v 1.494985 19.899921 2.855419
v 1.437481 19.860268 2.877671
v 1.368137 19.851679 2.892794
v 1.381956 19.881618 2.829361
v 1.337584 19.913813 2.875252
v 1.391124 19.954544 2.851052
v 1.380221 19.947803 2.921386
v 1.446649 19.933195 2.899362
v 1.410774 19.885670 2.938929
v 1.356052 19.848940 2.961273
v 1.290502 19.840792 2.977213
v 1.305079 19.868536 2.916924
v 1.262517 19.897701 2.961145
v 1.313495 19.935488 2.936837
v 1.301571 19.928837 3.003402
v 1.364468 19.915886 2.981185
v 1.329556 19.871925 3.019470
v 1.277365 19.837996 3.042059
v 1.215352 19.830250 3.058930
v 1.230792 19.855904 3.001539
v 1.189853 19.882109 3.044289
v 1.238482 19.917072 3.019732
v 1.225438 19.910473 3.082793
v 1.285055 19.899162 3.060253
v 1.250937 19.858618 3.097434
v 1.202697 19.829161 3.117573
v 1.161974 19.844820 3.082143
v 1.168698 19.898302 3.098052
v 1.209420 19.882645 3.133482
v 0.961003 25.450279 0.567013
v 0.830372 25.474358 0.502705
v 0.941949 25.449390 0.410519
v 1.056737 25.373161 0.476196
v 0.861974 25.571671 0.389698
v 1.000169 25.595322 0.402678
v 1.077463 25.478859 0.360243
v 0.918736 25.670557 0.490931
v 1.019223 25.596207 0.559172
v 1.126634 25.585327 0.466643
v 0.887134 25.573248 0.603938
v 1.105908 25.479628 0.582595
v 0.744976 25.552937 0.590903
v 0.617997 25.576527 0.526404
v 0.726946 25.551680 0.435060
v 0.651809 25.672935 0.413133
v 0.793757 25.693331 0.426194
v 0.710361 25.771090 0.514153
v 0.811787 25.694588 0.582037
v 0.676549 25.674683 0.627424
v 0.534401 25.654367 0.614387
v 0.407622 25.677876 0.549864
v 0.516408 25.653097 0.458540
v 0.441434 25.774286 0.436594
v 0.583582 25.794596 0.449630
v 0.499986 25.872440 0.537614
v 0.601575 25.795868 0.605478
v 0.466174 25.776030 0.650884
v 0.324026 25.755716 0.637848
v 0.197247 25.779224 0.573325
v 0.306033 25.754444 0.482000
v 0.231059 25.875633 0.460054
v 0.373208 25.895947 0.473091
v 0.289611 25.973787 0.561074
v 0.391200 25.897217 0.628938
v 0.255799 25.877380 0.674345
v 0.113650 25.857065 0.661308
v -0.013128 25.880573 0.596785
v 0.095658 25.855795 0.505461
v 0.020684 25.976984 0.483515
v 0.162833 25.997293 0.496551
v 0.079237 26.075136 0.584535
v 0.180825 25.998569 0.652399
v 0.045424 25.978729 0.697805
v -0.096358 25.958292 0.684728
v -0.219390 25.980532 0.619793
v -0.114335 25.957012 0.528879
v -0.189607 26.078304 0.506966
v -0.047908 26.098768 0.520052
v -0.135252 26.177877 0.608448
v -0.029931 26.100044 0.675901
v -0.165035 26.080107 0.721275
v -0.300129 26.054613 0.707189
v -0.426470 26.059547 0.642620
v -0.317691 26.053223 0.551774
v -0.416662 26.160530 0.534649
v -0.269232 26.200388 0.544927
v -0.383675 26.263504 0.635857
v -0.251670 26.201782 0.700342
v -0.393484 26.162521 0.743827
v -0.177519 27.835897 1.702909
v -0.207223 27.845312 1.658843
v -0.183441 27.825472 1.671623
v -0.193012 27.897356 1.660382
v -0.194778 27.870440 1.640504
v -0.163307 27.887943 1.704448
v -0.162643 27.901634 1.673875
v -0.151306 27.856665 1.704993
v -0.145010 27.824934 1.681854
v -0.177592 27.835260 1.633519
v -0.137931 27.811075 1.637869
v -0.162004 27.892345 1.635208
v -0.150089 27.859304 1.604498
v -0.129422 27.882015 1.683542
v -0.115627 27.892756 1.640285
v -0.103469 27.844528 1.673656
v -0.083807 27.806644 1.640015
v -0.119379 27.817915 1.587246
v -0.064925 27.787989 1.583723
v -0.102361 27.880241 1.589089
v -0.078399 27.841436 1.546738
v -0.066789 27.868963 1.641858
v -0.040206 27.878510 1.586400
v -0.026732 27.825062 1.623384
v 0.005068 27.780081 1.579259
v -0.034844 27.792732 1.520050
v 0.034498 27.756542 1.509984
v -0.015749 27.862658 1.522119
v 0.019231 27.817102 1.468078
v 0.024164 27.850010 1.581327
v 0.062506 27.859110 1.513017
v 0.077773 27.798548 1.554923
v 0.120763 27.745504 1.500169
v 0.075200 27.759941 1.432578
v 0.159656 27.716957 1.417157
v 0.096998 27.839771 1.434939
v 0.142132 27.786470 1.369056
v 0.142561 27.825333 1.502530
v 0.191804 27.834684 1.420639
v 0.209329 27.765175 1.468740
v 0.262680 27.703089 1.403153
v 0.210185 27.719727 1.325280
v 0.310045 27.669392 1.305618
v 0.235299 27.811699 1.328000
v 0.289809 27.749666 1.250073
v 0.287794 27.795059 1.405874
v 0.347168 27.805342 1.309639
v 0.367405 27.725069 1.365183
v 0.430358 27.652977 1.288527
v 0.369674 27.672211 1.198504
v 0.485263 27.613976 1.175663
v 0.398706 27.778532 1.201649
v 0.461867 27.706781 1.111445
v 0.459391 27.759298 1.291672
v 0.528184 27.771152 1.180312
v 0.551580 27.678347 1.244529
v 0.622975 27.595453 1.156840
v 0.553203 27.617540 1.052604
v 0.681915 27.552017 1.029551
v 0.587304 27.740162 1.055872
v 0.659864 27.657160 0.952200
v 0.657076 27.718075 1.160107
v 0.737571 27.730974 1.030891
v 0.759622 27.625830 1.108242
v 0.828321 27.533411 1.016953
v 0.756353 27.555470 0.891963
v 0.875727 27.478645 0.892373
v 0.808776 27.690884 0.887084
v 0.874903 27.585796 0.790583
v 0.880744 27.668831 1.012074
v 0.967806 27.666031 0.875285
v 0.968629 27.558876 0.977075
v 1.002052 27.442595 0.916462
v 0.939878 27.458143 0.774155
v 1.030233 27.363791 0.816253
v 1.020061 27.589893 0.754910
v 1.052613 27.458635 0.699731
v 1.082235 27.574348 0.897217
v 1.153133 27.537140 0.783335
v 1.130752 27.442293 0.899857
v 1.151577 27.316162 0.852221
v 1.097041 27.326466 0.705508
v 1.185666 27.231014 0.750046
v 1.190154 27.449972 0.679668
v 1.212779 27.322598 0.631115
v 1.244690 27.439665 0.826381
v 1.314430 27.400322 0.714144
v 1.287316 27.308737 0.833074
v 1.309677 27.181549 0.784679
v 1.255654 27.191502 0.637732
v 1.346875 27.094288 0.681302
v 1.348783 27.314989 0.611811
v 1.372164 27.187109 0.563041
v 1.402807 27.305037 0.758758
v 1.469950 27.267456 0.647489
v 1.444661 27.174633 0.765750
v 1.470598 27.046238 0.716660
v 1.420985 27.053221 0.567808
v 1.507901 26.967226 0.616506
v 1.501708 27.185280 0.546397
v 1.523873 27.067354 0.499844
v 1.551321 27.178299 0.695250
v 1.602580 27.161463 0.592613
v 1.586608 27.061335 0.709275
v 1.403338 29.364908 -0.007795
v 1.314046 29.429861 -0.098690
v 1.427637 29.366146 -0.150558
v 1.486502 29.253359 -0.067758
v 1.390293 29.498724 -0.178363
v 1.522113 29.474644 -0.133561
v 1.574437 29.337019 -0.162465
v 1.433301 29.568161 -0.077223
v 1.497815 29.473402 0.009202
v 1.629511 29.415522 -0.042065
v 1.357054 29.499298 0.002450
v 1.541575 29.331860 0.052641
v 1.249297 29.516750 -0.048289
v 1.189322 29.555439 -0.123675
v 1.272603 29.515703 -0.170981
v 1.256766 29.615641 -0.193672
v 1.353404 29.609823 -0.156434
v 1.293892 29.677322 -0.104848
v 1.330099 29.610865 -0.033742
v 1.226447 29.617121 -0.034851
v 1.141449 29.622904 -0.076928
v 1.090988 29.654425 -0.143369
v 1.162266 29.621885 -0.185974
v 1.151149 29.708124 -0.205807
v 1.234064 29.705574 -0.173047
v 1.184265 29.763149 -0.126575
v 1.213246 29.706587 -0.064001
v 1.124104 29.709446 -0.064138
v 1.048933 29.713966 -0.101499
v 1.003543 29.742453 -0.160883
v 1.067517 29.713058 -0.198850
v 1.057227 29.790373 -0.216598
v 1.131614 29.787771 -0.187309
v 1.086777 29.839472 -0.145897
v 1.113030 29.788679 -0.089959
v 1.033094 29.791552 -0.090182
v 0.965047 29.796537 -0.123777
v 0.923177 29.823357 -0.176978
v 0.981607 29.795732 -0.210525
v 0.970908 29.865961 -0.226515
v 1.038723 29.862303 -0.200241
v 0.997181 29.909613 -0.163654
v 1.022163 29.863111 -0.113494
v 0.949451 29.867006 -0.114118
v 0.887166 29.873196 -0.144461
v 0.847973 29.899057 -0.192040
v 0.901847 29.872484 -0.221364
v 0.890134 29.936691 -0.235796
v 0.952480 29.931499 -0.212248
v 0.913341 29.975250 -0.180271
v 0.937800 29.932215 -0.135345
v 0.871181 29.937616 -0.136515
v 0.813825 29.945387 -0.163940
v 0.776785 29.970724 -0.206298
v 0.826736 29.944759 -0.231571
v 0.813672 30.003647 -0.244581
v 0.871265 29.996660 -0.223554
v 0.833977 30.037384 -0.196001
v 0.858354 29.997288 -0.155922
v 0.797090 30.004459 -0.157718
v 0.747179 30.012842 -0.182925
v 0.758014 30.012312 -0.239685
v 0.795386 30.055872 -0.232957
v 0.784551 30.056398 -0.176197
v 2.196167 28.531504 0.135143
v 2.036694 28.645332 -0.029993
v 2.238490 28.542229 -0.161101
v 2.367067 28.345982 0.002309
v 2.180088 28.796679 -0.194326
v 2.413399 28.781462 -0.128223
v 2.513743 28.533054 -0.188903
v 2.275906 28.930435 0.013511
v 2.371076 28.770735 0.168020
v 2.591743 28.709908 0.046087
v 2.132512 28.779089 0.177843
v 2.445068 28.522835 0.237298
v 1.935843 28.801947 0.091747
v 1.822652 28.881979 -0.043127
v 1.965660 28.814934 -0.155179
v 1.945731 29.005905 -0.180054
v 2.130468 28.999180 -0.125650
v 2.031582 29.113201 -0.005778
v 2.100651 28.986193 0.121276
v 1.908503 28.989275 0.131149
v 1.747485 29.004354 0.059872
v 1.650206 29.074194 -0.053480
v 1.772402 29.015329 -0.147464
v 1.753673 29.177511 -0.168043
v 1.911575 29.169416 -0.122582
v 1.824741 29.268038 -0.022254
v 1.886658 29.158438 0.084753
v 1.721275 29.164719 0.092309
v 1.579489 29.184452 0.031097
v 1.602900 29.191145 -0.141096
v 1.717935 29.319996 -0.120475
v 1.694524 29.313301 0.051717
v 2.104290 25.107075 0.489897
v 1.888193 25.110950 0.363402
v 2.058669 25.116781 0.193466
v 1.899408 25.295473 0.169344
v 2.119887 25.397675 0.176117
v 1.963681 25.478024 0.351100
v 2.162076 25.396748 0.481484
v 1.952466 25.293503 0.545158
v 1.753067 25.204338 0.509224
v 1.579981 25.202841 0.404126
v 1.717568 25.204630 0.256116
v 1.590075 25.360640 0.239989
v 1.768961 25.454470 0.248663
v 1.644809 25.518440 0.395060
v 1.804378 25.454401 0.501998
v 1.634715 25.360641 0.559197
v 1.465742 25.285255 0.528077
v 1.310328 25.287630 0.441822
v 1.436160 25.285246 0.316261
v 1.320993 25.417780 0.305487
v 1.479555 25.494558 0.310195
v 1.368216 25.548046 0.433755
v 1.509136 25.494568 0.522011
v 1.357552 25.417898 0.570090
v 1.200926 25.360973 0.545910
v 1.177519 25.360697 0.371318
v 1.222393 25.530548 0.365111
v 1.245800 25.530827 0.539703
v 0.721590 23.889294 -0.389667
v 0.704410 23.861851 -0.489599
v 0.788989 23.888678 -0.539277
v 0.811297 23.840523 -0.441931
v 0.752916 23.969877 -0.588922
v 0.802179 24.051386 -0.535107
v 0.874018 23.958220 -0.545972
v 0.702039 24.078962 -0.493758
v 0.734780 24.052006 -0.385498
v 0.846184 24.076221 -0.428676
v 0.653534 23.970934 -0.394435
v 0.783462 23.958521 -0.324635
v 0.876515 23.845287 -0.315021
v 0.945784 23.845259 -0.491004
v 1.035872 23.769287 -0.354189
v 0.978122 24.031116 -0.478377
v 1.113534 23.910854 -0.478547
v 0.908853 24.031145 -0.302394
v 1.086095 24.052422 -0.334521
v 1.008434 23.910854 -0.210164
v 1.166817 23.761028 -0.176271
v 1.251604 23.760345 -0.395475
v 1.408797 23.654394 -0.204407
v 1.292097 23.990353 -0.379779
v 1.499107 23.824249 -0.364963
v 1.207486 23.991194 -0.160528
v 1.467999 24.002483 -0.183120
v 1.377689 23.832628 -0.022564
v 1.622807 23.636049 0.052589
v 1.709265 23.617004 -0.243280
v 1.750275 23.896032 -0.232134
v 1.669518 23.917915 0.065225
v 1.412702 22.179388 0.270474
v 1.236986 22.201815 0.110487
v 1.445338 22.170004 -0.008781
v 1.293435 22.354025 -0.044749
v 1.512534 22.433937 -0.005066
v 1.314476 22.507723 0.121306
v 1.487510 22.433233 0.290882
v 1.258028 22.355515 0.276542
v 1.081837 22.300709 0.192246
v 0.954940 22.314037 0.079895
v 1.103001 22.300943 -0.003101
v 0.989661 22.428740 -0.033186
v 1.147286 22.491901 0.002189
v 1.002478 22.542114 0.085794
v 1.126342 22.491415 0.198017
v 0.967756 22.427414 0.198876
v 0.331163 20.578466 0.503741
v 0.247103 20.564507 0.416631
v 0.328799 20.577881 0.336775
v 0.408318 20.533295 0.416681
v 0.263036 20.670429 0.309092
v 0.339999 20.744480 0.336516
v 0.406347 20.658760 0.291005
v 0.271852 20.778088 0.416452
v 0.342362 20.745066 0.503482
v 0.416477 20.784472 0.416355
v 0.255919 20.672165 0.523990
v 0.418448 20.659006 0.542031
v 0.537998 20.551723 0.511990
v 0.523692 20.552776 0.305383
v 0.715665 20.482962 0.393435
v 0.527636 20.760292 0.305286
v 0.698506 20.653229 0.233067
v 0.541508 20.759815 0.512690
v 0.717960 20.814821 0.398990
v 0.735119 20.644554 0.559358
v 1.003220 20.471203 0.503635
v 0.935382 20.506371 0.237544
v 0.942079 20.785334 0.239201
v 0.994099 20.773296 0.531119
v 2.999500 28.154762 0.243550
v 2.803508 28.165924 0.083564
v 3.045599 28.154148 0.012314
v 2.916281 28.337540 -0.086949
v 3.139332 28.367250 0.028942
v 2.956737 28.508013 0.114324
v 3.093694 28.368546 0.264383
v 2.843963 28.336397 0.284837
v 2.580090 28.287382 0.194187
v 2.634023 28.291264 -0.105239
v 2.772439 28.559271 -0.077670
v 2.718529 28.555408 0.221920
v 1.605113 26.957598 0.673151
v 1.562960 26.959747 0.514245
v 1.643587 26.900541 0.579148
v 1.620175 27.112379 0.500428
v 1.649795 27.015150 0.454764
v 1.662328 27.110228 0.659334
v 1.712041 27.128830 0.563126
v 1.705833 27.014221 0.687510
v 1.767782 26.897388 0.647253
v 1.725242 26.897474 0.463418
v 1.857974 26.815456 0.529666
v 1.774675 27.079161 0.452014
v 1.862911 26.953287 0.381819
v 1.817216 27.079075 0.635850
v 1.931991 27.091122 0.512628
v 1.927055 26.953287 0.660475
v 2.043597 26.799156 0.605665
v 1.992313 26.798790 0.380599
v 2.188893 26.691483 0.455835
v 2.051860 27.021286 0.366924
v 2.196515 26.857155 0.275506
v 2.102973 27.021097 0.591953
v 2.275879 27.023796 0.435743
v 2.268257 26.858120 0.616071
v 2.437541 26.673388 0.549582
v 2.390619 26.660051 0.271003
v 2.457815 26.930435 0.256678
v 2.498788 26.923151 0.534213
v -0.543538 26.100975 0.727828
v -0.681759 26.075863 0.669752
v -0.559200 26.099546 0.583540
v -0.691169 26.167654 0.576125
v -0.545572 26.242767 0.580595
v -0.680808 26.261309 0.667751
v -0.529910 26.244190 0.724883
v -0.671399 26.169518 0.761379
v -0.784317 26.101072 0.744364
v -0.882332 26.077402 0.690938
v -0.797725 26.099796 0.617733
v -0.894481 26.159410 0.608008
v -0.802204 26.226963 0.616917
v -0.889189 26.243092 0.689985
v -0.788795 26.228247 0.743548
v -0.877041 26.161083 0.772915
v -0.960746 26.100206 0.756590
v -1.043657 26.078896 0.707985
v -0.972791 26.099054 0.642696
v -1.054624 26.152931 0.633118
v -0.977527 26.213486 0.642038
v -1.049846 26.228476 0.707124
v -0.965482 26.214643 0.755931
v -1.038879 26.154436 0.781991
v -1.112483 26.099491 0.767116
v -1.187117 26.080221 0.723143
v -1.123371 26.098450 0.664156
v -1.197033 26.147167 0.655447
v -1.127652 26.201899 0.663560
v -1.192713 26.215475 0.722365
v -1.116763 26.202942 0.766521
v -1.182797 26.148527 0.790061
v -1.250063 26.098843 0.776661
v -1.318964 26.081440 0.737075
v -1.259904 26.097900 0.683613
v -1.327915 26.141870 0.675969
v -1.263772 26.191391 0.683075
v -1.324016 26.203527 0.736373
v -1.253932 26.192333 0.776123
v -1.315065 26.143099 0.797479
v -1.377796 26.098240 0.785522
v -1.442341 26.082581 0.750112
v -1.386663 26.097389 0.701678
v -1.450389 26.136911 0.695172
v -1.390149 26.181633 0.701193
v -1.446883 26.192347 0.749480
v -1.381282 26.182482 0.785038
v -1.438835 26.138018 0.804419
v -1.498083 26.097672 0.793867
v -1.559132 26.083664 0.762452
v -1.506033 26.096910 0.718689
v -1.566324 26.132219 0.713351
v -1.509159 26.172445 0.718255
v -1.563191 26.181765 0.761888
v -1.501208 26.173208 0.793433
v -1.555998 26.133209 0.810989
v -1.612446 26.097134 0.801801
v -1.670583 26.084690 0.774229
v -1.619525 26.096455 0.734863
v -1.676960 26.127739 0.730698
v -1.622308 26.163712 0.734476
v -1.674183 26.171665 0.773728
v -1.615229 26.164391 0.801414
v -1.667806 26.128616 0.817259
v -1.718791 26.097799 0.807984
v -1.724813 26.097221 0.751048
v -1.727180 26.154428 0.750719
v -1.721158 26.155005 0.807655
v 0.264615 23.789621 -0.676110
v 0.190352 23.761513 -0.788826
v 0.329096 23.788931 -0.816549
v 0.394826 23.781275 -0.687455
v 0.230045 23.863720 -0.887763
v 0.321698 23.942587 -0.825014
v 0.433016 23.886782 -0.790776
v 0.207804 23.966450 -0.789849
v 0.257217 23.943274 -0.684575
v 0.363146 23.992079 -0.708749
v 0.168111 23.864243 -0.690911
v 0.324956 23.886572 -0.605428
v 0.435883 23.833599 -0.568135
v 0.519972 23.834164 -0.700418
v 0.565637 23.828503 -0.577459
v 0.490999 23.987055 -0.718587
v 0.604911 23.934208 -0.680089
v 0.406910 23.986485 -0.586304
v 0.530155 24.039446 -0.599780
v 0.490880 23.933739 -0.497151
v 0.599438 23.878910 -0.462154
v 0.677636 23.878616 -0.598214
v 0.661868 24.033619 -0.608739
v 0.583670 24.033915 -0.472678
v -0.584101 24.146935 -0.781736
v -0.582847 24.149868 -0.836625
v -0.570025 24.127914 -0.809969
v -0.561293 24.200350 -0.833432
v -0.552987 24.167816 -0.848586
v -0.562547 24.197412 -0.778543
v -0.537822 24.203333 -0.805199
v -0.554860 24.163429 -0.766582
v -0.537104 24.121941 -0.777706
v -0.535655 24.125332 -0.841154
v -0.501408 24.091873 -0.810330
v -0.510738 24.183683 -0.837462
v -0.481793 24.137806 -0.854787
v -0.512188 24.180288 -0.774014
v -0.464334 24.178692 -0.804838
v -0.483949 24.132757 -0.760381
v -0.446751 24.076578 -0.772158
v -0.445032 24.080605 -0.847387
v -0.391334 24.034050 -0.810909
v -0.415489 24.149790 -0.843010
v -0.367584 24.089668 -0.864735
v -0.417208 24.145763 -0.767782
v -0.346446 24.139172 -0.804259
v -0.370196 24.083551 -0.750434
v -0.315544 24.010712 -0.764103
v -0.313435 24.015652 -0.856438
v -0.241429 23.955311 -0.811697
v -0.277173 24.100569 -0.851066
v -0.212050 24.024111 -0.878281
v -0.279283 24.095625 -0.758731
v -0.185902 24.085344 -0.803471
v -0.215281 24.016544 -0.736887
v -0.144689 23.924950 -0.753607
v -0.141197 23.930857 -0.868076
v -0.047303 23.854788 -0.811849
v -0.097175 24.036509 -0.861561
v -0.011448 23.940342 -0.894589
v -0.100668 24.030600 -0.747092
v 0.010780 24.018986 -0.803320
v -0.025074 23.933432 -0.720579
v 0.064120 23.823217 -0.738581
v 0.089154 23.825426 -0.876140
v 0.120024 23.961302 -0.872026
v 0.094991 23.959093 -0.734467
v 0.841249 22.372313 0.150233
v 0.737068 22.362396 0.063703
v 0.853770 22.373690 -0.007716
v 0.762321 22.469875 -0.041509
v 0.882463 22.529448 -0.004022
v 0.772743 22.575068 0.068465
v 0.869942 22.528072 0.153927
v 0.747490 22.467585 0.173677
v 0.632046 22.407442 0.136095
v 0.527234 22.396311 0.050624
v 0.642194 22.409225 -0.020453
v 0.551220 22.504021 -0.054685
v 0.667165 22.564074 -0.017065
v 0.561377 22.609262 0.055268
v 0.657017 22.562290 0.139483
v 0.537391 22.501549 0.160577
v 0.421561 22.441475 0.122966
v 0.316633 22.430363 0.037486
v 0.431618 22.443274 -0.033589
v 0.340620 22.538074 -0.067823
v 0.456450 22.598148 -0.030212
v 0.350777 22.643316 0.042130
v 0.446392 22.596348 0.126343
v 0.326790 22.535601 0.147439
v 0.210843 22.475536 0.109807
v 0.108730 22.464184 0.024831
v 0.221626 22.477274 -0.046618
v 0.134010 22.571787 -0.080247
v 0.245967 22.632191 -0.043328
v 0.137479 22.677595 0.028510
v 0.235184 22.630451 0.113097
v 0.112200 22.569990 0.133588
v -0.002704 22.508661 0.093433
v -0.091169 22.489340 -0.004546
v 0.025094 22.509024 -0.059100
v -0.060923 22.592695 -0.104529
v 0.037789 22.664164 -0.057978
v -0.088014 22.696466 -0.006370
v 0.009992 22.663799 0.094555
v -0.118260 22.593111 0.093613
v -0.219925 22.515314 0.014984
v -0.286905 22.484077 -0.100519
v -0.168114 22.515318 -0.113319
v -0.257030 22.569759 -0.181402
v -0.175034 22.654013 -0.117622
v -0.304579 22.654537 -0.109575
v -0.226845 22.654007 0.010681
v -0.334454 22.568853 -0.028692
v -0.395471 22.499397 -0.097453
v -0.431435 22.474531 -0.183024
v -0.340406 22.500319 -0.195930
v -0.405862 22.545101 -0.249142
v -0.354867 22.612036 -0.203095
v -0.450127 22.614447 -0.192246
v -0.409931 22.611111 -0.104618
v -0.475700 22.543879 -0.126127
v -0.516885 22.487556 -0.177449
v -0.547214 22.466860 -0.248830
v -0.470557 22.488365 -0.259053
v -0.525980 22.525454 -0.303729
v -0.482956 22.581182 -0.265170
v -0.562734 22.583036 -0.256487
v -0.529284 22.580372 -0.183567
v -0.583968 22.524439 -0.201588
v -0.620984 22.477402 -0.246059
v -0.650172 22.460039 -0.307349
v -0.582735 22.478069 -0.313431
v -0.632797 22.507990 -0.352272
v -0.592972 22.554697 -0.318482
v -0.662872 22.555105 -0.313615
v -0.631221 22.554029 -0.251110
v -0.680247 22.507154 -0.268692
v -0.712203 22.469635 -0.307563
v -0.682232 22.470158 -0.360356
v -0.690254 22.530205 -0.364314
v -0.720226 22.529684 -0.311521
v -1.089734 20.944889 0.255244
v -1.082408 20.943604 0.201788
v -1.073827 20.928659 0.230569
v -1.070575 20.996260 0.202144
v -1.059807 20.966249 0.191714
v -1.077901 20.997545 0.255600
v -1.056510 21.005724 0.231090
v -1.070529 20.968130 0.269945
v -1.051726 20.933615 0.263364
v -1.043690 20.932201 0.204729
v -1.017734 20.913073 0.238631
v -1.030711 20.989964 0.205120
v -1.002700 20.953386 0.196964
v -1.038747 20.991371 0.263754
v -0.999163 20.995714 0.239190
v -1.014197 20.955400 0.280858
v -0.978609 20.914309 0.276590
v -0.969836 20.912771 0.212577
v -0.927751 20.888062 0.251565
v -0.955665 20.975826 0.213003
v -0.911089 20.932735 0.205385
v -0.964439 20.977364 0.277016
v -0.907169 20.979649 0.252184
v -0.923831 20.934971 0.298364
v -0.872432 20.886276 0.295797
v -0.862588 20.884548 0.223972
v -0.805208 20.854002 0.269178
v -0.846688 20.955299 0.224450
v -0.786328 20.904623 0.216854
v -0.856532 20.957026 0.296275
v -0.781887 20.957779 0.269880
v -0.800767 20.907156 0.322204
v -0.734215 20.849785 0.320800
v -0.722977 20.847813 0.238806
v -0.650945 20.811127 0.291351
v -0.704827 20.928581 0.239352
v -0.629274 20.869232 0.231291
v -0.716065 20.930553 0.321346
v -0.624177 20.930244 0.292156
v -0.645847 20.872141 0.352216
v -0.564671 20.805027 0.351470
v -0.551724 20.802753 0.257003
v -0.465584 20.759611 0.317994
v -0.530813 20.895807 0.257631
v -0.440560 20.826710 0.248639
v -0.543760 20.898079 0.352099
v -0.434673 20.897163 0.318923
v -0.459697 20.830065 0.388278
v -0.364351 20.752136 0.387707
v -0.349384 20.749512 0.278502
v -0.249619 20.699583 0.349035
v -0.325210 20.857084 0.279229
v -0.220688 20.777161 0.268851
v -0.340177 20.859709 0.388434
v -0.213882 20.858616 0.350109
v -0.242814 20.781040 0.430293
v -0.133376 20.691185 0.429460
v -0.116405 20.688211 0.303257
v -0.001665 20.630865 0.384577
v -0.088802 20.812553 0.304067
v 0.028158 20.720993 0.291731
v -0.105773 20.815531 0.430270
v 0.035983 20.814991 0.385495
v 0.006160 20.724861 0.478342
v 0.130500 20.622526 0.476199
v 0.142296 20.620394 0.330238
v 0.166210 20.764874 0.330503
v 0.154414 20.767006 0.476464
v 4.643209 25.143728 0.745617
v 4.727040 25.122288 0.846679
v 4.603455 25.144495 0.898115
v 4.519053 25.103537 0.794094
v 4.694764 25.230556 0.949151
v 4.593391 25.301792 0.894703
v 4.480997 25.215733 0.899356
v 4.713101 25.337507 0.841967
v 4.633144 25.301023 0.742205
v 4.504986 25.327213 0.789311
v 4.745378 25.229239 0.739495
v 4.543042 25.215023 0.684048
v 4.844032 25.158215 0.793108
v 4.929117 25.136478 0.893584
v 4.808333 25.159248 0.945872
v 4.897675 25.244804 0.996272
v 4.798147 25.315771 0.942433
v 4.915101 25.351692 0.888852
v 4.833847 25.314735 0.789669
v 4.946543 25.243368 0.786164
v 5.045994 25.172398 0.839983
v 5.131154 25.150673 0.940478
v 5.010454 25.173443 0.992789
v 5.099711 25.258995 1.043166
v 5.000260 25.329964 0.989348
v 5.117138 25.365883 0.935747
v 5.035801 25.328922 0.836542
v 5.148581 25.257559 0.833059
v 5.248033 25.186586 0.886878
v 5.333191 25.164856 0.987373
v 5.212491 25.187634 1.039683
v 5.301750 25.273184 1.090061
v 5.202298 25.344152 1.036242
v 5.319175 25.380072 0.982642
v 5.237839 25.343109 0.883437
v 5.350618 25.271746 0.879954
v 5.450070 25.200777 0.933773
v 5.535230 25.179045 1.034268
v 5.414529 25.201820 1.086578
v 5.503788 25.287371 1.136956
v 5.404335 25.358343 1.083137
v 5.521214 25.394260 1.029536
v 5.439877 25.357296 0.930331
v 5.552656 25.285934 0.926848
v 5.652108 25.214966 0.980667
v 5.737268 25.193237 1.081163
v 5.616567 25.216011 1.133473
v 5.705825 25.301561 1.183851
v 5.606373 25.372530 1.130031
v 5.723251 25.408453 1.076431
v 5.641913 25.371487 0.977226
v 5.754694 25.300125 0.973743
v 5.853795 25.229160 1.027491
v 5.936433 25.207466 1.127473
v 5.818433 25.230204 1.180332
v 5.908850 25.315741 1.230946
v 5.808762 25.386715 1.176998
v 5.928161 25.422602 1.123909
v 5.844123 25.385674 1.024155
v 5.955744 25.314327 1.020437
v 6.049305 25.241827 1.072653
v 6.139649 25.209387 1.169550
v 6.018306 25.242779 1.225920
v 6.131010 25.314398 1.274211
v 6.021051 25.398603 1.225087
v 6.158823 25.418442 1.171326
v 6.052051 25.397648 1.071821
v 6.167462 25.313433 1.066665
v 6.658394 26.789268 0.843191
v 6.630907 26.787191 0.890764
v 6.632659 26.769314 0.859224
v 6.615174 26.839434 0.883952
v 6.600374 26.806789 0.889673
v 6.642662 26.841507 0.836380
v 6.609155 26.847361 0.849047
v 6.641440 26.809887 0.818599
v 6.620514 26.769733 0.815498
v 6.588740 26.767336 0.870489
v 6.574347 26.740654 0.824282
v 6.570554 26.827721 0.862614
v 6.537179 26.783798 0.859335
v 6.602327 26.830122 0.807624
v 6.547286 26.830507 0.812565
v 6.584455 26.787367 0.777512
v 6.546669 26.734631 0.764480
v 6.508997 26.731787 0.829681
v 6.480804 26.694685 0.768227
v 6.487432 26.803383 0.820345
v 6.435802 26.746914 0.810667
v 6.525105 26.806229 0.755144
v 6.448039 26.803471 0.754041
v 6.493042 26.751238 0.711602
v 6.439435 26.683655 0.690395
v 6.393196 26.680162 0.770422
v 6.353412 26.632080 0.691890
v 6.366726 26.768042 0.758963
v 6.297743 26.696693 0.744389
v 6.412967 26.771534 0.678935
v 6.312881 26.766647 0.674341
v 6.368550 26.702038 0.621842
v 6.299436 26.617191 0.593740
v 6.242308 26.612925 0.693206
v 6.190020 26.552507 0.594199
v 6.210005 26.722136 0.679272
v 6.125391 26.633829 0.661715
v 6.267134 26.726402 0.579806
v 6.145761 26.721060 0.575604
v 6.210391 26.639736 0.508088
v 6.118651 26.535919 0.471956
v 6.054521 26.532173 0.597763
v 5.984915 26.475704 0.481298
v 6.027837 26.669886 0.587431
v 5.929946 26.576736 0.572439
v 6.091967 26.673637 0.461624
v 5.961877 26.681938 0.473992
v 6.016846 26.580910 0.382851
v 5.903000 26.497070 0.362336
v 5.843959 26.494453 0.506788
v 5.764309 26.471941 0.394329
v 5.839242 26.649803 0.506808
v 5.730275 26.577738 0.498169
v 5.898283 26.652420 0.362356
v 5.771303 26.686907 0.399935
v 5.805337 26.581108 0.296095
v 5.686024 26.510281 0.283868
v 5.633401 26.507879 0.431634
v 5.554093 26.487617 0.320005
v 5.642614 26.664331 0.437393
v 5.524846 26.593544 0.425797
v 5.695236 26.666729 0.289627
v 5.567569 26.702757 0.328254
v 5.596815 26.596830 0.222462
v 5.478612 26.526030 0.210688
v 5.426271 26.523640 0.358568
v 5.347116 26.503380 0.247002
v 5.436073 26.680107 0.364567
v 5.317871 26.609308 0.352794
v 5.488414 26.682497 0.216688
v 5.360594 26.718525 0.255251
v 5.389839 26.612595 0.149459
v 5.271636 26.541796 0.137685
v 5.219296 26.539408 0.285565
v 5.140141 26.519148 0.173999
v 5.229098 26.695871 0.291565
v 5.110896 26.625074 0.279791
v 5.281439 26.698263 0.143685
v 5.153619 26.734287 0.182249
v 5.182864 26.628359 0.076456
v 5.064662 26.557564 0.064683
v 5.012321 26.555172 0.212563
v 4.933165 26.534910 0.100997
v 5.022122 26.711639 0.218562
v 4.903920 26.640837 0.206789
v 5.074463 26.714027 0.070682
v 4.946642 26.750051 0.109246
v 4.975888 26.644125 0.003454
v 4.857685 26.573326 -0.008320
v 4.805345 26.570936 0.139560
v 4.726190 26.550680 0.027994
v 4.815146 26.727402 0.145560
v 4.696944 26.656605 0.133786
v 4.867487 26.729794 -0.002320
v 4.739667 26.765816 0.036243
v 4.768913 26.659891 -0.069549
v 4.650710 26.589092 -0.081322
v 4.598369 26.586702 0.066557
v 4.519214 26.566448 -0.045009
v 4.608171 26.743168 0.072557
v 4.489968 26.672373 0.060783
v 4.660512 26.745562 -0.075323
v 4.532691 26.781584 -0.036759
v 4.561936 26.675661 -0.142552
v 4.443262 26.604872 -0.154397
v 4.392135 26.602449 -0.006333
v 4.313715 26.582169 -0.117787
v 4.401668 26.758924 -0.000374
v 4.289670 26.687960 -0.011206
v 4.452795 26.761347 -0.148438
v 4.324238 26.797392 -0.109986
v 4.348284 26.691599 -0.216568
v 4.226433 26.619875 -0.226571
v 4.204714 26.616800 -0.073880
v 4.127246 26.588671 -0.168649
v 4.207731 26.774134 -0.068767
v 4.130318 26.698217 -0.056267
v 4.229451 26.777208 -0.221458
v 4.122241 26.811907 -0.161623
v 4.119170 26.702360 -0.274005
v 6.350502 28.026636 -1.134814
v 6.478619 28.030231 -1.179963
v 6.448679 28.036219 -1.031569
v 6.318183 27.978529 -0.996560
v 6.532387 28.128313 -1.114406
v 6.424636 28.178045 -1.022079
v 6.362468 28.086569 -0.906165
v 6.448640 28.211285 -1.168531
v 6.326458 28.168465 -1.125324
v 6.282124 28.184912 -0.981856
v 6.394872 28.113205 -1.234088
v 6.237838 28.076870 -1.072251
v 6.486069 28.068504 -1.296397
v 6.587944 28.068199 -1.324507
v 6.583234 28.079649 -1.218890
v 6.638195 28.155146 -1.269845
v 6.563082 28.202675 -1.211337
v 6.561898 28.227488 -1.314771
v 6.465917 28.191528 -1.288844
v 6.511647 28.140539 -1.369433
v 6.585798 28.099192 -1.416454
v 6.674161 28.098124 -1.438453
v 6.672686 28.109219 -1.348077
v 6.718985 28.175684 -1.389694
v 6.654802 28.218584 -1.341392
v 6.650928 28.240210 -1.429768
v 6.567914 28.208555 -1.409769
v 6.606103 28.162655 -1.478527
v 6.671647 28.125586 -1.519747
v 6.750832 28.124737 -1.539781
v 6.749215 28.134541 -1.458703
v 6.790829 28.193945 -1.496272
v 6.733250 28.232176 -1.452735
v 6.730099 28.251528 -1.532032
v 6.655681 28.223225 -1.513779
v 6.690101 28.182322 -1.575541
v 6.749486 28.149517 -1.613404
v 6.821294 28.149199 -1.632907
v 6.818605 28.157495 -1.559009
v 6.856857 28.210730 -1.594223
v 6.804380 28.244499 -1.553692
v 6.802862 28.261925 -1.626017
v 6.735260 28.236519 -1.608087
v 6.767299 28.200392 -1.664701
v 6.821754 28.171736 -1.700357
v 6.887230 28.172083 -1.720050
v 6.883029 28.178810 -1.652136
v 6.918643 28.226435 -1.685880
v 6.870417 28.255934 -1.647422
v 6.870948 28.271652 -1.713964
v 6.809141 28.248865 -1.695643
v 6.839537 28.217304 -1.748133
v 6.889808 28.192659 -1.782242
v 6.949647 28.193747 -1.802541
v 6.943696 28.198879 -1.739834
v 6.977130 28.241302 -1.772645
v 6.932605 28.266710 -1.735688
v 6.935401 28.280869 -1.797216
v 6.878716 28.260490 -1.778096
v 6.907918 28.233313 -1.827112
v 6.953300 28.213228 -1.856953
v 6.998527 28.218445 -1.821361
v 6.989217 28.275373 -1.817882
v 6.943992 28.270157 -1.853473
v 5.217497 27.771618 -0.593138
v 5.354034 27.762981 -0.565494
v 5.278665 27.771618 -0.448520
v 5.144096 27.730923 -0.476805
v 5.379002 27.869026 -0.458958
v 5.262714 27.927010 -0.441797
v 5.183744 27.838955 -0.375683
v 5.320136 27.975092 -0.551187
v 5.201545 27.927010 -0.586415
v 5.138502 27.946974 -0.474488
v 5.295169 27.869047 -0.657724
v 5.098853 27.838940 -0.575610
v 5.417420 27.813423 -0.677306
v 5.550193 27.805899 -0.648113
v 5.478328 27.813398 -0.532724
v 5.572303 27.911585 -0.540369
v 5.450099 27.967216 -0.520806
v 5.510677 28.017309 -0.631430
v 5.389192 27.967239 -0.665389
v 5.488567 27.911619 -0.739174
v 5.611031 27.856022 -0.758846
v 5.743545 27.848463 -0.729543
v 5.671930 27.855995 -0.614260
v 5.765654 27.954153 -0.621799
v 5.643190 28.009750 -0.602127
v 5.704028 28.059875 -0.712860
v 5.582292 28.009777 -0.746713
v 5.681918 27.954185 -0.820604
v 5.804381 27.898588 -0.840276
v 5.936895 27.891031 -0.810974
v 5.865281 27.898563 -0.695691
v 5.959004 27.996721 -0.703229
v 5.836541 28.052317 -0.683557
v 5.897377 28.102442 -0.794291
v 5.775641 28.052343 -0.828143
v 5.875268 27.996754 -0.902035
v 5.997358 27.941071 -0.921488
v 6.130027 27.933548 -0.892276
v 6.058966 27.941206 -0.777317
v 6.156250 28.040159 -0.786938
v 6.030266 28.094969 -0.765207
v 6.090947 28.145060 -0.875849
v 5.968658 28.094837 -0.909378
v 6.064723 28.038448 -0.981187
v 6.181500 27.981895 -1.000369
v 6.259573 27.985773 -0.866628
v 6.231903 28.139240 -0.855116
v 6.153829 28.135361 -0.988857
v 3.571450 25.015656 0.303520
v 3.725238 24.976337 0.523654
v 3.495475 25.005930 0.599027
v 3.655748 25.166153 0.697088
v 3.473858 25.322126 0.575832
v 3.705790 25.354103 0.515802
v 3.578637 25.302111 0.316885
v 3.775280 25.164289 0.342367
v 3.924443 25.045179 0.459416
v 4.027245 25.020893 0.629959
v 3.842535 25.044954 0.701541
v 3.965418 25.181717 0.779144
v 3.826952 25.300426 0.695706
v 4.007681 25.342543 0.623284
v 3.909639 25.299860 0.454662
v 4.069507 25.181715 0.474099
v 4.191033 25.084000 0.572860
v 4.284804 25.066034 0.717844
v 4.122122 25.084009 0.775321
v 4.234387 25.199373 0.841739
v 4.109133 25.297443 0.770890
v 4.268514 25.332598 0.712287
v 4.178045 25.297434 0.568429
v 4.318931 25.199257 0.588392
v 4.429736 25.119530 0.673831
v 4.376760 25.119797 0.841767
v 4.365894 25.295580 0.838064
v 4.418869 25.295313 0.670128
v 3.571685 23.310291 -0.692390
v 3.679273 23.282492 -0.641910
v 3.647406 23.313000 -0.546216
v 3.536489 23.282303 -0.567100
v 3.711384 23.395138 -0.544390
v 3.659131 23.480034 -0.557972
v 3.621320 23.407408 -0.475942
v 3.682492 23.502035 -0.652747
v 3.583410 23.477324 -0.704146
v 3.563400 23.531246 -0.589201
v 3.650381 23.389391 -0.750267
v 3.478569 23.406141 -0.680359
v 3.379641 23.324705 -0.575244
v 3.504232 23.324617 -0.412573
v 3.299134 23.297579 -0.384446
v 3.529264 23.527245 -0.431956
v 3.414138 23.452734 -0.271649
v 3.404423 23.527258 -0.594463
v 3.339622 23.609716 -0.413155
v 3.224619 23.454563 -0.525952
v 3.057974 23.366215 -0.368017
v 3.198127 23.359926 -0.144811
v 3.240376 23.616167 -0.167710
v 3.088367 23.620859 -0.382636
v 2.841699 21.666275 0.320558
v 2.954931 21.589802 0.446760
v 2.794793 21.661024 0.499616
v 2.945287 21.698719 0.562516
v 2.852293 21.833645 0.513434
v 2.995602 21.810291 0.458713
v 2.900372 21.837889 0.336939
v 3.005247 21.701376 0.342956
v 2.913573 20.437111 -0.289862
v 3.032632 20.410477 -0.229729
v 2.972619 20.438450 -0.126085
v 2.828988 20.395378 -0.156736
v 3.062321 20.522154 -0.126856
v 2.984119 20.613682 -0.131482
v 2.896291 20.532791 -0.033181
v 3.043530 20.630392 -0.236426
v 2.924852 20.612352 -0.295931
v 2.849689 20.670563 -0.163371
v 3.013841 20.518715 -0.339300
v 2.782386 20.533152 -0.286925
v 2.603402 20.421488 -0.186059
v 2.707481 20.418507 0.035532
v 2.730468 20.663698 0.046599
v 2.619405 20.666737 -0.196114
v 3.854938 27.922768 -0.034174
v 4.022279 27.870390 0.001092
v 3.929694 27.923315 0.137369
v 4.088264 27.996428 0.112173
v 3.946340 28.101755 0.127433
v 4.052759 28.120510 -0.013519
v 3.873336 28.094723 -0.048538
v 3.986773 27.994474 -0.124600
v 4.114107 27.886110 -0.138143
v 4.263341 27.835562 -0.100091
v 4.187665 27.886164 0.033673
v 4.329472 27.960640 0.009038
v 4.211682 28.070887 0.023273
v 4.296172 28.085718 -0.114143
v 4.138117 28.070585 -0.148583
v 4.230041 27.960642 -0.223272
v 4.346088 27.853794 -0.233539
v 4.488915 27.805391 -0.196639
v 4.417013 27.853794 -0.067834
v 4.552527 27.925707 -0.091668
v 4.440431 28.032230 -0.077857
v 4.520497 28.046021 -0.210157
v 4.369507 28.032230 -0.243562
v 4.456883 27.925705 -0.315128
v 4.569037 27.822859 -0.325220
v 4.707400 27.776175 -0.290154
v 4.637253 27.822859 -0.165843
v 4.768572 27.891872 -0.189209
v 4.659778 27.994484 -0.175484
v 4.737770 28.007568 -0.303153
v 4.591563 27.994484 -0.334861
v 4.676598 27.891872 -0.404097
v 4.786061 27.792767 -0.414469
v 4.923272 27.747507 -0.382545
v 4.851635 27.792767 -0.261240
v 4.979197 27.858881 -0.284304
v 4.872777 27.957796 -0.270290
v 4.946822 27.970249 -0.392634
v 4.807204 27.957794 -0.423519
v 4.890897 27.858873 -0.490874
v 5.003932 27.764513 -0.504195
v 5.066774 27.764526 -0.356769
v 5.074783 27.923866 -0.360220
v 5.011940 27.923857 -0.507647
v 4.028844 26.610243 -0.240469
v 4.068846 26.607918 -0.072923
v 3.953058 26.552227 -0.119773
v 4.058158 26.782856 -0.066611
v 3.985749 26.683928 0.013316
v 4.018034 26.784653 -0.234123
v 3.932083 26.817970 -0.108891
v 3.899393 26.686266 -0.241981
v 3.771281 26.563475 -0.174516
v 3.834771 26.549942 0.053794
v 3.823022 26.781536 0.062337
v 3.755791 26.775333 -0.164969
v 6.278234 25.217360 1.115395
v 6.385258 25.165218 1.201558
v 6.256701 25.217554 1.259681
v 6.394291 25.256575 1.297698
v 6.280734 25.360910 1.262679
v 6.427312 25.348322 1.207078
v 6.302267 25.360714 1.118393
v 6.418279 25.256968 1.110939
v 6.501517 25.166796 1.150045
v 6.574228 25.124495 1.223564
v 6.486208 25.166317 1.278509
v 6.585793 25.205976 1.310472
v 6.518499 25.291483 1.282797
v 6.617154 25.288132 1.229274
v 6.533808 25.291965 1.154333
v 6.605588 25.206648 1.142366
v 6.664896 25.129204 1.175128
v 6.725257 25.092026 1.241217
v 6.651162 25.128736 1.291771
v 6.735797 25.166283 1.320416
v 6.680947 25.242277 1.295732
v 6.764375 25.241148 1.246421
v 6.694681 25.242744 1.179090
v 6.753835 25.166895 1.167222
v 6.805403 25.096888 1.196697
v 6.859562 25.063154 1.256916
v 6.792866 25.096462 1.303173
v 6.869190 25.130980 1.329260
v 6.820055 25.200104 1.306789
v 6.895295 25.199368 1.261669
v 6.832592 25.200531 1.200314
v 6.885667 25.131540 1.189326
v 6.932801 25.067587 1.216255
v 6.982996 25.036617 1.271344
v 6.921350 25.067198 1.313511
v 6.991785 25.098536 1.337387
v 6.946184 25.161867 1.316815
v 7.015616 25.160967 1.275684
v 6.957636 25.162254 1.219558
v 7.006827 25.099049 1.209640
v 7.051081 25.040382 1.234412
v 7.098499 25.011784 1.284845
v 7.040636 25.040028 1.323110
v 7.106504 25.068174 1.344993
v 7.063286 25.126366 1.326123
v 7.128208 25.125029 1.288797
v 7.073730 25.126719 1.237425
v 7.120204 25.068638 1.228650
v 7.162466 25.014761 1.251511
v 7.207837 24.988277 1.297626
v 7.152970 25.014437 1.332149
v 7.215099 25.039436 1.352192
v 7.173562 25.092932 1.334888
v 7.234789 25.091017 1.301211
v 7.183056 25.093254 1.254250
v 7.227528 25.039858 1.246645
v 7.268365 24.990404 1.267768
v 7.312178 24.965845 1.309822
v 7.259773 24.990110 1.340742
v 7.318729 25.012011 1.359062
v 7.278406 25.061148 1.343221
v 7.336498 25.058559 1.313057
v 7.286999 25.061441 1.270246
v 7.329946 25.012396 1.263817
v 7.369748 24.967089 1.283331
v 7.412344 24.944313 1.321530
v 7.362019 24.966822 1.348970
v 7.418217 24.985682 1.365658
v 7.378780 25.030720 1.351200
v 7.434141 25.027399 1.324430
v 7.386508 25.030981 1.285561
v 7.428268 24.986029 1.280302
v 7.464509 24.946468 1.299068
v 7.457863 24.946243 1.355512
v 7.472276 25.001184 1.357429
v 7.478922 25.001408 1.300985
v 5.349806 23.490343 -0.565925
v 5.462600 23.466427 -0.489661
v 5.348744 23.493828 -0.410235
v 5.242004 23.451857 -0.496743
v 5.473740 23.574312 -0.388166
v 5.342930 23.649778 -0.414909
v 5.225056 23.561317 -0.392678
v 5.467854 23.677485 -0.496563
v 5.343991 23.646299 -0.570599
v 5.223844 23.666445 -0.503178
v 5.456713 23.569597 -0.598058
v 5.240792 23.556982 -0.607243
v 5.136405 23.467276 -0.587193
v 5.120639 23.470255 -0.431185
v 5.019334 23.427122 -0.519886
v 5.104362 23.626198 -0.435893
v 4.996580 23.536354 -0.415874
v 5.120127 23.623215 -0.591901
v 4.996351 23.641518 -0.526365
v 5.019105 23.532286 -0.630377
v 4.911850 23.442461 -0.610354
v 4.895468 23.445423 -0.454352
v 4.794252 23.402290 -0.543052
v 4.878752 23.601345 -0.459064
v 4.771497 23.511520 -0.439040
v 4.895134 23.598387 -0.615066
v 4.771268 23.616688 -0.549531
v 4.794023 23.507456 -0.653543
v 4.686768 23.417633 -0.633519
v 4.670386 23.420591 -0.477517
v 4.569170 23.377460 -0.566218
v 4.653670 23.576517 -0.482229
v 4.546416 23.486692 -0.462206
v 4.670053 23.573557 -0.638231
v 4.546186 23.591856 -0.572697
v 4.568942 23.482628 -0.676708
v 4.461686 23.392803 -0.656685
v 4.445304 23.395761 -0.500683
v 4.344089 23.352629 -0.589383
v 4.428588 23.551685 -0.505395
v 4.321333 23.461863 -0.485371
v 4.444970 23.548727 -0.661397
v 4.321104 23.567026 -0.595862
v 4.343859 23.457792 -0.699874
v 4.236605 23.367971 -0.679851
v 4.220222 23.370930 -0.523849
v 4.119007 23.327801 -0.612549
v 4.203506 23.526854 -0.528561
v 4.096251 23.437029 -0.508537
v 4.219888 23.523895 -0.684563
v 4.096022 23.542198 -0.619028
v 4.118777 23.432964 -0.723040
v 4.010702 23.343105 -0.702943
v 3.995564 23.346117 -0.547052
v 3.891749 23.302877 -0.635521
v 3.979244 23.502056 -0.551799
v 3.878013 23.412497 -0.532313
v 3.994382 23.499048 -0.707691
v 3.873115 23.517460 -0.642388
v 3.886851 23.407841 -0.745596
v 3.768815 23.318195 -0.722354
v 3.783670 23.322325 -0.569244
v 3.776850 23.479040 -0.575022
v 3.761996 23.474911 -0.728132
v 7.046946 23.275169 -0.946903
v 7.061416 23.275581 -0.895195
v 7.040358 23.265427 -0.917102
v 7.069967 23.328514 -0.898006
v 7.057104 23.304234 -0.881530
v 7.055496 23.328106 -0.949713
v 7.052796 23.342443 -0.921191
v 7.036050 23.303638 -0.956763
v 7.015157 23.278467 -0.940275
v 7.030791 23.278908 -0.884408
v 6.995087 23.271433 -0.904480
v 7.040028 23.336103 -0.887445
v 7.012669 23.312174 -0.867135
v 7.024394 23.335661 -0.943311
v 7.008146 23.352293 -0.908773
v 6.990565 23.311552 -0.946118
v 6.955641 23.286983 -0.925607
v 6.972272 23.287447 -0.866179
v 6.922465 23.281071 -0.884233
v 6.982098 23.348291 -0.869409
v 6.941385 23.324913 -0.844043
v 6.965467 23.347822 -0.928837
v 6.936519 23.368086 -0.888853
v 6.917598 23.324244 -0.929042
v 6.869216 23.299345 -0.904308
v 6.887294 23.299856 -0.839706
v 6.823565 23.294191 -0.856659
v 6.897975 23.365993 -0.843217
v 6.844309 23.342262 -0.812596
v 6.879896 23.365482 -0.907819
v 6.838973 23.389599 -0.861724
v 6.818228 23.341526 -0.905787
v 6.756710 23.315439 -0.876581
v 6.776673 23.316004 -0.805245
v 6.699064 23.310709 -0.821948
v 6.788468 23.389036 -0.809123
v 6.722104 23.364100 -0.773008
v 6.768505 23.388472 -0.880458
v 6.716177 23.416672 -0.827574
v 6.693138 23.363283 -0.876513
v 6.618705 23.335186 -0.842569
v 6.640980 23.335812 -0.762974
v 6.549464 23.330557 -0.780239
v 6.654140 23.417299 -0.767301
v 6.575264 23.390337 -0.725440
v 6.631866 23.416672 -0.846896
v 6.568628 23.449209 -0.786539
v 6.542830 23.389425 -0.841338
v 6.455648 23.358511 -0.802384
v 6.480655 23.359221 -0.713030
v 6.375167 23.353682 -0.731644
v 6.495429 23.450695 -0.717887
v 6.404180 23.420912 -0.670019
v 6.470422 23.449991 -0.807241
v 6.396717 23.487114 -0.738729
v 6.367704 23.419882 -0.800354
v 6.267904 23.385372 -0.756115
v 6.296055 23.386169 -0.655523
v 6.176500 23.380039 -0.676255
v 6.312687 23.489147 -0.660991
v 6.209175 23.455761 -0.606848
v 6.284536 23.488354 -0.761582
v 6.200770 23.530321 -0.684234
v 6.168096 23.454601 -0.753641
v 6.055779 23.415718 -0.703837
v 6.087481 23.416613 -0.590549
v 5.953746 23.409594 -0.614151
v 6.106213 23.532593 -0.596706
v 5.990529 23.494831 -0.536019
v 6.074510 23.531698 -0.709994
v 5.981068 23.578766 -0.623132
v 5.944284 23.493526 -0.701264
v 5.820052 23.449467 -0.645707
v 5.855107 23.450533 -0.518171
v 5.709515 23.442074 -0.545822
v 5.875746 23.581032 -0.525020
v 5.745152 23.538425 -0.457014
v 5.840691 23.579964 -0.652556
v 5.735484 23.632637 -0.555068
v 5.699847 23.536285 -0.643876
v 5.573821 23.484097 -0.585722
v 5.598598 23.486668 -0.440502
v 5.611422 23.633715 -0.446413
v 5.586645 23.631145 -0.591633
v 3.110127 21.610712 0.407114
v 3.206803 21.593052 0.514227
v 3.069129 21.609802 0.559701
v 3.169711 21.699190 0.616566
v 3.072827 21.765392 0.561547
v 3.187735 21.806334 0.510350
v 3.113894 21.766226 0.409053
v 3.224827 21.700197 0.408011
v 3.331678 21.638050 0.466096
v 3.420445 21.624168 0.570369
v 3.291890 21.637310 0.617852
v 3.378008 21.730402 0.671270
v 3.270924 21.792555 0.613123
v 3.390223 21.837650 0.563492
v 3.310712 21.793291 0.461367
v 3.432659 21.731417 0.462590
v 3.540229 21.669254 0.520868
v 3.628510 21.655384 0.625010
v 3.500483 21.668516 0.672636
v 3.586073 21.761618 0.725912
v 3.478503 21.823778 0.667634
v 3.598287 21.868866 0.618133
v 3.518249 21.824516 0.515866
v 3.640724 21.762634 0.517231
v 3.748294 21.700472 0.575509
v 3.836574 21.686600 0.679652
v 3.708547 21.699734 0.727277
v 3.794137 21.792833 0.780554
v 3.686568 21.854998 0.722276
v 3.806352 21.900084 0.672775
v 3.726314 21.855734 0.570508
v 3.848789 21.793850 0.571873
v 3.956359 21.731688 0.630151
v 4.044639 21.717815 0.734294
v 3.916612 21.730951 0.781919
v 4.002202 21.824053 0.835195
v 3.894632 21.886213 0.776918
v 4.014416 21.931301 0.727417
v 3.934379 21.886950 0.625150
v 4.056853 21.825068 0.626515
v 4.164423 21.762905 0.684793
v 4.252704 21.749031 0.788935
v 4.124677 21.762165 0.836561
v 4.210267 21.855265 0.889837
v 4.102697 21.917429 0.831559
v 4.222482 21.962515 0.782058
v 4.142443 21.918165 0.679791
v 4.264918 21.856279 0.681157
v 4.372488 21.794119 0.739434
v 4.460768 21.780245 0.843577
v 4.332741 21.793381 0.891202
v 4.418332 21.886478 0.944479
v 4.310761 21.948641 0.886201
v 4.430546 21.993731 0.836700
v 4.350509 21.949379 0.734433
v 4.472983 21.887495 0.735798
v 4.580553 21.825335 0.794076
v 4.668833 21.811460 0.898219
v 4.540806 21.824594 0.945844
v 4.626396 21.917696 0.999120
v 4.518826 21.979858 0.940842
v 4.638611 22.024946 0.891342
v 4.558573 21.980595 0.789075
v 4.681048 21.918713 0.790440
v 4.788746 21.856567 0.848759
v 4.876488 21.842623 0.952729
v 4.748668 21.855782 1.000420
v 4.832635 21.948658 1.053175
v 4.726763 22.011057 0.995443
v 4.847085 22.056219 0.946115
v 4.766841 22.011839 0.843782
v 4.890938 21.950182 0.845668
v 5.001455 21.888397 0.906541
v 5.095744 21.875774 1.022139
v 4.953625 21.886528 1.055210
v 5.046207 21.978506 1.118016
v 4.933547 22.041601 1.050821
v 5.070875 22.085051 1.017003
v 4.981378 22.043470 0.902153
v 5.120411 21.982315 0.921126
v 5.250410 21.924490 1.013288
v 5.348715 21.914814 1.143438
v 5.192350 21.921026 1.146880
v 5.298475 22.005865 1.226577
v 5.176636 22.066086 1.143933
v 5.329967 22.102184 1.140303
v 5.234697 22.069551 1.010340
v 5.380206 22.011133 1.057164
v 5.477449 21.956675 1.137680
v 5.535104 21.943668 1.239100
v 5.419211 21.952812 1.253125
v 5.488727 22.025356 1.313276
v 5.406802 22.081579 1.251181
v 5.518963 22.112144 1.236599
v 5.465040 22.085440 1.135736
v 5.565340 22.030457 1.162424
v 5.635745 21.979137 1.225518
v 5.682165 21.966417 1.314557
v 5.582586 21.975597 1.330188
v 5.639902 22.040861 1.382152
v 5.571386 22.092499 1.328453
v 5.667455 22.119955 1.312277
v 5.624545 22.096041 1.223782
v 5.709719 22.045511 1.244681
v 5.771482 21.998404 1.300849
v 5.812941 21.986650 1.381657
v 5.722957 21.995174 1.396396
v 5.774336 22.054651 1.443402
v 5.712734 22.101887 1.394812
v 5.799504 22.126898 1.379575
v 5.761259 22.105116 1.299265
v 5.838109 22.058897 1.317830
v 5.894557 22.015875 1.369153
v 5.933130 22.005247 1.443326
v 5.850233 22.012922 1.456427
v 5.897888 22.067326 1.499694
v 5.840895 22.110395 1.454980
v 5.920864 22.133278 1.441425
v 5.885218 22.113344 1.367706
v 5.956107 22.071198 1.385058
v 6.008821 22.032089 1.432567
v 6.045599 22.022648 1.501033
v 5.968398 22.029398 1.512161
v 6.013503 22.079182 1.552369
v 5.959881 22.118294 1.510841
v 6.034428 22.139248 1.499302
v 6.000304 22.120985 1.431247
v 6.066525 22.082712 1.447967
v 6.116425 22.047363 1.492285
v 6.152063 22.039120 1.555660
v 6.079675 22.044916 1.564647
v 6.122944 22.090406 1.602232
v 6.071932 22.125732 1.563447
v 6.141929 22.144903 1.554090
v 6.108683 22.128180 1.491085
v 6.171047 22.093609 1.507517
v 6.218730 22.061886 1.549062
v 6.253661 22.054838 1.607790
v 6.185472 22.059669 1.614547
v 6.227385 22.101122 1.649816
v 6.178465 22.132807 1.613462
v 6.244515 22.150295 1.606373
v 6.211722 22.135019 1.547977
v 6.270792 22.104010 1.564346
v 6.316671 22.075785 1.603418
v 6.351196 22.069923 1.657835
v 6.286757 22.073792 1.662320
v 6.327649 22.111404 1.695497
v 6.280455 22.139576 1.661343
v 6.343001 22.155472 1.656565
v 6.310369 22.141569 1.602441
v 6.366549 22.113993 1.618902
v 6.407413 22.089893 1.655174
v 6.381689 22.088182 1.705824
v 6.376269 22.144751 1.704984
v 6.401992 22.146461 1.654334
v 4.991626 20.463451 -0.190741
v 4.989487 20.464869 -0.137267
v 4.979712 20.452276 -0.164123
v 4.990307 20.518379 -0.138651
v 4.978755 20.492096 -0.126359
v 4.992446 20.516964 -0.192124
v 4.980900 20.529863 -0.166129
v 4.981856 20.490046 -0.203894
v 4.963974 20.461910 -0.193702
v 4.961684 20.463425 -0.136445
v 4.939340 20.451437 -0.165716
v 4.962561 20.520720 -0.137927
v 4.938349 20.492708 -0.126576
v 4.964851 20.519205 -0.195183
v 4.940572 20.531855 -0.167795
v 4.941564 20.490583 -0.206936
v 4.911307 20.461281 -0.197137
v 4.908910 20.462868 -0.137197
v 4.874578 20.450094 -0.168271
v 4.909829 20.522852 -0.138748
v 4.873531 20.493694 -0.126923
v 4.912226 20.521261 -0.198688
v 4.875880 20.535046 -0.170468
v 4.876926 20.491444 -0.211815
v 4.834827 20.460371 -0.202125
v 4.832274 20.462061 -0.138288
v 4.786382 20.448265 -0.171751
v 4.833252 20.525942 -0.139940
v 4.785258 20.495033 -0.127396
v 4.835806 20.524254 -0.203777
v 4.787778 20.539391 -0.174107
v 4.788902 20.492622 -0.218461
v 4.735268 20.459190 -0.208619
v 4.732512 20.461014 -0.139708
v 4.675356 20.445961 -0.176131
v 4.733568 20.529970 -0.141491
v 4.674137 20.496721 -0.127992
v 4.736325 20.528147 -0.210402
v 4.676871 20.544861 -0.178688
v 4.678090 20.494102 -0.226827
v 4.613145 20.457735 -0.216584
v 4.610139 20.459723 -0.141450
v 4.541948 20.443190 -0.181394
v 4.611291 20.534908 -0.143395
v 4.540614 20.498745 -0.128708
v 4.614296 20.532921 -0.218529
v 4.543606 20.551437 -0.184193
v 4.544941 20.495882 -0.236879
v 4.468852 20.456020 -0.225996
v 4.465552 20.458202 -0.143509
v 4.386515 20.439964 -0.187526
v 4.466816 20.540749 -0.145643
v 4.385046 20.501106 -0.129541
v 4.470116 20.538567 -0.228130
v 4.388339 20.559099 -0.190607
v 4.389808 20.497957 -0.248591
v 4.302713 20.454042 -0.236832
v 4.299074 20.456448 -0.145879
v 4.209350 20.436285 -0.194516
v 4.300468 20.547468 -0.148233
v 4.207727 20.503796 -0.130492
v 4.304106 20.545061 -0.239186
v 4.211363 20.567829 -0.197917
v 4.212986 20.500317 -0.261941
v 4.114997 20.451811 -0.249076
v 4.110976 20.454468 -0.148557
v 4.010704 20.432161 -0.202353
v 4.112516 20.555058 -0.151158
v 4.008910 20.506811 -0.131557
v 4.116537 20.552399 -0.251677
v 4.012931 20.577614 -0.206114
v 4.014724 20.502962 -0.276909
v 3.905938 20.449324 -0.262712
v 3.901491 20.452265 -0.151540
v 3.790797 20.427599 -0.211029
v 3.903195 20.563513 -0.154416
v 3.788813 20.510153 -0.132737
v 3.907642 20.560572 -0.265589
v 3.793260 20.588451 -0.215188
v 3.795244 20.505898 -0.293479
v 3.675743 20.446583 -0.277726
v 3.670827 20.449837 -0.154824
v 3.549822 20.422596 -0.220536
v 3.672709 20.572826 -0.158004
v 3.547630 20.513811 -0.134030
v 3.677626 20.569572 -0.280907
v 3.552543 20.600327 -0.225131
v 3.554735 20.509108 -0.311637
v 3.424130 20.443613 -0.294068
v 3.419519 20.447176 -0.158437
v 3.287361 20.417179 -0.230817
v 3.421705 20.582968 -0.161957
v 3.290028 20.517635 -0.135818
v 3.426316 20.579405 -0.297589
v 3.291544 20.613209 -0.235987
v 3.288877 20.512754 -0.330986
v 3.144814 20.440731 -0.309430
v 3.159548 20.443954 -0.161493
v 3.164570 20.593916 -0.165638
v 3.149835 20.590691 -0.313575
v 3.509620 27.242777 0.233741
v 1.614981 18.758331 -0.128043
v 3.410313 28.150297 -0.070248
v 1.183617 18.788265 0.120971
v 3.630341 28.025417 -0.053675
v 1.429540 18.745300 0.553118
v 1.860904 18.715368 0.304104
v 1.572117 17.997047 -0.152595
v 1.144955 18.010862 0.092402
v 1.388864 17.981373 0.519400
v 1.399406 20.903790 0.004420
v 1.816026 17.967560 0.274403
v 1.530890 17.235350 -0.176708
v 1.109620 17.248316 0.064845
v 2.230248 23.380346 -0.300044
v 2.425327 20.498161 0.492607
v 3.731831 28.194551 0.080191
v 1.350180 17.219774 0.485916
v 1.324898 20.341948 0.193706
v 1.771451 17.206808 0.244363
v 1.490043 16.480717 -0.200598
v 1.074671 16.493502 0.037573
v 1.311864 16.465361 0.452749
v 1.727236 16.452576 0.214577
v 1.449619 15.733891 -0.224242
v 1.040084 15.746498 0.010583
v 1.273944 15.718752 0.419924
v 1.683478 15.706146 0.185099
v 1.409662 14.995705 -0.247611
v 1.005898 15.008133 -0.016095
v 1.236462 14.980778 0.387479
v 1.640227 14.968350 0.155963
v 1.370230 14.267206 -0.270674
v 0.972160 14.279459 -0.042423
v 1.199472 14.252490 0.355460
v 1.597543 14.240236 0.127208
v 1.331397 13.549763 -0.293387
v 0.938933 13.561841 -0.068352
v 2.082014 21.924383 0.781385
v 1.163044 13.535252 0.323926
v 1.555507 13.523171 0.098890
v 1.293261 12.845219 -0.315692
v 1.640062 20.876623 0.738464
v 0.906305 12.857129 -0.093814
v 1.127271 12.830914 0.292960
v 1.514227 12.819003 0.071082
v 1.255969 12.156260 -0.337503
v 2.119292 20.830551 -0.211604
v 0.874398 12.168004 -0.118712
v 1.092289 12.142154 0.262679
v 1.473860 12.130410 0.043888
v 2.336769 20.275850 0.046633
v 1.219753 11.487174 -0.358685
v 0.843411 11.498755 -0.142893
v 1.058316 11.473257 0.233270
v 1.434658 11.461676 0.017479
v 1.185072 10.846449 -0.378969
v 0.813742 10.857962 -0.166046
v 1.025790 10.832860 0.205115
v 1.397120 10.821347 -0.007809
v 1.152985 10.255210 -0.397622
v 0.786101 10.268614 -0.187118
v 0.995750 10.245157 0.179755
v 1.362634 10.231752 -0.030749
v 1.118269 9.650312 -0.415177
v 2.402807 20.806414 0.503904
v 0.749717 9.667736 -0.203477
v 1.965958 22.421171 0.586917
v 0.960601 9.646800 0.165363
v 1.329153 9.629376 -0.046336
v 1.966363 22.459620 -0.200229
v 1.078959 8.995622 -0.432776
v 0.702657 9.015486 -0.216507
v 1.834460 21.880371 -0.155159
v 0.918129 8.995481 0.160245
v 1.294431 8.975616 -0.056024
v 1.039145 8.333708 -0.450520
v 0.654636 8.354093 -0.229529
v 0.874814 8.333709 0.155446
v 1.259323 8.313324 -0.065545
v 2.559622 21.708242 0.431353
v 2.651222 21.984221 0.671237
v 0.998889 7.664436 -0.468462
v 0.606076 7.685260 -0.242698
v 0.831009 7.664436 0.150591
v 1.223821 7.643613 -0.075173
v 0.958140 6.986991 -0.486622
v 0.556922 7.008261 -0.256028
v 0.786668 6.986991 0.145676
v 2.279422 23.914879 -0.205567
v 1.187887 6.965722 -0.084918
v 0.916847 6.300471 -0.505026
v 0.507110 6.322192 -0.269536
v 0.741734 6.300471 0.140696
v 1.151470 6.278749 -0.094793
v 0.874940 5.603767 -0.523703
v 0.456559 5.625946 -0.283245
v 0.696133 5.603767 0.135642
v 2.485638 25.429956 -0.049475
v 1.114514 5.581587 -0.104816
v 0.832337 4.895483 -0.542691
v 0.405169 4.918128 -0.297182
v 1.880391 22.164080 -0.265277
v 0.649774 4.895483 0.130505
v 1.076943 4.872837 -0.115004
v 0.788929 4.173812 -0.562037
v 0.352806 4.196932 -0.311382
v 0.602539 4.173812 0.125269
v 2.100764 23.407948 0.490407
v 1.038662 4.150693 -0.125386
v 0.744570 3.436326 -0.581807
v 0.299296 3.459931 -0.325893
v 2.197944 23.977509 0.485325
v 0.554269 3.436326 0.119920
v 0.999542 3.412722 -0.135994
v 2.786556 23.770424 0.672247
v 0.699052 2.679592 -0.602093
v 0.244390 2.703694 -0.340783
v 0.504739 2.679592 0.114430
v 0.959402 2.655489 -0.146880
v 0.652064 1.898396 -0.623035
v 0.187709 1.923013 -0.356154
v 0.453608 1.898396 0.108763
v 0.917963 1.873780 -0.158118
v 0.603069 1.083853 -0.644871
v 0.128608 1.109006 -0.372182
v 0.400295 1.083853 0.102855
v 0.874756 1.058701 -0.169835
v 0.550861 0.215873 -0.668140
v 0.065630 0.241597 -0.389261
v 0.343483 0.215873 0.096558
v 2.472823 24.869286 0.623965
v 2.610317 22.351236 0.067615
v 0.828714 0.190150 -0.182321
v 0.488172 -0.750973 -0.677343
v 2.572173 25.439392 0.627712
v 0.012159 -0.725738 -0.403762
v 1.453516 20.992195 0.373166
v 0.284734 -0.750973 0.072829
v 0.760748 -0.776208 -0.200753
v 4.998134 20.490816 -0.164406
v 6.434547 22.121740 1.701917
v 7.066443 23.300432 -0.924678
v 7.511490 24.962347 1.333277
v 6.647458 26.818392 0.869916
v 3.115559 24.806936 0.656542
v 6.998608 28.250957 -1.873147
v -1.090230 20.972847 0.227259
v -0.743366 22.492710 -0.359932
v -0.585318 24.179031 -0.807584
v 3.297452 25.417709 0.242879
v 3.328502 25.252117 0.107411
v -1.771226 26.124147 0.784473
v -0.193483 27.868696 1.687627
v 0.738828 30.063202 -0.214405
v 1.152519 19.857393 3.143144
v 1.836859 21.876820 3.483460
v 0.132868 19.651493 -3.027596
v 2.965063 21.550425 -5.091133
v 1.740419 20.911951 -0.162070
v 3.532748 26.643753 0.499306
v 0.886546 23.244745 -3.765837
v 2.062252 24.615677 -4.996219
v 3.499079 29.183914 3.774016
v 3.837731 30.444090 -1.675190
v 2.071885 20.879557 0.730148
v 2.083941 23.701656 0.510268
v 4.157157 28.776373 -3.559482
v 3.172734 27.407072 4.509673
v 2.520044 23.244783 6.225439
v 2.846389 25.185154 6.061982
v 2.715971 21.873377 0.224884
v 2.637644 21.723555 0.398764
v 2.667228 21.850965 0.562770
v 3.254477 28.180265 0.318500
v 3.220437 28.065687 0.169553
v 3.301198 28.186411 0.054470
v 2.399316 23.543297 -0.392621
v 2.214593 23.776340 -0.326800
v 1.831497 22.125185 0.564633
v 1.580939 20.530418 0.756423
v 2.040010 23.615997 -0.240743
v 3.400911 28.280094 0.001175
v 3.538761 28.245026 -0.026533
v 0.355969 -1.236378 -0.310524
v 3.056354 25.141026 -0.146158
v 2.940632 23.620886 0.328301
v 3.414924 26.273134 0.365671
v 2.771474 26.694706 -0.118717
v 2.319903 22.445408 -0.247640
v 2.347336 22.386190 0.661652
v 2.110585 20.537201 -0.270566
v 3.101698 26.281399 -0.231557
v 3.168977 24.767975 0.323480
v 3.107343 26.291925 0.655136
v 2.622762 21.971725 -0.072649
v 2.622783 23.914032 -0.187821
v 2.224643 20.201853 0.406247
v 2.167900 24.018911 0.112155
v 3.211041 26.983477 -0.199502
v 2.898872 25.412062 0.706206
v 2.790030 24.761713 0.692242
v 2.451601 23.314018 0.618194
v 2.472473 25.155756 0.701453
v 2.784938 25.410154 -0.160653
v 2.770153 23.259720 0.312375
v 3.338285 28.300909 0.204076
v 3.218778 26.983816 0.618882
v 2.508367 25.516363 0.275185
v 1.878095 22.551060 0.193718
v 2.648340 23.552046 -0.316286
v 2.359937 20.892534 0.111727
v 2.794282 26.331095 0.047747
v 2.942284 27.012997 0.048908
v 2.161616 21.740519 -0.215546
v 2.371573 24.877855 0.265055
v 3.480617 26.375290 -0.110359
v 1.306566 20.582014 -0.007866
v 3.160721 25.117918 0.732015
v 1.724976 21.897600 0.232701
v 2.554202 23.973049 0.629220
v 2.033631 23.353153 0.115262
v 2.823781 26.702717 0.697631
v 3.469302 26.645708 -0.303478
v 1.963839 20.264393 -0.132237
v 2.478571 21.690622 0.058105
v 2.659108 22.194771 0.506625
v 2.366477 25.136494 -0.038034
v 4.034427 27.409321 -6.125754
v 2.319165 23.285051 -0.161838
v 2.760231 26.438803 0.506311
v 2.922885 23.869797 0.046966
v 2.867930 26.956108 0.478617
v 2.291955 21.729864 0.654073
v 2.927696 24.808764 -0.069309
v 2.744647 21.999405 0.398880
v 3.495262 26.947775 0.360027
v 2.742321 23.293016 -0.144772
v 3.498573 28.307631 0.227071
v 3.476848 27.965673 0.443608
v 3.711361 27.993343 0.321009
v 3.513296 26.883486 -0.087812
v 3.513901 27.898392 0.009325
v 1.856453 20.223171 0.690798
v 3.673642 28.214977 0.293340
v 3.309371 28.079586 0.393099
v 3.670772 27.851192 0.165690
v 3.271038 27.961025 0.195404
v 3.352928 28.028547 -0.010099
v 3.355772 28.190823 0.003476
v 3.307352 27.281330 0.433522
v 3.121541 27.317984 0.212234
v 3.323557 27.279232 0.012792
v 3.572553 27.609016 0.224902
v 3.405801 27.653423 0.398166
v 3.238332 27.686213 0.221618
v 3.406486 27.643259 0.050749
v 1.932185 19.328791 0.333422
v 1.505863 19.388929 0.583144
v 1.263480 19.456480 0.154257
v 1.689802 19.396343 -0.095465
v 2.021678 19.843807 0.351090
v 1.619521 19.923906 0.584691
v 1.375812 20.005859 0.197557
v 1.784747 19.924313 -0.037087
v 2.303672 21.315662 0.182594
v 2.118114 21.376625 0.553425
v 1.757951 21.434177 0.339547
v 1.950037 21.367527 -0.024937
v 2.611003 22.827486 0.215494
v 2.358043 22.873295 0.493112
v 2.087997 22.935461 0.210614
v 2.344437 22.887453 -0.062254
v 2.933632 24.315111 0.245715
v 2.679645 24.361176 0.495294
v 2.423269 24.433453 0.199589
v 2.684504 24.385315 -0.041669
v 3.258913 25.781948 0.249682
v 3.006465 25.832741 0.499898
v 2.761141 25.893160 0.224735
v 3.010483 25.838928 -0.024312
v 3.094767 26.451908 -0.700095
v 3.320399 26.663767 -0.706982
v 3.112003 26.884504 -0.669708
v 2.884232 26.674673 -0.662521
v 3.069259 26.498766 -1.163975
v 3.272977 26.700716 -1.163309
v 3.072104 26.903067 -1.132310
v 2.868387 26.701118 -1.132977
v 3.042389 26.547407 -1.531114
v 3.226009 26.729902 -1.530299
v 3.044517 26.912395 -1.502415
v 2.860896 26.729902 -1.503230
v 3.017726 26.592281 -1.863780
v 3.182779 26.756319 -1.863048
v 3.019638 26.920359 -1.837983
v 2.854584 26.756319 -1.838716
v 2.994743 26.634094 -2.173780
v 3.142494 26.780937 -2.173125
v 2.996455 26.927780 -2.150688
v 2.848703 26.780937 -2.151344
v 2.973043 26.673618 -2.466828
v 3.104427 26.804123 -2.465523
v 2.974549 26.934753 -2.445801
v 2.843165 26.804253 -2.447105
v 2.954653 26.712656 -2.750515
v 3.070018 26.825588 -2.732012
v 2.955476 26.941814 -2.720180
v 2.840110 26.828880 -2.738683
v 2.985522 26.764954 -2.999526
v 3.088569 26.864164 -2.948732
v 2.983079 26.974794 -2.948489
v 2.880033 26.875584 -2.999284
v 3.063690 26.829327 -3.209337
v 3.162273 26.924198 -3.142081
v 3.058435 27.035809 -3.147199
v 2.959853 26.940935 -3.214455
v 3.142578 26.892950 -3.412344
v 3.240981 26.987650 -3.344403
v 3.137201 27.099316 -3.349741
v 3.038798 27.004614 -3.417683
v 3.221406 26.956518 -3.615120
v 3.319808 27.051222 -3.547179
v 3.216028 27.162882 -3.552517
v 3.117625 27.068182 -3.620458
v 3.300232 27.020086 -3.817895
v 3.398636 27.114786 -3.749954
v 3.294856 27.226454 -3.755293
v 3.196453 27.131750 -3.823234
v 3.379060 27.083649 -4.020670
v 3.477463 27.178354 -3.952730
v 3.373682 27.290018 -3.958068
v 3.275280 27.195312 -4.026009
v 3.457886 27.147217 -4.223445
v 3.556290 27.241920 -4.155504
v 3.452510 27.353582 -4.160843
v 3.354107 27.258884 -4.228785
v 3.536607 27.210712 -4.425920
v 3.635149 27.305504 -4.358371
v 3.531444 27.417219 -4.363920
v 3.432902 27.322426 -4.431470
v 3.612935 27.271643 -4.623522
v 3.714489 27.368250 -4.565450
v 3.612855 27.480770 -4.576001
v 3.511302 27.384165 -4.634073
v 3.687973 27.308496 -4.859113
v 3.788085 27.401144 -4.821352
v 3.696168 27.507483 -4.840061
v 3.596056 27.414833 -4.877823
v 3.750908 27.320585 -5.090104
v 3.842217 27.403406 -5.065207
v 3.762123 27.498047 -5.086425
v 3.670813 27.415224 -5.111322
v 3.796550 27.328749 -5.258422
v 3.879549 27.403959 -5.236188
v 3.806899 27.489883 -5.255650
v 3.723899 27.414673 -5.277883
v 3.835797 27.335770 -5.403134
v 3.911562 27.404425 -5.382840
v 3.845244 27.482862 -5.400604
v 3.769480 27.414206 -5.420898
v 3.871384 27.342136 -5.534348
v 3.940588 27.404848 -5.515810
v 3.880012 27.476494 -5.532036
v 3.810807 27.413784 -5.550573
v 3.904422 27.348049 -5.656167
v 3.967536 27.405243 -5.639262
v 3.912292 27.470583 -5.654060
v 3.849177 27.413389 -5.670966
v 3.935535 27.353619 -5.770886
v 3.992914 27.405613 -5.755517
v 3.942689 27.465012 -5.768971
v 3.885310 27.413023 -5.784340
v 3.965115 27.358913 -5.879957
v 4.017042 27.405968 -5.866046
v 3.971590 27.459724 -5.878222
v 3.919663 27.412670 -5.892132
v 3.993435 27.363976 -5.984375
v 4.040141 27.406303 -5.971863
v 3.999258 27.454657 -5.982815
v 3.952551 27.412329 -5.995326
v 4.020107 27.370338 -6.082313
v 4.060261 27.406725 -6.071556
v 4.025113 27.448296 -6.080970
v 3.984959 27.411905 -6.091727
v 2.836979 24.865587 1.107421
v 2.624432 25.087385 1.110279
v 2.845386 25.290247 1.123592
v 3.056513 25.071093 1.121682
v 2.846062 24.864368 1.538915
v 2.647963 25.062679 1.544766
v 2.846294 25.260370 1.551048
v 3.044394 25.062057 1.545197
v 2.846389 24.875977 1.890036
v 2.670643 25.051641 1.895359
v 2.846389 25.227303 1.900682
v 3.022135 25.051640 1.895359
v 2.846389 24.887299 2.208268
v 2.691602 25.042015 2.212956
v 2.846389 25.196730 2.217645
v 3.001176 25.042013 2.212956
v 2.846389 24.897858 2.504878
v 2.711114 25.033058 2.508629
v 2.846389 25.168255 2.512380
v 2.981664 25.033056 2.508629
v 2.846389 24.909273 2.791619
v 2.729173 25.025980 2.786526
v 2.846389 25.142685 2.781434
v 2.963606 25.025978 2.786526
v 2.846389 24.945284 3.045938
v 2.738155 25.051044 3.024810
v 2.846389 25.156803 3.003681
v 2.954623 25.051043 3.024810
v 2.846389 25.004251 3.259825
v 2.738529 25.108034 3.230533
v 2.846390 25.211813 3.201241
v 2.954250 25.108032 3.230533
v 2.846389 25.062704 3.464484
v 2.738529 25.166410 3.434853
v 2.846389 25.270119 3.405221
v 2.954249 25.166409 3.434853
v 2.846389 25.121075 3.668805
v 2.738529 25.224787 3.639174
v 2.846389 25.328497 3.609542
v 2.954249 25.224789 3.639174
v 2.846389 25.179455 3.873126
v 2.738529 25.283167 3.843494
v 2.846389 25.386875 3.813863
v 2.954250 25.283167 3.843494
v 2.846389 25.237751 4.076982
v 2.738529 25.341541 4.047814
v 2.846389 25.445333 4.018647
v 2.954250 25.341543 4.047815
v 2.846389 25.292337 4.272994
v 2.738816 25.397694 4.254933
v 2.846389 25.503052 4.236873
v 2.953963 25.397696 4.254933
v 2.846389 25.302969 4.521095
v 2.745578 25.403103 4.523585
v 2.846390 25.503233 4.526076
v 2.947200 25.403101 4.523586
v 2.846389 25.277510 4.778533
v 2.756260 25.366751 4.790809
v 2.846389 25.455992 4.803085
v 2.936519 25.366749 4.790810
v 2.846389 25.258097 4.968448
v 2.763949 25.339706 4.980106
v 2.846389 25.421314 4.991765
v 2.928829 25.339705 4.980106
v 2.846389 25.241419 5.131829
v 2.770548 25.316500 5.142555
v 2.846389 25.391582 5.153281
v 2.922231 25.316502 5.142555
v 2.846389 25.226303 5.279969
v 2.776530 25.295460 5.289849
v 2.846389 25.364616 5.299729
v 2.916248 25.295458 5.289849
v 2.846389 25.212263 5.417505
v 2.782085 25.275921 5.426600
v 2.846389 25.339581 5.435694
v 2.910693 25.275923 5.426600
v 2.846389 25.199043 5.547023
v 2.787316 25.257523 5.555377
v 2.846390 25.316002 5.563732
v 2.905463 25.257524 5.555377
v 2.846389 25.186480 5.670165
v 2.792289 25.240036 5.677815
v 2.846389 25.293587 5.685466
v 2.900489 25.240034 5.677815
v 2.846389 25.174446 5.788053
v 2.797050 25.223289 5.795031
v 2.846389 25.272135 5.802008
v 2.895728 25.223291 5.795031
v 2.846389 25.162867 5.901505
v 2.801632 25.207176 5.907834
v 2.846389 25.251482 5.914164
v 2.891146 25.207172 5.907834
v 2.846389 25.153555 6.008599
v 2.807558 25.191996 6.014090
v 2.846389 25.230436 6.019581
v 2.885220 25.191996 6.014090
v 2.513248 23.486519 0.989645
v 2.297047 23.689768 0.977453
v 2.513961 23.886932 0.979109
v 2.726615 23.688683 0.989447
v 2.519836 23.535255 1.380692
v 2.339964 23.713900 1.365144
v 2.519762 23.892424 1.349893
v 2.699635 23.713779 1.365442
v 2.520044 23.591482 1.677865
v 2.370770 23.740177 1.664969
v 2.520044 23.888870 1.652074
v 2.669318 23.740175 1.664969
v 2.520045 23.641373 1.937822
v 2.398189 23.762842 1.935057
v 2.520045 23.884314 1.932292
v 2.641900 23.762840 1.935057
v 2.520044 23.644829 2.163459
v 2.411626 23.752113 2.176596
v 2.520045 23.859398 2.189734
v 2.628463 23.752113 2.176596
v 2.520044 23.603136 2.379415
v 2.412184 23.708942 2.400249
v 2.520044 23.814751 2.421083
v 2.627905 23.708944 2.400249
v 2.520044 23.558599 2.601991
v 2.412184 23.664366 2.623144
v 2.520044 23.770134 2.644297
v 2.627904 23.664366 2.623144
v 2.520044 23.514021 2.824885
v 2.412184 23.619789 2.846039
v 2.520044 23.725555 2.867191
v 2.627905 23.619789 2.846039
v 2.520044 23.469444 3.047781
v 2.412184 23.575209 3.068934
v 2.520045 23.680973 3.090087
v 2.627905 23.575207 3.068933
v 2.520044 23.424864 3.270675
v 2.412184 23.530632 3.291829
v 2.520045 23.636396 3.312982
v 2.627905 23.530628 3.291829
v 2.520044 23.380285 3.493570
v 2.412184 23.486050 3.514724
v 2.520045 23.591818 3.535877
v 2.627905 23.486053 3.514724
v 2.520044 23.335707 3.716465
v 2.412184 23.441471 3.737618
v 2.520045 23.547235 3.758772
v 2.627905 23.441471 3.737618
v 2.520044 23.291126 3.939360
v 2.412184 23.396893 3.960513
v 2.520044 23.502657 3.981667
v 2.627905 23.396891 3.960514
v 2.520044 23.246515 4.162449
v 2.412184 23.352310 4.183410
v 2.520044 23.458111 4.204370
v 2.627904 23.352314 4.183409
v 2.520044 23.202284 4.392387
v 2.412471 23.308495 4.408715
v 2.520044 23.414705 4.425042
v 2.627618 23.308493 4.408715
v 2.520044 23.181803 4.679393
v 2.419234 23.282242 4.686654
v 2.520045 23.382683 4.693914
v 2.620855 23.282244 4.686654
v 2.520044 23.184959 4.951925
v 2.429915 23.275051 4.954265
v 2.520044 23.365143 4.956605
v 2.610174 23.275053 4.954265
v 2.520044 23.188126 5.141600
v 2.437604 23.270546 5.143562
v 2.520044 23.352962 5.145525
v 2.602484 23.270542 5.143562
v 2.520044 23.190855 5.304205
v 2.444203 23.266674 5.306011
v 2.520044 23.342497 5.307817
v 2.595886 23.266676 5.306011
v 2.520044 23.193329 5.451641
v 2.450186 23.263168 5.453304
v 2.520045 23.333008 5.454967
v 2.589903 23.263168 5.453304
v 2.520045 23.195625 5.588525
v 2.455740 23.259912 5.590055
v 2.520044 23.324198 5.591585
v 2.584348 23.259912 5.590055
v 2.520045 23.197792 5.717429
v 2.460972 23.256849 5.718834
v 2.520045 23.315905 5.720241
v 2.579118 23.256847 5.718835
v 2.520044 23.199848 5.839984
v 2.465945 23.253933 5.841271
v 2.520044 23.308018 5.842559
v 2.574144 23.253933 5.841271
v 2.520044 23.201818 5.957312
v 2.470706 23.251141 5.958486
v 2.520044 23.300468 5.959661
v 2.569382 23.251144 5.958487
v 2.520044 23.203712 6.070225
v 2.475288 23.248451 6.071290
v 2.520044 23.293194 6.072356
v 2.564801 23.248453 6.071290
v 2.520045 23.207106 6.176621
v 2.481213 23.245926 6.177547
v 2.520044 23.284744 6.178471
v 2.558875 23.245926 6.177546
v 3.167123 26.480244 1.090063
v 2.972390 26.685587 1.083480
v 3.182436 26.877756 1.055808
v 3.378151 26.674288 1.060146
v 3.172587 26.544943 1.523643
v 2.999172 26.717859 1.507155
v 3.173091 26.890375 1.489936
v 3.346505 26.717457 1.506424
v 3.172734 26.605995 1.864409
v 3.026861 26.751144 1.849983
v 3.172734 26.896294 1.835557
v 3.318607 26.751146 1.849983
v 3.172734 26.663887 2.178986
v 3.052247 26.783106 2.162457
v 3.172734 26.902325 2.145927
v 3.293221 26.783106 2.162457
v 3.172734 26.745979 2.508399
v 3.070076 26.845991 2.485752
v 3.172734 26.946001 2.463105
v 3.275393 26.845991 2.485752
v 3.172734 26.832613 2.790884
v 3.079247 26.922731 2.766052
v 3.172734 27.012850 2.741220
v 3.266221 26.922731 2.766052
v 3.172734 26.893467 2.986703
v 3.085481 26.977537 2.963350
v 3.172734 27.061605 2.939997
v 3.259988 26.977535 2.963350
v 3.172734 26.945652 3.154586
v 3.090830 27.024570 3.132664
v 3.172734 27.103483 3.110742
v 3.254639 27.024570 3.132663
v 3.172734 26.992970 3.306805
v 3.095680 27.067211 3.286183
v 3.172734 27.141455 3.265560
v 3.249789 27.067213 3.286183
v 3.172734 27.036900 3.448130
v 3.100183 27.106806 3.428712
v 3.172734 27.176708 3.409294
v 3.245286 27.106804 3.428712
v 3.172734 27.078268 3.581216
v 3.104423 27.144087 3.562933
v 3.172734 27.209906 3.544650
v 3.241045 27.144087 3.562933
v 3.172734 27.117605 3.707749
v 3.108455 27.179539 3.690545
v 3.172734 27.241472 3.673341
v 3.237013 27.179539 3.690545
v 3.172734 27.155256 3.828885
v 3.112314 27.213472 3.812714
v 3.172734 27.271688 3.796543
v 3.233154 27.213472 3.812714
v 3.172734 27.191494 3.945462
v 3.116029 27.246130 3.930285
v 3.172734 27.300766 3.915108
v 3.229440 27.246130 3.930285
v 3.172734 27.226509 4.058111
v 3.119618 27.277687 4.043895
v 3.172734 27.328863 4.029679
v 3.225850 27.277685 4.043896
v 3.172734 27.260458 4.167328
v 3.123098 27.308285 4.154043
v 3.172734 27.356112 4.140759
v 3.222371 27.308287 4.154044
v 3.172734 27.293463 4.273503
v 3.126481 27.338028 4.261123
v 3.172734 27.382593 4.248744
v 3.218987 27.338028 4.261124
v 3.172734 27.325621 4.376959
v 3.129777 27.367010 4.365461
v 3.172734 27.408400 4.353963
v 3.215692 27.367012 4.365461
v 3.172734 27.357769 4.474952
v 3.134522 27.394587 4.464725
v 3.172734 27.431402 4.454497
v 3.210947 27.394587 4.464725
v 3.630949 28.109962 -0.209218
v 3.732400 28.235628 -0.130578
v 3.591079 28.334446 -0.134689
v 3.489045 28.210987 -0.211078
v 3.703179 28.169174 -0.462150
v 3.817563 28.294607 -0.387257
v 3.680363 28.419035 -0.387147
v 3.565978 28.293602 -0.462040
v 3.769776 28.245111 -0.687161
v 3.881441 28.367037 -0.614486
v 3.748209 28.488958 -0.614326
v 3.636545 28.367035 -0.687001
v 3.833737 28.319258 -0.903166
v 3.942082 28.437559 -0.832651
v 3.812811 28.555861 -0.832497
v 3.704466 28.437561 -0.903012
v 3.895923 28.391350 -1.113178
v 4.001041 28.506124 -1.044764
v 3.875621 28.620901 -1.044614
v 3.770503 28.506126 -1.113028
v 3.956708 28.461823 -1.318458
v 4.058671 28.573153 -1.252096
v 3.937015 28.684483 -1.251951
v 3.835051 28.573151 -1.318312
v 4.016273 28.530880 -1.519548
v 4.115269 28.638969 -1.455763
v 3.997308 28.746925 -1.455639
v 3.898312 28.638836 -1.519424
v 4.072423 28.596260 -1.713511
v 4.171158 28.704021 -1.665207
v 4.057127 28.808563 -1.665500
v 3.958392 28.700802 -1.713804
v 4.104799 28.637844 -1.961061
v 4.200154 28.741743 -1.940554
v 4.094693 28.838667 -1.941571
v 3.999337 28.734766 -1.962078
v 4.113865 28.654482 -2.215124
v 4.200962 28.749252 -2.209310
v 4.106101 28.836506 -2.210613
v 4.019004 28.741737 -2.216429
v 4.120021 28.665941 -2.399983
v 4.200243 28.753223 -2.395173
v 4.112928 28.833546 -2.396390
v 4.032707 28.746264 -2.401201
v 4.125330 28.675802 -2.558884
v 4.199602 28.756611 -2.554429
v 4.118762 28.830975 -2.555556
v 4.044490 28.750164 -2.560010
v 4.130143 28.684744 -2.702960
v 4.199021 28.759686 -2.698828
v 4.124053 28.828648 -2.699873
v 4.055174 28.753706 -2.704005
v 4.134611 28.693048 -2.836723
v 4.198482 28.762541 -2.832891
v 4.128964 28.826488 -2.833861
v 4.065094 28.756998 -2.837692
v 4.138820 28.700867 -2.962687
v 4.197974 28.765224 -2.959140
v 4.133589 28.824451 -2.960038
v 4.074435 28.760090 -2.963586
v 4.142820 28.708294 -3.082451
v 4.197491 28.767778 -3.079172
v 4.137986 28.822519 -3.080001
v 4.083315 28.763033 -3.083280
v 4.146650 28.715414 -3.197106
v 4.197028 28.770224 -3.194084
v 4.142195 28.820665 -3.194848
v 4.091817 28.765854 -3.197870
v 4.150336 28.722258 -3.307445
v 4.196584 28.772575 -3.304671
v 4.146246 28.818882 -3.305372
v 4.099999 28.768564 -3.308147
v 4.153899 28.728874 -3.414068
v 4.196155 28.774851 -3.411533
v 4.150162 28.817160 -3.412174
v 4.107905 28.771187 -3.414709
v 4.157196 28.736734 -3.514791
v 4.194141 28.776934 -3.512575
v 4.153930 28.813925 -3.513135
v 4.116984 28.773726 -3.515351
v 3.522866 28.241402 -0.177820
v 3.383092 28.336369 -0.116785
v 3.500833 28.356689 -0.390020
v 3.629982 28.462416 -0.316785
v 3.500198 28.568636 -0.242826
v 3.371190 28.462294 -0.316646
v 3.499079 28.491207 -0.577006
v 3.622998 28.592871 -0.506150
v 3.499079 28.694530 -0.435294
v 3.375161 28.592867 -0.506150
v 3.499079 28.621468 -0.755627
v 3.618266 28.719250 -0.687477
v 3.499079 28.817030 -0.619327
v 3.379893 28.719248 -0.687477
v 3.499116 28.748562 -0.929766
v 3.613650 28.841946 -0.863585
v 3.499042 28.935686 -0.797781
v 3.384508 28.842300 -0.863962
v 3.501560 28.887007 -1.109438
v 3.610053 28.961649 -1.030441
v 3.499584 29.045122 -0.960656
v 3.391091 28.970478 -1.039653
v 3.539688 29.122002 -1.262671
v 3.634696 29.161228 -1.167136
v 3.531926 29.225046 -1.093309
v 3.436919 29.185820 -1.188845
v 3.597138 29.375797 -1.354454
v 3.678146 29.394199 -1.260165
v 3.585782 29.443687 -1.190616
v 3.504773 29.425285 -1.284905
v 3.636775 29.547689 -1.412692
v 3.710176 29.563692 -1.326691
v 3.626268 29.608316 -1.263380
v 3.552868 29.592316 -1.349382
v 3.670697 29.694729 -1.462395
v 3.737699 29.709335 -1.383891
v 3.661106 29.750069 -1.326099
v 3.594103 29.735462 -1.404603
v 3.701453 29.828047 -1.507462
v 3.762655 29.841389 -1.435754
v 3.692693 29.878597 -1.382966
v 3.631491 29.865253 -1.454673
v 3.730009 29.951824 -1.549302
v 3.785825 29.963993 -1.483905
v 3.722020 29.997925 -1.435762
v 3.666204 29.985756 -1.501160
v 3.756900 30.068382 -1.588704
v 3.807644 30.079447 -1.529249
v 3.749637 30.110300 -1.485481
v 3.698893 30.099232 -1.544936
v 3.782467 30.179207 -1.626165
v 3.828389 30.189219 -1.572360
v 3.775894 30.217136 -1.532751
v 3.729972 30.207125 -1.586556
v 3.806943 30.285301 -1.662029
v 3.848248 30.294310 -1.613633
v 3.801030 30.319418 -1.578006
v 3.759726 30.310410 -1.626402
v 3.829802 30.385447 -1.694188
v 3.865313 30.393185 -1.652581
v 3.824719 30.414774 -1.621952
v 3.789208 30.407032 -1.663559
v 3.500662 28.159853 0.643660
v 3.363653 28.267241 0.585023
v 3.486722 28.381868 0.520468
v 3.624021 28.275112 0.579543
v 3.499163 28.281713 0.880660
v 3.370288 28.395153 0.820691
v 3.498560 28.508762 0.760617
v 3.627435 28.395321 0.820586
v 3.499079 28.394411 1.084687
v 3.375161 28.504002 1.026847
v 3.499079 28.613590 0.969007
v 3.622998 28.504000 1.026847
v 3.499079 28.502993 1.280290
v 3.379893 28.608398 1.224658
v 3.499079 28.713804 1.169027
v 3.618266 28.608398 1.224659
v 3.499079 28.608419 1.470125
v 3.384493 28.709902 1.416981
v 3.499079 28.811386 1.363838
v 3.613665 28.709900 1.416981
v 3.499079 28.707474 1.651292
v 3.389143 28.808252 1.608440
v 3.499079 28.909029 1.565587
v 3.609016 28.808250 1.608440
v 3.499079 28.785835 1.898062
v 3.397114 28.884319 1.873253
v 3.499079 28.982801 1.848443
v 3.601044 28.884319 1.873252
v 3.499079 28.837317 2.163097
v 3.406280 28.928909 2.148356
v 3.499079 29.020500 2.133615
v 3.591879 28.928907 2.148355
v 3.499079 28.874311 2.356968
v 3.412811 28.959536 2.343600
v 3.499079 29.044764 2.330232
v 3.585347 28.959536 2.343600
v 3.499079 28.906128 2.523652
v 3.418415 28.985819 2.511152
v 3.499079 29.065508 2.498652
v 3.579743 28.985817 2.511152
v 3.499079 28.934978 2.674785
v 3.423497 29.009649 2.663073
v 3.499079 29.084318 2.651360
v 3.574660 29.009649 2.663073
v 3.499079 28.961767 2.815100
v 3.428216 29.031775 2.804119
v 3.499079 29.101784 2.793137
v 3.569942 29.031776 2.804119
v 3.499079 28.986994 2.947237
v 3.432659 29.052612 2.936943
v 3.499079 29.118227 2.926650
v 3.565500 29.052610 2.936943
v 3.499079 29.010975 3.072865
v 3.436883 29.072420 3.063227
v 3.499079 29.133863 3.053588
v 3.561275 29.072418 3.063226
v 3.499079 29.033934 3.193136
v 3.440927 29.091385 3.184124
v 3.499079 29.148836 3.175112
v 3.557231 29.091385 3.184124
v 3.499079 29.056028 3.308880
v 3.444819 29.109634 3.300472
v 3.499079 29.163239 3.292063
v 3.553339 29.109634 3.300471
v 3.499079 29.077383 3.420725
v 3.448580 29.127270 3.412899
v 3.499079 29.177155 3.405074
v 3.549578 29.127270 3.412899
v 3.499079 29.098080 3.529161
v 3.452226 29.144369 3.521901
v 3.499079 29.190657 3.514640
v 3.545932 29.144367 3.521901
v 3.499079 29.118204 3.634578
v 3.455771 29.160992 3.627867
v 3.499079 29.203775 3.621156
v 3.542387 29.160992 3.627867
v 3.499079 29.138903 3.734432
v 3.460746 29.176773 3.728492
v 3.499079 29.214645 3.722552
v 3.537412 29.176773 3.728492
v 2.583170 24.848778 -0.445975
v 2.750327 25.058512 -0.549459
v 2.558004 25.254023 -0.499546
v 2.383080 25.045813 -0.394876
v 2.419413 24.851337 -0.824984
v 2.577320 25.026878 -0.902447
v 2.410244 25.201929 -0.847508
v 2.252336 25.026388 -0.770045
v 2.302980 24.859886 -1.111302
v 2.435815 25.006577 -1.174896
v 2.296032 25.153286 -1.128285
v 2.163197 25.006596 -1.064691
v 2.195745 24.870058 -1.379451
v 2.310677 24.990044 -1.415740
v 2.197479 25.110588 -1.371706
v 2.082547 24.990604 -1.335418
v 2.121545 24.915482 -1.625301
v 2.233912 25.018061 -1.625428
v 2.135936 25.124262 -1.574677
v 2.023569 25.021683 -1.574549
v 2.082101 24.993427 -1.839010
v 2.197807 25.091400 -1.822948
v 2.101671 25.195639 -1.766768
v 1.985965 25.097670 -1.782830
v 2.046483 25.070164 -2.041442
v 2.162344 25.167963 -2.024715
v 2.066262 25.272142 -1.968302
v 1.950401 25.174347 -1.985029
v 2.010969 25.146784 -2.243425
v 2.126831 25.244581 -2.226698
v 2.030749 25.348763 -2.170285
v 1.914888 25.250965 -2.187012
v 1.975456 25.223404 -2.445408
v 2.091317 25.321201 -2.428682
v 1.995236 25.425381 -2.372268
v 1.879375 25.327585 -2.388995
v 1.939943 25.300024 -2.647391
v 2.055804 25.397823 -2.630664
v 1.959723 25.502001 -2.574251
v 1.843861 25.404205 -2.590978
v 1.904523 25.376511 -2.848473
v 2.020326 25.474390 -2.832311
v 1.924116 25.578760 -2.777135
v 1.808313 25.480879 -2.793298
v 1.872598 25.445438 -3.031340
v 1.986810 25.544916 -3.028638
v 1.887904 25.653027 -3.003003
v 1.773693 25.553551 -3.005704
v 1.873379 25.410521 -3.249465
v 1.980564 25.503407 -3.270512
v 1.884898 25.602947 -3.297969
v 1.777713 25.510057 -3.276921
v 1.898966 25.298006 -3.482285
v 1.996902 25.379517 -3.513515
v 1.910408 25.463377 -3.564947
v 1.812472 25.381870 -3.533717
v 1.918268 25.212172 -3.661235
v 2.009327 25.287800 -3.690782
v 1.928954 25.365452 -3.739721
v 1.837894 25.289822 -3.710174
v 1.934855 25.138302 -3.815561
v 2.019997 25.209019 -3.843188
v 1.944846 25.281626 -3.888947
v 1.859703 25.210909 -3.861320
v 1.949894 25.071325 -3.955489
v 2.029672 25.137585 -3.981376
v 1.959256 25.205618 -4.024254
v 1.879477 25.139355 -3.998367
v 1.963857 25.009142 -4.085403
v 2.038655 25.071268 -4.109673
v 1.972635 25.135054 -4.149873
v 1.897836 25.072926 -4.125603
v 1.977006 24.950584 -4.207743
v 2.047115 25.008814 -4.230491
v 1.985233 25.068602 -4.268170
v 1.915124 25.010370 -4.245422
v 1.989507 24.894913 -4.324058
v 2.055157 24.949436 -4.345360
v 1.997211 25.005419 -4.380643
v 1.931562 24.950893 -4.359342
v 2.001476 24.841608 -4.435412
v 2.062856 24.892591 -4.455329
v 2.008678 24.944933 -4.488318
v 1.947298 24.893951 -4.468401
v 2.012993 24.790314 -4.542574
v 2.070266 24.837883 -4.561159
v 2.019714 24.886721 -4.591940
v 1.962441 24.839153 -4.573357
v 2.024123 24.740749 -4.646130
v 2.077426 24.785023 -4.663425
v 2.030378 24.830477 -4.692073
v 1.977075 24.786201 -4.674778
v 2.034914 24.692696 -4.746527
v 2.084368 24.733770 -4.762574
v 2.040717 24.775940 -4.789153
v 1.991263 24.734867 -4.773106
v 2.045403 24.645977 -4.844129
v 2.091117 24.683945 -4.858962
v 2.050768 24.722927 -4.883530
v 2.005055 24.684959 -4.868697
v 2.055465 24.603045 -4.937543
v 2.095927 24.636650 -4.950671
v 2.060213 24.671154 -4.972417
v 2.019751 24.637547 -4.959289
v 2.123590 23.302149 -0.492082
v 2.274213 23.490194 -0.613181
v 2.097811 23.700796 -0.541939
v 1.947188 23.512749 -0.420840
v 1.940714 23.243162 -0.806596
v 2.094661 23.433504 -0.925392
v 1.913291 23.624743 -0.855676
v 1.759345 23.434399 -0.736881
v 1.783360 23.221741 -1.086669
v 1.916794 23.386576 -1.189375
v 1.759572 23.551411 -1.129089
v 1.626138 23.386576 -1.026382
v 1.640714 23.203667 -1.341059
v 1.754566 23.344135 -1.428176
v 1.620570 23.484541 -1.376946
v 1.506718 23.344070 -1.289830
v 1.507379 23.186926 -1.583070
v 1.607286 23.306025 -1.647184
v 1.493304 23.423553 -1.607221
v 1.393398 23.304453 -1.543108
v 1.395120 23.180628 -1.874042
v 1.487952 23.284473 -1.911900
v 1.387709 23.384829 -1.883405
v 1.294878 23.280985 -1.845547
v 1.319336 23.183861 -2.151239
v 1.406511 23.278536 -2.176803
v 1.314596 23.369373 -2.153928
v 1.227421 23.274698 -2.128364
v 1.267434 23.186558 -2.345210
v 1.348598 23.274590 -2.368604
v 1.263110 23.359020 -2.347464
v 1.181946 23.270992 -2.324070
v 1.222932 23.188873 -2.511557
v 1.298822 23.271185 -2.533431
v 1.218888 23.350138 -2.513664
v 1.142998 23.267824 -2.491790
v 1.182581 23.190975 -2.662384
v 1.253690 23.268101 -2.682880
v 1.178792 23.342075 -2.664360
v 1.107683 23.264948 -2.643863
v 1.145118 23.192924 -2.802416
v 1.211789 23.265236 -2.821632
v 1.141566 23.334595 -2.804268
v 1.074896 23.262283 -2.785051
v 1.109839 23.194763 -2.934285
v 1.172330 23.262543 -2.952296
v 1.106510 23.327549 -2.936020
v 1.044020 23.259769 -2.918008
v 1.076298 23.196507 -3.059660
v 1.134814 23.259974 -3.076526
v 1.073180 23.320852 -3.061285
v 1.014665 23.257387 -3.044419
v 1.044187 23.198181 -3.179687
v 1.098898 23.257521 -3.195457
v 1.041272 23.314436 -3.181207
v 0.986561 23.255093 -3.165437
v 1.013285 23.199789 -3.295197
v 1.064334 23.255156 -3.309911
v 1.010565 23.308266 -3.296615
v 0.959516 23.252893 -3.281901
v 0.983423 23.201340 -3.406817
v 1.030934 23.252874 -3.420511
v 0.980892 23.302303 -3.408136
v 0.933381 23.250771 -3.394442
v 0.954472 23.202854 -3.515034
v 0.998553 23.250664 -3.527739
v 0.952124 23.296522 -3.516258
v 0.908043 23.248713 -3.503553
v 0.926327 23.204317 -3.620238
v 0.967073 23.248510 -3.631982
v 0.924156 23.290901 -3.621370
v 0.883411 23.246702 -3.609625
v 0.899561 23.207315 -3.720160
v 0.935626 23.246435 -3.730555
v 0.897639 23.283951 -3.721161
v 0.861574 23.244839 -3.710766
v 2.367116 21.820541 -0.644699
v 2.593901 22.006851 -0.618232
v 2.401193 22.227165 -0.679863
v 2.175190 22.039333 -0.702571
v 2.487127 21.807564 -1.079069
v 2.655435 21.973541 -1.060200
v 2.496026 22.140671 -1.114504
v 2.327718 21.974697 -1.133373
v 2.563982 21.809017 -1.417990
v 2.692821 21.935652 -1.407911
v 2.571051 22.062862 -1.449830
v 2.442212 21.936228 -1.459909
v 2.614205 21.790628 -1.677661
v 2.725232 21.896759 -1.678018
v 2.621938 22.004688 -1.714025
v 2.510911 21.898556 -1.713668
v 2.644105 21.751066 -1.883263
v 2.755041 21.855646 -1.888011
v 2.652543 21.962742 -1.923960
v 2.541607 21.858166 -1.919212
v 2.673467 21.710220 -2.088618
v 2.784433 21.814768 -2.093545
v 2.681936 21.921862 -2.129503
v 2.570971 21.817316 -2.124575
v 2.702845 21.669357 -2.294066
v 2.813810 21.773903 -2.298994
v 2.711313 21.880995 -2.334951
v 2.600348 21.776451 -2.330024
v 2.732223 21.628492 -2.499516
v 2.843188 21.733038 -2.504442
v 2.740692 21.840132 -2.540400
v 2.629726 21.735588 -2.535473
v 2.761600 21.587629 -2.704964
v 2.872566 21.692171 -2.709891
v 2.770070 21.799269 -2.745849
v 2.659104 21.694725 -2.740921
v 2.790978 21.546766 -2.910413
v 2.901944 21.651310 -2.915340
v 2.799448 21.758408 -2.951297
v 2.688482 21.653862 -2.946370
v 2.820382 21.505871 -3.116074
v 2.931333 21.610432 -3.120884
v 2.828799 21.717573 -3.156533
v 2.717848 21.613008 -3.151723
v 2.850163 21.465406 -3.329155
v 2.960485 21.570095 -3.331161
v 2.857346 21.678009 -3.359395
v 2.747024 21.573318 -3.357389
v 2.875374 21.450771 -3.602269
v 2.978265 21.549368 -3.599235
v 2.880310 21.651781 -3.612812
v 2.777420 21.553183 -3.615845
v 2.891466 21.460321 -3.865280
v 2.983249 21.548611 -3.860026
v 2.895133 21.640528 -3.865499
v 2.803350 21.552238 -3.870753
v 2.902325 21.468000 -4.048019
v 2.986269 21.548761 -4.043105
v 2.905648 21.632847 -4.047825
v 2.821704 21.552088 -4.052740
v 2.911629 21.474600 -4.204654
v 2.988854 21.548895 -4.200132
v 2.914686 21.626249 -4.204475
v 2.837461 21.551954 -4.208996
v 2.920065 21.480577 -4.346677
v 2.991198 21.549015 -4.342512
v 2.922880 21.620270 -4.346512
v 2.851748 21.551836 -4.350677
v 2.927897 21.486132 -4.478533
v 2.993374 21.549126 -4.474700
v 2.930489 21.614717 -4.478382
v 2.865012 21.551723 -4.482215
v 2.935272 21.491365 -4.602704
v 2.995423 21.549234 -4.599183
v 2.937654 21.609489 -4.602565
v 2.877503 21.551617 -4.606086
v 2.942285 21.496338 -4.720759
v 2.997372 21.549332 -4.717534
v 2.944465 21.604515 -4.720631
v 2.889379 21.551519 -4.723857
v 2.948998 21.501095 -4.833780
v 2.999237 21.549427 -4.830839
v 2.950987 21.599752 -4.833663
v 2.900748 21.551422 -4.836605
v 2.955459 21.505676 -4.942546
v 3.001032 21.549519 -4.939878
v 2.957263 21.595171 -4.942441
v 2.911690 21.551327 -4.945109
v 2.961577 21.511600 -5.044999
v 3.001115 21.549641 -5.042684
v 2.963142 21.589247 -5.044907
v 2.923603 21.551208 -5.047222
v 1.560104 20.256857 -0.441762
v 1.729330 20.458931 -0.568540
v 1.517415 20.662718 -0.514959
v 1.340396 20.459152 -0.387967
v 1.367809 20.198677 -0.819996
v 1.509703 20.365162 -0.920381
v 1.339609 20.531628 -0.884053
v 1.197715 20.365141 -0.783668
v 1.236640 20.171858 -1.118645
v 1.342153 20.296543 -1.199205
v 1.210469 20.420502 -1.179006
v 1.104955 20.295818 -1.098445
v 1.144223 20.117056 -1.342311
v 1.229302 20.218748 -1.419870
v 1.112373 20.318113 -1.417186
v 1.027294 20.216419 -1.339627
v 1.077225 20.027554 -1.520282
v 1.159820 20.126457 -1.601900
v 1.041057 20.222057 -1.606193
v 0.958462 20.123154 -1.524575
v 1.009282 19.934252 -1.701503
v 1.091803 20.033072 -1.783311
v 0.972929 20.128548 -1.787887
v 0.890409 20.029730 -1.706079
v 0.941247 19.840845 -1.882961
v 1.023767 19.939669 -1.964769
v 0.904894 20.035145 -1.969344
v 0.822373 19.936319 -1.887537
v 0.873211 19.747442 -2.064419
v 0.955732 19.846262 -2.146226
v 0.836859 19.941742 -2.150802
v 0.754338 19.842920 -2.068995
v 0.804936 19.653866 -2.246319
v 0.887432 19.752672 -2.328170
v 0.769064 19.848513 -2.331818
v 0.686567 19.749708 -2.249967
v 0.728559 19.559198 -2.437862
v 0.810104 19.657160 -2.520382
v 0.704377 19.760841 -2.502241
v 0.622832 19.662880 -2.419722
v 0.589490 19.525871 -2.626047
v 0.661136 19.612888 -2.701304
v 0.590694 19.714279 -2.651545
v 0.519048 19.627258 -2.576288
v 0.435458 19.551640 -2.762982
v 0.492802 19.622036 -2.824689
v 0.450139 19.705973 -2.768614
v 0.392794 19.635576 -2.706907
v 0.331387 19.572323 -2.852482
v 0.379017 19.630827 -2.903799
v 0.344189 19.700659 -2.856517
v 0.296560 19.642153 -2.805201
v 0.242388 19.590111 -2.928954
v 0.281711 19.638411 -2.971321
v 0.252957 19.696062 -2.932286
v 0.213635 19.647762 -2.889919
v 0.163778 19.607458 -2.996688
v 0.194557 19.645267 -3.029849
v 0.172051 19.690390 -2.999296
v 0.141272 19.652584 -2.966134
v 2.455522 21.743717 0.966003
v 2.262889 21.940687 1.064705
v 2.464651 22.134773 1.032481
v 2.659751 21.931885 0.937746
v 2.578748 21.691723 1.328904
v 2.431722 21.855530 1.416910
v 2.601840 22.018641 1.396435
v 2.748867 21.854830 1.308429
v 2.678263 21.662971 1.634274
v 2.563582 21.792093 1.673562
v 2.695109 21.914339 1.673738
v 2.809789 21.785217 1.634449
v 2.648371 21.665348 1.933773
v 2.559690 21.773705 1.912421
v 2.663295 21.868942 1.941995
v 2.751978 21.760590 1.963347
v 2.525517 21.690969 2.178189
v 2.452655 21.788870 2.133613
v 2.541972 21.874212 2.174339
v 2.614834 21.776318 2.218915
v 2.436753 21.709883 2.345803
v 2.369639 21.800488 2.303493
v 2.452118 21.879454 2.341772
v 2.519231 21.788849 2.384082
v 2.360642 21.726112 2.489427
v 2.298173 21.810452 2.450045
v 2.374944 21.883949 2.485674
v 2.437413 21.799614 2.525056
v 2.291632 21.740828 2.619651
v 2.233374 21.819479 2.582924
v 2.304970 21.888029 2.616152
v 2.363227 21.809374 2.652879
v 2.227561 21.754492 2.740555
v 2.173213 21.827864 2.706292
v 2.240004 21.891809 2.737290
v 2.294352 21.818436 2.771553
v 2.167226 21.767355 2.854411
v 2.116560 21.835758 2.822469
v 2.178826 21.895372 2.851366
v 2.229491 21.826969 2.883308
v 2.109861 21.779591 2.962660
v 2.062696 21.843267 2.932925
v 2.120660 21.898762 2.959826
v 2.167825 21.835087 2.989561
v 2.054944 21.791302 3.066291
v 2.011129 21.850452 3.038670
v 2.064975 21.902004 3.063660
v 2.108789 21.842854 3.091281
v 2.002092 21.802572 3.166023
v 1.961503 21.857367 3.140435
v 2.011385 21.905127 3.163585
v 2.051975 21.850328 3.189174
v 1.951022 21.813457 3.262396
v 1.913549 21.864050 3.238772
v 1.959601 21.908144 3.260144
v 1.997074 21.857553 3.283769
v 1.901507 21.824020 3.355831
v 1.867056 21.870531 3.334111
v 1.909395 21.911068 3.353761
v 1.943847 21.864557 3.375481
v 1.854739 21.835627 3.444321
v 1.824418 21.876562 3.425206
v 1.861681 21.912239 3.442500
v 1.892002 21.871304 3.461615
v 2.117235 20.181463 0.996793
v 1.935784 20.385870 1.117169
v 2.168837 20.579472 1.090461
v 2.352447 20.373173 0.965122
v 2.257413 20.084944 1.336186
v 2.117837 20.246750 1.446885
v 2.296869 20.407328 1.437261
v 2.436445 20.245522 1.326561
v 2.359368 20.026575 1.618224
v 2.252614 20.157642 1.673942
v 2.389143 20.270390 1.694473
v 2.495897 20.139324 1.638755
v 2.293700 19.982994 1.878347
v 2.218233 20.101770 1.870859
v 2.317646 20.176983 1.937078
v 2.393114 20.058205 1.944566
v 2.111405 19.955931 2.084570
v 2.055701 20.067801 2.053993
v 2.133193 20.129389 2.136204
v 2.188897 20.017521 2.166782
v 1.978804 19.937330 2.228767
v 1.928054 20.040539 2.199626
v 1.998877 20.097000 2.276259
v 2.049626 19.993793 2.305399
v 1.865019 19.921370 2.352494
v 1.818032 20.016926 2.325515
v 1.883603 20.069201 2.396465
v 1.930590 19.973646 2.423445
v 1.761848 19.906900 2.464680
v 1.718274 19.995518 2.439660
v 1.779083 20.043993 2.505457
v 1.822657 19.955378 2.530477
v 1.666063 19.893465 2.568835
v 1.625657 19.975636 2.545634
v 1.682045 20.020590 2.606648
v 1.722451 19.938419 2.629849
v 1.575861 19.880814 2.666919
v 1.538439 19.956921 2.645431
v 1.590663 19.998554 2.701939
v 1.628086 19.922449 2.723428
v 1.490101 19.868786 2.760172
v 1.455515 19.939123 2.740313
v 1.503781 19.977602 2.792539
v 1.538367 19.907267 2.812398
v 1.407999 19.857269 2.849449
v 1.376129 19.922083 2.831149
v 1.420605 19.957542 2.879274
v 1.452476 19.892729 2.897574
v 1.328987 19.846189 2.935364
v 1.299730 19.905687 2.918565
v 1.340560 19.938240 2.962745
v 1.369817 19.878740 2.979544
v 1.252637 19.835480 3.018388
v 1.225904 19.889843 3.003038
v 1.263210 19.919584 3.043404
v 1.289942 19.865221 3.058753
v 1.180678 19.826891 3.097298
v 1.157306 19.874424 3.083878
v 1.189923 19.900425 3.119171
v 1.213295 19.852892 3.132591
v 0.940559 25.422474 0.490236
v 0.967486 25.522192 0.377256
v 1.020613 25.623127 0.479455
v 0.993686 25.523411 0.592435
v 0.723434 25.525749 0.514644
v 0.756971 25.622272 0.401406
v 0.815299 25.720520 0.502453
v 0.781762 25.623997 0.615690
v 0.512809 25.627199 0.538134
v 0.546622 25.723606 0.424864
v 0.605174 25.821764 0.525884
v 0.571361 25.725357 0.639154
v 0.302434 25.728554 0.561595
v 0.336247 25.824957 0.448324
v 0.394799 25.923111 0.549344
v 0.360986 25.826706 0.662614
v 0.092059 25.829901 0.585055
v 0.125872 25.926306 0.471785
v 0.184424 26.024460 0.572805
v 0.150611 25.928053 0.686075
v -0.117802 25.931072 0.608459
v -0.084493 26.027651 0.495244
v -0.026465 26.125984 0.596322
v -0.059774 26.029406 0.709536
v -0.317996 26.026323 0.630765
v -0.296755 26.126545 0.519210
v -0.251365 26.228676 0.621351
v -0.272606 26.128454 0.732905
v -0.195132 27.830849 1.680653
v -0.205789 27.873127 1.651400
v -0.175580 27.902449 1.682770
v -0.164923 27.860174 1.712023
v -0.164224 27.819391 1.657370
v -0.175907 27.865740 1.625300
v -0.142790 27.897884 1.659691
v -0.131106 27.851540 1.691761
v -0.104784 27.800592 1.613285
v -0.117540 27.851191 1.578273
v -0.081384 27.886286 1.615819
v -0.068628 27.835686 1.650831
v -0.018468 27.773294 1.549267
v -0.032780 27.830065 1.509983
v 0.007788 27.869444 1.552111
v 0.022100 27.812670 1.591395
v 0.093894 27.737755 1.465931
v 0.077556 27.802563 1.421085
v 0.123867 27.847517 1.469177
v 0.140205 27.782707 1.514023
v 0.231723 27.694164 1.363707
v 0.212900 27.768831 1.312039
v 0.266256 27.820625 1.367447
v 0.285080 27.745958 1.419115
v 0.394572 27.642660 1.242926
v 0.372812 27.728979 1.183197
v 0.434492 27.788851 1.247250
v 0.456253 27.702534 1.306978
v 0.581695 27.583509 1.104110
v 0.557171 27.682997 1.034694
v 0.628584 27.752113 1.108602
v 0.653107 27.652626 1.178018
v 0.782507 27.519051 0.955373
v 0.769071 27.627317 0.866088
v 0.854589 27.705248 0.948664
v 0.868026 27.596983 1.037949
v 0.955931 27.425667 0.848917
v 0.968312 27.526932 0.737850
v 1.066182 27.606825 0.822455
v 1.053801 27.505554 0.933522
v 1.106850 27.298157 0.783709
v 1.133371 27.390150 0.665080
v 1.234881 27.467972 0.748180
v 1.208359 27.375980 0.866809
v 1.265204 27.163376 0.716066
v 1.292089 27.255116 0.597219
v 1.393257 27.333168 0.680424
v 1.366372 27.241426 0.799272
v 1.430656 27.024967 0.646248
v 1.452044 27.120558 0.529193
v 1.541650 27.206549 0.616809
v 1.520262 27.110960 0.733865
v 1.397773 29.345186 -0.082363
v 1.479431 29.420631 -0.168827
v 1.527678 29.494364 -0.058992
v 1.446020 29.418919 0.027472
v 1.245800 29.498583 -0.112363
v 1.317374 29.562569 -0.186713
v 1.356902 29.627987 -0.092360
v 1.285328 29.564001 -0.018011
v 1.138396 29.606703 -0.133875
v 1.202068 29.663538 -0.199956
v 1.237117 29.721771 -0.116100
v 1.173444 29.664932 -0.050019
v 1.046207 29.699505 -0.152338
v 1.103050 29.750242 -0.211333
v 1.134340 29.802231 -0.136470
v 1.077497 29.751493 -0.077475
v 0.962618 29.783649 -0.169079
v 1.013270 29.828861 -0.221648
v 1.041152 29.875187 -0.154940
v 0.990500 29.829975 -0.102371
v 0.885012 29.861774 -0.184622
v 0.929916 29.901854 -0.231225
v 0.954634 29.942923 -0.172087
v 0.909730 29.902842 -0.125484
v 0.811931 29.935341 -0.199259
v 0.851421 29.970594 -0.240243
v 0.873159 30.006712 -0.188235
v 0.833669 29.971460 -0.147250
v 0.745214 30.004768 -0.212642
v 0.778341 30.034336 -0.247022
v 0.796576 30.064634 -0.203394
v 0.763449 30.035065 -0.169014
v 2.184533 28.492012 -0.019144
v 2.333880 28.663857 -0.200208
v 2.425033 28.820953 0.026063
v 2.275686 28.649107 0.207127
v 1.919850 28.773895 -0.037253
v 2.053654 28.909492 -0.186713
v 2.146461 29.027231 0.003349
v 2.012656 28.891632 0.152810
v 1.733848 28.980946 -0.048461
v 1.846660 29.094425 -0.173898
v 1.925211 29.192818 -0.014249
v 1.812400 29.079336 0.111188
v 1.569625 29.163641 -0.058866
v 1.664807 29.256824 -0.163072
v 1.727799 29.340803 -0.030513
v 1.632617 29.247620 0.073693
v 2.070015 25.060097 0.342155
v 2.080220 25.256638 0.130224
v 2.150877 25.450356 0.326241
v 2.139550 25.251020 0.541504
v 1.725689 25.157616 0.384046
v 1.736616 25.329580 0.204910
v 1.796298 25.501297 0.373954
v 1.785371 25.329332 0.553090
v 1.442814 25.246004 0.423307
v 1.452311 25.389898 0.273513
v 1.502482 25.533804 0.414966
v 1.492985 25.389910 0.564759
v 1.180808 25.328983 0.459778
v 1.195567 25.445570 0.335479
v 1.242511 25.562532 0.451243
v 1.227752 25.445948 0.575542
v 0.752817 23.858482 -0.465254
v 0.808222 23.969919 -0.565243
v 0.770952 24.082207 -0.459521
v 0.715548 23.970770 -0.359531
v 0.905086 23.810425 -0.405380
v 0.974941 23.938183 -0.517688
v 0.949551 24.065979 -0.388018
v 0.879696 23.938221 -0.275711
v 1.201601 23.717545 -0.288821
v 1.287732 23.875206 -0.428732
v 1.257401 24.033911 -0.267206
v 1.171270 23.876251 -0.127295
v 1.655443 23.576828 -0.098417
v 1.740341 23.753590 -0.290462
v 1.716343 23.958803 -0.081858
v 1.629441 23.780481 0.111695
v 1.414689 22.128174 0.130682
v 1.483671 22.300961 -0.060115
v 1.510376 22.482403 0.145113
v 1.444612 22.305172 0.332645
v 1.084095 22.265041 0.093535
v 1.129091 22.396488 -0.037129
v 1.145138 22.527437 0.101140
v 1.100142 22.395990 0.231804
v 0.327881 20.546932 0.420306
v 0.333956 20.661070 0.305339
v 0.343281 20.776011 0.419950
v 0.337206 20.661875 0.534917
v 0.530146 20.513288 0.408630
v 0.523023 20.656679 0.266521
v 0.535271 20.799017 0.409044
v 0.542395 20.655626 0.551153
v 0.965987 20.439337 0.365562
v 0.927909 20.647255 0.188072
v 0.965904 20.833057 0.387327
v 1.006611 20.619049 0.569697
v 3.004932 28.114437 0.124420
v 3.101066 28.260521 -0.023123
v 3.134132 28.407915 0.150175
v 3.037997 28.261831 0.297717
v 2.581101 28.239069 0.039289
v 2.713342 28.425993 -0.147612
v 2.771440 28.607595 0.077310
v 2.639199 28.420668 0.264212
v 1.573308 26.930052 0.596288
v 1.583663 27.036465 0.477541
v 1.651979 27.139921 0.577290
v 1.641624 27.033508 0.696037
v 1.737243 26.863361 0.557473
v 1.741982 26.988331 0.423247
v 1.805215 27.113184 0.541794
v 1.800475 26.988214 0.676021
v 2.006806 26.757307 0.495699
v 2.012486 26.910021 0.331565
v 2.088565 27.062857 0.476871
v 2.082885 26.910141 0.641005
v 2.401605 26.619202 0.416809
v 2.413749 26.795301 0.209621
v 2.489586 26.974773 0.396298
v 2.476877 26.798664 0.591816
v -0.553925 26.073404 0.656236
v -0.555323 26.170887 0.555014
v -0.535185 26.270329 0.652187
v -0.533787 26.172848 0.753409
v -0.790181 26.076588 0.681202
v -0.802478 26.163137 0.593582
v -0.796339 26.251450 0.680079
v -0.784042 26.164898 0.767699
v -0.965881 26.078175 0.699766
v -0.977418 26.156054 0.621012
v -0.972392 26.235523 0.698861
v -0.960855 26.157646 0.777615
v -1.117124 26.079575 0.715748
v -1.127553 26.149982 0.644553
v -1.123010 26.221817 0.714929
v -1.112581 26.151409 0.786124
v -1.254258 26.080841 0.730238
v -1.263683 26.144468 0.665898
v -1.259577 26.209393 0.729498
v -1.250152 26.145765 0.793838
v -1.381576 26.082020 0.743691
v -1.390069 26.139351 0.685714
v -1.386369 26.197851 0.743024
v -1.377876 26.140520 0.801001
v -1.501472 26.083126 0.756360
v -1.509087 26.134535 0.704376
v -1.505769 26.186989 0.755762
v -1.498155 26.135582 0.807746
v -1.615464 26.084183 0.768405
v -1.622244 26.129951 0.722119
v -1.619291 26.176659 0.767873
v -1.612510 26.130890 0.814159
v -1.721935 26.086773 0.779639
v -1.727700 26.125694 0.740282
v -1.725189 26.165405 0.779186
v -1.719423 26.126488 0.818543
v 0.298242 23.760464 -0.744742
v 0.337487 23.865627 -0.847114
v 0.288071 23.971737 -0.756382
v 0.248826 23.866575 -0.654010
v 0.483360 23.805216 -0.630869
v 0.521252 23.910715 -0.734305
v 0.443522 24.015432 -0.655852
v 0.405629 23.909935 -0.552416
v 0.641494 23.849699 -0.528211
v 0.684415 23.956059 -0.628988
v 0.619812 24.062828 -0.542682
v 0.576892 23.956467 -0.441905
v -0.587659 24.138985 -0.809780
v -0.571974 24.175720 -0.845331
v -0.558014 24.208416 -0.805388
v -0.573699 24.171682 -0.769838
v -0.541051 24.112694 -0.810122
v -0.522924 24.155146 -0.851205
v -0.506791 24.192930 -0.805046
v -0.524918 24.150478 -0.763964
v -0.451431 24.065622 -0.810593
v -0.429939 24.115953 -0.859304
v -0.410809 24.160751 -0.804575
v -0.432302 24.110420 -0.755865
v -0.321288 23.997259 -0.811277
v -0.294908 24.059038 -0.871065
v -0.271429 24.114019 -0.803891
v -0.297809 24.052242 -0.744104
v -0.151197 23.908091 -0.812063
v -0.118531 23.984789 -0.886281
v -0.090668 24.053368 -0.803105
v -0.123334 23.976667 -0.728887
v 0.070849 23.798845 -0.808132
v 0.109283 23.893780 -0.899875
v 0.113296 23.985674 -0.802475
v 0.074862 23.890738 -0.710732
v 0.842130 22.343794 0.070566
v 0.870464 22.451826 -0.035485
v 0.881582 22.557966 0.075645
v 0.853248 22.449930 0.181696
v 0.632438 22.379299 0.057186
v 0.656583 22.486984 -0.048112
v 0.666773 22.592215 0.061844
v 0.642628 22.484531 0.167141
v 0.421933 22.413334 0.044055
v 0.445920 22.521044 -0.061254
v 0.456077 22.626287 0.048699
v 0.432090 22.518572 0.154008
v 0.211670 22.447359 0.030977
v 0.235818 22.555061 -0.074303
v 0.245139 22.660370 0.035501
v 0.220991 22.552668 0.140781
v 0.008814 22.479755 0.016956
v 0.036653 22.586664 -0.087139
v 0.026271 22.693069 0.018499
v -0.001568 22.586161 0.122594
v -0.192722 22.489307 -0.048361
v -0.161860 22.584663 -0.139528
v -0.202237 22.680014 -0.054277
v -0.233099 22.584660 0.036890
v -0.365227 22.478910 -0.145348
v -0.337312 22.556349 -0.217977
v -0.385110 22.632521 -0.155200
v -0.413025 22.555080 -0.082571
v -0.491396 22.470560 -0.217104
v -0.468070 22.534927 -0.277412
v -0.508445 22.598181 -0.225516
v -0.531771 22.533813 -0.165208
v -0.599940 22.463366 -0.278798
v -0.580682 22.516508 -0.328589
v -0.614016 22.568733 -0.285743
v -0.633274 22.515589 -0.235952
v -0.696222 22.458599 -0.333507
v -0.681149 22.500193 -0.372479
v -0.707240 22.541069 -0.338943
v -0.722313 22.499474 -0.299971
v -1.088406 20.934376 0.228433
v -1.075227 20.969713 0.191908
v -1.072127 21.006819 0.228923
v -1.085306 20.971483 0.265449
v -1.050141 20.922077 0.233973
v -1.035694 20.960814 0.193931
v -1.032295 21.001495 0.234510
v -1.046743 20.962755 0.274553
v -0.976879 20.901716 0.244504
v -0.961106 20.944012 0.200787
v -0.957395 20.988419 0.245089
v -0.973169 20.946125 0.288806
v -0.870491 20.872147 0.259795
v -0.852793 20.919601 0.210744
v -0.848629 20.969429 0.260452
v -0.866328 20.921974 0.309503
v -0.731999 20.833652 0.279701
v -0.711795 20.887827 0.223705
v -0.707043 20.944710 0.280451
v -0.727247 20.890537 0.336447
v -0.562119 20.786442 0.304118
v -0.538841 20.848856 0.239604
v -0.533366 20.914392 0.304983
v -0.556643 20.851978 0.369497
v -0.361400 20.730656 0.332968
v -0.334491 20.802807 0.258390
v -0.328161 20.878567 0.333968
v -0.355070 20.806414 0.408546
v -0.130066 20.666384 0.366206
v -0.099421 20.749825 0.279999
v -0.092112 20.837355 0.367321
v -0.122757 20.753918 0.453528
v 0.131914 20.594370 0.403169
v 0.156464 20.692234 0.303002
v 0.164796 20.793028 0.403533
v 0.140245 20.695166 0.503699
v 4.625219 25.114620 0.822505
v 4.590969 25.223291 0.925002
v 4.611380 25.330904 0.817815
v 4.645631 25.222233 0.715318
v 4.828093 25.129385 0.870135
v 4.796546 25.237703 0.972796
v 4.814086 25.344597 0.865406
v 4.845633 25.236279 0.762745
v 5.030135 25.143570 0.917031
v 4.998693 25.251898 1.019719
v 5.016119 25.358786 0.912299
v 5.047561 25.250463 0.809611
v 5.232173 25.157763 0.963926
v 5.200731 25.266088 1.066614
v 5.218157 25.372976 0.959194
v 5.249600 25.264648 0.856506
v 5.434211 25.171951 1.010821
v 5.402768 25.280279 1.113509
v 5.420194 25.387167 1.006089
v 5.451637 25.278841 0.903401
v 5.636248 25.186140 1.057715
v 5.604805 25.294466 1.160403
v 5.622232 25.401354 1.052984
v 5.653675 25.293028 0.950296
v 5.837927 25.200335 1.104537
v 5.806967 25.308651 1.207323
v 5.824629 25.415537 1.099951
v 5.855589 25.307220 0.997165
v 6.033291 25.213083 1.149443
v 6.013867 25.320869 1.254241
v 6.037066 25.427340 1.148298
v 6.056491 25.319555 1.043500
v 6.647721 26.778471 0.868326
v 6.617999 26.812965 0.896357
v 6.626082 26.850321 0.858958
v 6.655804 26.815825 0.830927
v 6.608037 26.757212 0.844470
v 6.573689 26.797081 0.876862
v 6.583030 26.840246 0.833643
v 6.617378 26.800379 0.801250
v 6.531877 26.719784 0.798831
v 6.491151 26.767056 0.837238
v 6.502225 26.818232 0.785994
v 6.542950 26.770964 0.747587
v 6.421278 26.665434 0.732557
v 6.371291 26.723450 0.779698
v 6.384884 26.786266 0.716800
v 6.434871 26.728252 0.669660
v 6.276929 26.594582 0.646086
v 6.215445 26.666735 0.704889
v 6.232513 26.744749 0.626926
v 6.293996 26.672598 0.568123
v 6.091589 26.508224 0.536797
v 6.029154 26.600325 0.616185
v 6.054899 26.697580 0.522590
v 6.117333 26.605480 0.443202
v 5.874365 26.466633 0.434558
v 5.830530 26.571638 0.533883
v 5.867877 26.680241 0.434585
v 5.911712 26.575235 0.335261
v 5.657986 26.479746 0.356671
v 5.628141 26.585657 0.462219
v 5.670652 26.694864 0.364590
v 5.700496 26.588951 0.259042
v 5.450603 26.495501 0.283503
v 5.421359 26.601425 0.389295
v 5.464081 26.710638 0.291752
v 5.493327 26.604712 0.185960
v 5.243628 26.511263 0.210500
v 5.214383 26.617193 0.316293
v 5.257106 26.726406 0.218750
v 5.286351 26.620478 0.112958
v 5.036653 26.527031 0.137498
v 5.007407 26.632956 0.243290
v 5.050130 26.742170 0.145747
v 5.079376 26.636246 0.039955
v 4.829677 26.542793 0.064495
v 4.800432 26.648722 0.170287
v 4.843154 26.757938 0.072744
v 4.872400 26.652006 -0.033048
v 4.622702 26.558563 -0.008507
v 4.593456 26.664486 0.097285
v 4.636179 26.773701 -0.000258
v 4.665424 26.667774 -0.106050
v 4.415911 26.574320 -0.081482
v 4.387315 26.680231 0.024409
v 4.429019 26.789476 -0.073289
v 4.457615 26.683563 -0.179180
v 4.215008 26.588839 -0.151184
v 4.202149 26.694893 -0.042694
v 4.219156 26.805178 -0.144153
v 4.232014 26.699121 -0.252644
v 6.404099 28.004835 -1.084971
v 6.455066 28.108925 -1.007466
v 6.371039 28.199846 -1.071922
v 6.320072 28.095755 -1.149428
v 6.538430 28.051008 -1.259060
v 6.591377 28.143253 -1.200581
v 6.510721 28.220169 -1.248675
v 6.457775 28.127930 -1.307153
v 6.632596 28.083700 -1.383518
v 6.680035 28.165781 -1.331914
v 6.608006 28.234076 -1.374327
v 6.560566 28.151993 -1.425932
v 6.713425 28.111755 -1.490344
v 6.755777 28.185034 -1.444274
v 6.691472 28.246006 -1.482139
v 6.649120 28.172724 -1.528209
v 6.786714 28.137192 -1.587204
v 6.824452 28.202494 -1.546152
v 6.767151 28.256821 -1.579892
v 6.729412 28.191521 -1.620944
v 6.854755 28.160809 -1.677130
v 6.888212 28.218695 -1.640737
v 6.837415 28.266861 -1.670649
v 6.803958 28.208975 -1.707041
v 6.918832 28.183052 -1.761815
v 6.948254 28.233961 -1.729809
v 6.903581 28.276318 -1.756114
v 6.874158 28.225412 -1.788120
v 6.977982 28.205261 -1.840235
v 7.002664 28.247965 -1.813386
v 6.965189 28.283497 -1.835453
v 6.940507 28.240791 -1.862302
v 5.251072 27.742483 -0.522090
v 5.282159 27.849312 -0.418043
v 5.229138 27.956142 -0.512846
v 5.198052 27.849312 -0.616893
v 5.453167 27.784569 -0.607249
v 5.475634 27.890303 -0.499656
v 5.414354 27.996069 -0.590863
v 5.391886 27.890337 -0.698456
v 5.646870 27.827181 -0.688828
v 5.668978 27.932871 -0.581084
v 5.607351 28.038597 -0.672145
v 5.585242 27.932905 -0.779889
v 5.840220 27.869745 -0.770259
v 5.862329 27.975437 -0.662514
v 5.800702 28.081161 -0.753575
v 5.778593 27.975471 -0.861320
v 6.033543 27.912304 -0.851673
v 6.056167 28.018108 -0.744229
v 5.994081 28.123734 -0.835022
v 5.971457 28.017927 -0.942465
v 6.225725 27.955057 -0.935657
v 6.260376 28.063234 -0.835795
v 6.187677 28.166077 -0.919828
v 6.153025 28.057901 -1.019689
v 3.536480 24.954990 0.452565
v 3.470614 25.163467 0.640544
v 3.526966 25.364212 0.442982
v 3.593775 25.160946 0.262492
v 3.886338 24.997242 0.581472
v 3.819312 25.172722 0.743921
v 3.865447 25.347969 0.574191
v 3.932472 25.172489 0.411742
v 4.159013 25.043989 0.674922
v 4.102706 25.190731 0.811067
v 4.141154 25.337460 0.668828
v 4.197461 25.190714 0.532683
v 4.405285 25.086702 0.758493
v 4.361393 25.207741 0.871404
v 4.390343 25.328411 0.753402
v 4.434235 25.207371 0.640491
v 3.607347 23.280327 -0.617098
v 3.667466 23.397024 -0.524686
v 3.623468 23.509998 -0.633263
v 3.563349 23.393297 -0.725675
v 3.437266 23.286674 -0.490290
v 3.540132 23.425920 -0.391779
v 3.471514 23.565237 -0.516829
v 3.368648 23.425993 -0.615339
v 3.121891 23.315666 -0.256238
v 3.246877 23.488735 -0.115125
v 3.173306 23.665363 -0.278208
v 3.045852 23.492903 -0.415901
v 2.807355 21.631374 0.407255
v 2.814638 21.746443 0.539858
v 2.887224 21.868040 0.428018
v 2.879941 21.752972 0.295416
v 2.940960 20.404921 -0.206898
v 2.989460 20.526314 -0.098012
v 2.956621 20.645876 -0.214781
v 2.908120 20.524481 -0.323668
v 2.655358 20.376909 -0.076778
v 2.739188 20.539740 0.083213
v 2.680775 20.710196 -0.075742
v 2.592276 20.543867 -0.233823
v 3.889949 27.890482 0.054113
v 3.951589 28.012283 0.164779
v 3.914860 28.130472 0.036917
v 3.851583 28.007875 -0.072906
v 4.146383 27.851524 -0.050281
v 4.213465 27.978558 0.060692
v 4.179401 28.105347 -0.064609
v 4.112319 27.978312 -0.175582
v 4.377160 27.820335 -0.148807
v 4.442020 27.943012 -0.041776
v 4.409361 28.065689 -0.162589
v 4.344500 27.943014 -0.269620
v 4.598922 27.790684 -0.243724
v 4.661306 27.908672 -0.140780
v 4.629893 28.026661 -0.256980
v 4.567510 27.908672 -0.359924
v 4.814884 27.761822 -0.336157
v 4.874501 27.875280 -0.237035
v 4.843956 27.988741 -0.348602
v 4.784338 27.875280 -0.447724
v 5.033852 27.734646 -0.429835
v 5.082561 27.844200 -0.330852
v 5.044862 27.953741 -0.434581
v 4.996152 27.844185 -0.533563
v 4.050860 26.576328 -0.157883
v 4.071014 26.695000 -0.038355
v 4.036080 26.816505 -0.149181
v 4.015927 26.697834 -0.268708
v 3.806177 26.515984 -0.065836
v 3.842568 26.665686 0.102446
v 3.787428 26.818907 -0.053280
v 3.750850 26.670141 -0.210199
v 6.262960 25.190578 1.186975
v 6.264679 25.289270 1.288234
v 6.296006 25.387693 1.191098
v 6.294287 25.289000 1.089840
v 6.487807 25.143087 1.213472
v 6.499483 25.228807 1.304740
v 6.532208 25.315189 1.219369
v 6.520532 25.229473 1.128102
v 6.652445 25.107681 1.232706
v 6.663478 25.185419 1.315622
v 6.693398 25.263802 1.238154
v 6.682365 25.186062 1.155238
v 6.794036 25.077244 1.249257
v 6.804109 25.148203 1.324945
v 6.831420 25.219751 1.254230
v 6.821348 25.148790 1.178542
v 6.922419 25.049643 1.264263
v 6.931618 25.114456 1.333399
v 6.956566 25.179811 1.268806
v 6.947366 25.114996 1.199671
v 7.041611 25.024015 1.278196
v 7.050002 25.083128 1.341247
v 7.072754 25.142735 1.282339
v 7.064363 25.083614 1.219288
v 7.153856 24.999886 1.291316
v 7.161485 25.053625 1.348638
v 7.182169 25.107813 1.295082
v 7.174541 25.054073 1.237761
v 7.260575 24.976938 1.303790
v 7.267478 25.025574 1.355665
v 7.286196 25.074610 1.307199
v 7.279293 25.025976 1.255324
v 7.362740 24.954979 1.315732
v 7.368950 24.998724 1.362392
v 7.385787 25.042830 1.318798
v 7.379577 24.999084 1.272138
v 7.459001 24.935925 1.326991
v 7.464340 24.973532 1.367104
v 7.478815 25.011452 1.329626
v 7.473476 24.973843 1.289513
v 5.350366 23.462843 -0.487203
v 5.345639 23.572454 -0.383380
v 5.342370 23.677279 -0.493631
v 5.347097 23.567665 -0.597454
v 5.131574 23.439526 -0.508306
v 5.109545 23.548784 -0.404288
v 5.109192 23.653946 -0.514780
v 5.131222 23.544685 -0.618798
v 4.906794 23.414705 -0.531469
v 4.884038 23.523939 -0.427457
v 4.883809 23.629101 -0.537948
v 4.906564 23.519871 -0.641960
v 4.681712 23.389877 -0.554635
v 4.658957 23.499107 -0.450623
v 4.658727 23.604271 -0.561114
v 4.681482 23.495043 -0.665126
v 4.456630 23.365046 -0.577800
v 4.433875 23.474277 -0.473789
v 4.433644 23.579441 -0.584279
v 4.456400 23.470211 -0.688291
v 4.231548 23.340214 -0.600966
v 4.208792 23.449446 -0.496954
v 4.208562 23.554609 -0.607445
v 4.231318 23.445377 -0.711457
v 4.006194 23.315371 -0.624107
v 3.984566 23.424652 -0.520196
v 3.983753 23.529797 -0.630635
v 4.005380 23.420513 -0.734546
v 3.777521 23.290876 -0.644716
v 3.783046 23.401455 -0.543424
v 3.768144 23.506361 -0.652660
v 3.762620 23.395779 -0.753952
v 7.052663 23.265409 -0.920545
v 7.068499 23.302107 -0.886908
v 7.064426 23.338242 -0.924412
v 7.048591 23.301544 -0.958049
v 7.021242 23.267960 -0.911772
v 7.038341 23.307587 -0.875452
v 7.033942 23.346605 -0.915947
v 7.016843 23.306980 -0.952268
v 6.962115 23.275805 -0.895287
v 6.980304 23.317959 -0.856651
v 6.975625 23.359467 -0.899729
v 6.957436 23.317316 -0.938365
v 6.876252 23.287199 -0.871349
v 6.896025 23.333015 -0.829349
v 6.890938 23.378136 -0.876177
v 6.871165 23.332319 -0.918176
v 6.764479 23.302029 -0.840186
v 6.786313 23.352627 -0.793809
v 6.780696 23.402449 -0.845517
v 6.758863 23.351849 -0.891895
v 6.627375 23.320221 -0.801961
v 6.651737 23.376675 -0.750213
v 6.645471 23.432261 -0.807909
v 6.621109 23.375813 -0.859657
v 6.465382 23.341713 -0.756796
v 6.492731 23.405088 -0.698704
v 6.485696 23.467495 -0.763475
v 6.458347 23.404118 -0.821567
v 6.278862 23.366459 -0.704794
v 6.309649 23.437805 -0.639396
v 6.301730 23.508059 -0.712312
v 6.270942 23.436712 -0.777709
v 6.068118 23.394421 -0.646038
v 6.102791 23.474771 -0.572386
v 6.093873 23.553892 -0.654505
v 6.059199 23.473543 -0.728157
v 5.833709 23.425531 -0.580655
v 5.872000 23.515984 -0.497683
v 5.862088 23.604967 -0.590072
v 5.823798 23.514517 -0.673044
v 5.583806 23.457813 -0.512004
v 5.609656 23.560675 -0.416229
v 5.601438 23.660004 -0.520131
v 5.575587 23.557138 -0.615906
v 3.088929 21.581089 0.483053
v 3.063284 21.687431 0.589225
v 3.094060 21.794971 0.485655
v 3.119704 21.688631 0.379482
v 3.315715 21.608572 0.542860
v 3.273946 21.714794 0.643942
v 3.286887 21.822029 0.536358
v 3.328655 21.715809 0.435277
v 3.524477 21.639774 0.597689
v 3.482040 21.746012 0.698591
v 3.494254 21.853260 0.590813
v 3.536691 21.747025 0.489911
v 3.732541 21.670990 0.652331
v 3.690105 21.777225 0.753233
v 3.702319 21.884476 0.645454
v 3.744756 21.778236 0.544552
v 3.940606 21.702208 0.706973
v 3.898170 21.808443 0.807875
v 3.910384 21.915689 0.700096
v 3.952821 21.809454 0.599194
v 4.148671 21.733423 0.761615
v 4.106236 21.839657 0.862516
v 4.118450 21.946905 0.754737
v 4.160886 21.840673 0.653836
v 4.356736 21.764639 0.816256
v 4.314299 21.870872 0.917158
v 4.326514 21.978123 0.809379
v 4.368952 21.871887 0.708477
v 4.564801 21.795853 0.870898
v 4.522364 21.902088 0.971800
v 4.534579 22.009340 0.864021
v 4.577015 21.903103 0.763119
v 4.772814 21.827063 0.925523
v 4.730200 21.933270 1.026368
v 4.742694 22.040560 0.918679
v 4.785308 21.934351 0.817834
v 4.981305 21.858385 0.981698
v 4.934618 21.963713 1.080891
v 4.953698 22.071613 0.975664
v 5.000384 21.966282 0.876471
v 5.224326 21.895559 1.080637
v 5.173606 21.992905 1.170455
v 5.202720 22.095015 1.076584
v 5.253440 21.997669 0.986766
v 5.450657 21.930599 1.195767
v 5.402087 22.016472 1.273799
v 5.433595 22.107655 1.193094
v 5.482165 22.021782 1.115063
v 5.611265 21.955450 1.278179
v 5.567019 22.033384 1.348946
v 5.595866 22.116188 1.275792
v 5.640113 22.038248 1.205024
v 5.749136 21.976778 1.348920
v 5.708747 22.047920 1.413519
v 5.735079 22.123508 1.346741
v 5.775469 22.052364 1.282142
v 5.874145 21.996120 1.413061
v 5.837253 22.061106 1.472068
v 5.861305 22.130146 1.411072
v 5.898198 22.065163 1.352065
v 5.990206 22.014074 1.472612
v 5.956560 22.073339 1.526425
v 5.978496 22.136303 1.470797
v 6.012143 22.077040 1.416983
v 6.099502 22.030985 1.528691
v 6.068913 22.084866 1.577615
v 6.088855 22.142109 1.527041
v 6.119444 22.088228 1.478117
v 6.203414 22.047066 1.582009
v 6.175733 22.095825 1.626283
v 6.193780 22.147627 1.580515
v 6.221462 22.098867 1.536241
v 6.302896 22.062452 1.633052
v 6.277997 22.106310 1.672876
v 6.294230 22.152905 1.631709
v 6.319129 22.109051 1.591885
v 6.396075 22.078497 1.680918
v 6.374669 22.116199 1.715154
v 6.388625 22.156260 1.679763
v 6.410031 22.118555 1.645526
v 4.990481 20.454103 -0.163741
v 4.989574 20.491892 -0.127906
v 4.991610 20.527729 -0.165645
v 4.992517 20.489943 -0.201480
v 4.962665 20.451921 -0.164796
v 4.961693 20.492352 -0.126451
v 4.963871 20.530704 -0.166833
v 4.964842 20.490271 -0.205178
v 4.909936 20.450825 -0.166876
v 4.908919 20.493155 -0.126733
v 4.911200 20.533300 -0.169009
v 4.912217 20.490973 -0.209151
v 4.833367 20.449240 -0.169897
v 4.832284 20.494318 -0.127144
v 4.834713 20.537075 -0.172168
v 4.835795 20.491993 -0.214921
v 4.733692 20.447170 -0.173829
v 4.732523 20.495832 -0.127679
v 4.735144 20.541988 -0.176281
v 4.736314 20.493324 -0.222431
v 4.611426 20.444630 -0.178653
v 4.610150 20.497688 -0.128335
v 4.613009 20.548014 -0.181326
v 4.614284 20.494953 -0.231644
v 4.466965 20.441631 -0.184352
v 4.465565 20.499886 -0.129110
v 4.468703 20.555134 -0.187287
v 4.470103 20.496880 -0.242529
v 4.300632 20.438179 -0.190914
v 4.299088 20.502409 -0.130002
v 4.302548 20.563326 -0.194151
v 4.304091 20.499096 -0.255063
v 4.112697 20.434280 -0.198329
v 4.110992 20.505264 -0.131010
v 4.114815 20.572588 -0.201905
v 4.116520 20.501608 -0.269224
v 3.903396 20.429935 -0.206586
v 3.901509 20.508442 -0.132133
v 3.905738 20.582905 -0.210542
v 3.907624 20.504396 -0.284995
v 3.672932 20.425148 -0.215679
v 3.670846 20.511940 -0.133369
v 3.675521 20.594261 -0.220051
v 3.677606 20.507469 -0.302361
v 3.421415 20.419935 -0.225592
v 3.419748 20.515741 -0.134766
v 3.424421 20.606647 -0.230433
v 3.426088 20.510839 -0.321259
v 3.151238 20.414223 -0.234684
v 3.164821 20.519537 -0.135827
v 3.158144 20.620422 -0.240384
v 3.144562 20.515106 -0.339241
vn 0.9358 -0.1719 -0.3076
vn 0.9137 -0.1773 0.3657
vn 0.9149 -0.0827 0.3952
vn 0.9732 -0.1084 -0.2026
vn -0.0920 0.0492 -0.9945
vn 0.5837 -0.0182 -0.8118
vn 0.5844 -0.0074 -0.8114
vn -0.0926 0.0383 -0.9950
vn -0.6164 0.0775 -0.7836
vn -0.6864 0.2827 -0.6700
vn -0.5119 -0.1947 -0.8367
vn -0.9921 0.0816 0.0949
vn -0.8079 0.0949 -0.5816
vn -0.8100 0.0642 -0.5829
vn -0.9944 0.0487 0.0937
vn 0.3432 -0.2584 -0.9030
vn 0.0954 -0.4606 -0.8824
vn 0.1049 -0.5661 -0.8177
vn 0.0914 -0.0542 0.9943
vn -0.5842 0.0135 0.8115
vn -0.5852 -0.0031 0.8109
vn 0.0917 -0.0491 0.9946
vn 0.9919 -0.0848 -0.0951
vn 0.8076 -0.0984 0.5814
vn 0.8094 -0.0735 0.5827
vn 0.9939 -0.0578 -0.0941
vn -0.0924 0.0366 -0.9951
vn 0.5843 -0.0059 -0.8115
vn 0.5842 -0.0059 -0.8116
vn -0.0923 0.0365 -0.9951
vn -0.9947 0.0431 0.0937
vn -0.8100 0.0590 -0.5834
vn -0.8100 0.0586 -0.5835
vn -0.9947 0.0427 0.0938
vn 0.0917 -0.0484 0.9946
vn -0.5850 -0.0058 0.8110
vn -0.5849 -0.0059 0.8111
vn -0.5426 0.7137 -0.4429
vn -0.5888 0.5870 -0.5556
vn -0.6204 0.6403 -0.4530
vn 0.9941 -0.0542 -0.0941
vn 0.8094 -0.0702 0.5830
vn 0.8094 -0.0704 0.5831
vn 0.9941 -0.0545 -0.0942
vn -0.4547 -0.8732 -0.1755
vn -0.1973 -0.7876 0.5837
vn 0.3407 -0.9240 0.1735
vn 0.0201 -0.9544 -0.2980
vn 0.9314 0.0137 0.3638
vn 0.8415 -0.4924 0.2221
vn 0.8086 -0.4466 0.3831
vn 0.8975 0.0278 0.4402
vn 0.6138 0.7893 -0.0160
vn 0.6316 0.7738 0.0495
vn 0.7348 0.5735 -0.3623
vn -0.5849 -0.0060 0.8111
vn -0.7790 -0.5192 -0.3516
vn -0.6427 -0.7659 0.0156
vn -0.5436 -0.7548 -0.3672
vn 0.9941 -0.0546 -0.0942
vn 0.8093 -0.0705 0.5831
vn -0.6418 -0.4742 0.6027
vn -0.7180 0.0652 0.6930
vn -0.6188 -0.3407 0.7078
vn -0.3054 0.4454 0.8416
vn -0.3136 0.5992 0.7366
vn -0.4507 0.4796 0.7529
vn 0.3190 0.5584 -0.7658
vn 0.3611 0.5164 -0.7765
vn 0.2488 0.4924 -0.8341
vn -0.8100 0.0586 -0.5836
vn 0.3103 -0.8404 -0.4444
vn 0.5013 -0.8648 -0.0270
vn 0.4941 -0.8115 -0.3121
vn 0.0916 -0.0484 0.9946
vn -0.0923 0.0363 -0.9951
vn 0.5842 -0.0063 -0.8116
vn 0.5841 -0.0084 -0.8116
vn -0.0924 0.0351 -0.9951
vn -0.9946 0.0440 0.0938
vn -0.8099 0.0591 -0.5835
vn -0.8098 0.0624 -0.5834
vn -0.9942 0.0517 0.0941
vn 0.0917 -0.0468 0.9947
vn -0.5848 -0.0042 0.8112
vn -0.5842 0.0065 0.8116
vn 0.0923 -0.0369 0.9951
vn 0.9941 -0.0544 -0.0942
vn 0.8094 -0.0696 0.5832
vn 0.8097 -0.0642 0.5834
vn 0.9941 -0.0535 -0.0942
vn -0.0925 0.0333 -0.9952
vn 0.5839 -0.0115 -0.8117
vn 0.5838 -0.0131 -0.8118
vn -0.0925 0.0324 -0.9952
vn 0.8597 0.3929 0.3264
vn 0.7933 0.4690 0.3882
vn 0.7924 0.3724 0.4831
vn -0.9935 0.0632 0.0944
vn -0.8095 0.0672 -0.5833
vn -0.8093 0.0698 -0.5832
vn -0.9931 0.0693 0.0945
vn -0.4200 0.6017 0.6793
vn -0.5344 0.5304 0.6581
vn -0.4136 0.4560 0.7880
vn 0.0931 -0.0223 0.9954
vn -0.5833 0.0225 0.8120
vn -0.5827 0.0309 0.8121
vn 0.0936 -0.0145 0.9955
vn 0.9942 -0.0522 -0.0941
vn 0.8101 -0.0563 0.5835
vn 0.8104 -0.0520 0.5836
vn 0.9942 -0.0515 -0.0941
vn -0.3997 0.6944 -0.5984
vn -0.3834 0.6088 -0.6945
vn -0.4820 0.6425 -0.5957
vn -0.0925 0.0322 -0.9952
vn 0.5838 -0.0134 -0.8118
vn -0.9930 0.0702 0.0945
vn -0.8093 0.0702 -0.5832
vn -0.6339 -0.4717 -0.6129
vn -0.6887 -0.5012 -0.5239
vn -0.7283 -0.4431 -0.5227
vn 0.0937 -0.0133 0.9955
vn -0.5826 0.0323 0.8121
vn -0.5826 0.0322 0.8121
vn 0.0937 -0.0134 0.9955
vn 0.9942 -0.0514 -0.0942
vn 0.8104 -0.0513 0.5836
vn 0.8104 -0.0514 0.5836
vn 0.5837 -0.8101 -0.0549
vn 0.4038 -0.8791 0.2532
vn 0.5713 -0.7997 0.1850
vn 0.9030 -0.3317 0.2730
vn 0.9385 -0.0485 0.3417
vn 0.9290 0.1591 0.3342
vn -0.2104 0.7518 -0.6249
vn -0.2290 0.6598 -0.7157
vn 0.0030 0.5745 -0.8185
vn -0.4803 0.7302 -0.4860
vn -0.5442 0.6369 -0.5460
vn -0.5870 0.6558 -0.4748
vn 0.9942 -0.0513 -0.0942
vn -0.6428 0.2747 -0.7151
vn -0.7217 -0.1406 -0.6778
vn -0.6558 -0.1159 -0.7460
vn -0.5625 0.3096 -0.7667
vn -0.7296 -0.4146 0.5439
vn -0.6969 -0.3773 0.6099
vn -0.7941 -0.3610 0.4889
vn -0.5432 0.6527 0.5281
vn -0.5219 0.7259 0.4479
vn -0.6013 0.6727 0.4313
vn 0.8073 0.4277 0.4065
vn 0.9306 -0.1405 0.3380
vn 0.8369 0.2793 0.4707
vn -0.6583 -0.5338 0.5307
vn -0.7274 -0.4951 0.4751
vn -0.6715 -0.5624 0.4826
vn 0.9035 0.3452 -0.2542
vn 0.9045 0.2393 -0.3530
vn 0.9744 0.2189 0.0506
vn 0.9616 0.2449 -0.1235
vn -0.0954 -0.0011 -0.9954
vn 0.5822 -0.0468 -0.8117
vn 0.5251 -0.2897 -0.8002
vn -0.0826 -0.2487 -0.9650
vn -0.4198 0.7073 0.5687
vn -0.3892 0.7609 0.5191
vn -0.4785 0.7049 0.5236
vn -0.9948 0.0368 0.0947
vn -0.8107 0.0368 -0.5843
vn -0.8105 -0.2102 -0.5467
vn -0.9757 -0.2102 0.0623
vn -0.5636 0.7095 0.4231
vn -0.6487 0.7606 -0.0267
vn -0.5162 0.8534 -0.0720
vn -0.4678 0.7902 0.3959
vn 0.0924 -0.0468 0.9946
vn -0.5852 -0.0011 0.8109
vn -0.5589 -0.2487 0.7911
vn 0.0488 -0.2897 0.9559
vn 0.9918 -0.0847 -0.0955
vn 0.8077 -0.0847 0.5835
vn 0.7767 -0.3283 0.5375
vn 0.9419 -0.3283 -0.0715
vn 0.9988 0.0436 -0.0208
vn 0.9941 0.0468 0.0981
vn 0.9923 -0.0721 0.1011
vn 0.9970 -0.0752 -0.0177
vn 0.8920 0.4474 0.0650
vn 0.5667 0.4257 0.7054
vn 0.6354 -0.2894 0.7159
vn 0.9605 -0.2678 0.0756
vn 0.9375 -0.0987 -0.3338
vn 0.9749 -0.0976 -0.2000
vn 0.9528 -0.2346 -0.1926
vn 0.9154 -0.2356 -0.3264
vn 0.9677 0.1065 -0.2286
vn 0.8881 0.1038 0.4479
vn 0.7153 -0.5548 0.4249
vn 0.7950 -0.5521 -0.2515
vn 0.8308 0.4106 0.3757
vn 0.7252 0.4025 0.5587
vn 0.7856 0.2015 0.5850
vn 0.8914 0.2094 0.4019
vn 0.6485 -0.6074 0.4588
vn 0.5602 -0.6574 0.5041
vn 0.5202 -0.7212 0.4575
vn 0.2046 0.4335 -0.8776
vn 0.7387 0.4952 -0.4572
vn 0.8487 -0.1772 -0.4984
vn 0.3146 -0.2389 -0.9187
vn -0.9519 0.3021 -0.0512
vn -0.9286 0.2980 -0.2210
vn -0.9662 0.1308 -0.2221
vn -0.9895 0.1349 -0.0523
vn -0.9657 0.2181 -0.1408
vn -0.6177 0.2241 -0.7538
vn -0.5246 -0.4731 -0.7078
vn -0.8726 -0.4792 -0.0948
vn -0.8672 0.4839 0.1173
vn -0.8622 0.4957 -0.1045
vn -0.9493 0.2918 -0.1173
vn -0.9543 0.2799 0.1044
vn 0.6966 0.7052 0.1325
vn 0.5896 0.7617 -0.2686
vn 0.7804 0.5173 -0.3513
vn 0.6745 0.3223 -0.6643
vn 0.6147 -0.1204 -0.7795
vn 0.6732 0.2258 -0.7041
vn -0.8321 0.3285 0.4468
vn -0.9079 0.3213 -0.2694
vn -0.8781 -0.3982 -0.2652
vn -0.8024 -0.3910 0.4509
vn -0.7172 0.2652 0.6445
vn -0.8110 0.2950 0.5053
vn -0.8559 0.1305 0.5004
vn -0.7620 0.1008 0.6397
vn -0.5002 0.8335 0.2347
vn -0.3757 0.8274 -0.4175
vn -0.8052 0.3268 -0.4948
vn -0.9297 0.3328 0.1575
vn -0.2731 0.1346 0.9525
vn -0.8022 0.3380 0.4922
vn -0.8895 -0.3568 0.2856
vn -0.3605 -0.5602 0.7458
vn -0.0692 0.3796 0.9226
vn -0.6837 0.4273 0.5916
vn -0.7468 -0.2692 0.6081
vn -0.1324 -0.3170 0.9391
vn -0.8524 0.4155 -0.3175
vn -0.4197 0.3561 -0.8349
vn -0.4868 -0.3174 -0.8138
vn -0.9196 -0.2580 -0.2963
vn -0.2943 0.3598 -0.8854
vn 0.4098 0.3455 -0.8442
vn 0.3956 -0.3597 -0.8450
vn -0.3085 -0.3455 -0.8863
vn 0.0295 0.5683 -0.8223
vn -0.0008 0.6962 -0.7178
vn -0.3294 0.7229 -0.6073
vn -0.3266 0.6406 -0.6949
vn 0.8480 -0.2983 0.4382
vn 0.8632 0.2424 0.4429
vn 0.9048 0.2100 0.3706
vn 0.8826 -0.2861 0.3732
vn -0.5769 0.3338 -0.7455
vn 0.1144 0.3487 -0.9302
vn 0.1323 -0.3667 -0.9209
vn -0.5590 -0.3816 -0.7362
vn -0.2514 -0.0744 -0.9650
vn 0.4588 -0.0827 -0.8847
vn 0.4145 -0.7177 -0.5596
vn -0.2956 -0.7093 -0.6399
vn 0.3539 0.4838 0.8004
vn -0.3539 0.4838 0.8005
vn -0.3539 -0.2155 0.9101
vn 0.3539 -0.2155 0.9101
vn -0.1919 0.9812 -0.0188
vn 0.5162 0.8524 0.0833
vn 0.5634 0.5796 -0.5888
vn -0.1445 0.7084 -0.6909
vn 0.4772 0.6099 0.6327
vn 0.5310 0.4915 0.6903
vn 0.0848 0.5501 0.8308
vn 0.0850 0.6355 0.7674
vn -0.7742 0.3098 0.5520
vn -0.7185 0.3210 0.6170
vn -0.7792 -0.0874 0.6207
vn -0.8118 -0.1016 0.5751
vn -0.3334 0.3545 -0.8736
vn 0.3647 0.3836 -0.8485
vn 0.3942 -0.3147 -0.8635
vn -0.3037 -0.3438 -0.8886
vn 0.3577 0.5755 0.7354
vn -0.3577 0.5756 0.7354
vn -0.3577 -0.1138 0.9269
vn 0.3577 -0.1138 0.9269
vn 0.3620 0.3415 0.8674
vn -0.3621 0.3415 0.8674
vn -0.3621 -0.3824 0.8501
vn 0.3621 -0.3824 0.8501
vn 0.3647 0.2398 0.8997
vn -0.3647 0.2398 0.8997
vn -0.3646 -0.4821 0.7966
vn 0.3647 -0.4821 0.7966
vn 0.8727 0.0665 -0.4837
vn 0.5821 0.2148 -0.7842
vn 0.0537 -0.3635 -0.9300
vn 0.6244 -0.5002 -0.5999
vn -0.1239 -0.9623 -0.2421
vn -0.5336 -0.7343 -0.4196
vn -0.5544 -0.8110 0.1867
vn 0.0255 -0.9725 0.2313
vn 0.8010 -0.4079 0.4381
vn 0.1725 -0.4427 0.8799
vn 0.5085 0.1112 0.8538
vn 0.8851 -0.1353 0.4452
vn -0.6989 0.3506 0.6234
vn -0.1140 0.2861 0.9514
vn -0.2648 -0.4045 0.8754
vn -0.7083 -0.1844 0.6814
vn -0.7646 -0.6193 0.1784
vn -0.2961 -0.9116 0.2851
vn -0.1225 -0.9150 -0.3844
vn -0.6268 -0.6360 -0.4501
vn -0.3604 -0.0578 -0.9310
vn 0.2105 -0.4072 -0.8887
vn 0.4038 0.2642 -0.8759
vn -0.4200 0.5108 -0.7501
vn 0.4620 -0.2979 -0.8353
vn 0.8258 -0.3343 -0.4541
vn 0.7590 0.3196 -0.5673
vn 0.4625 0.2591 -0.8479
vn 0.1013 0.6641 -0.7408
vn 0.2804 0.8231 -0.4939
vn -0.4016 0.8513 -0.3377
vn -0.3296 0.5505 -0.7670
vn -0.6401 0.0816 0.7640
vn -0.5895 0.2275 0.7751
vn -0.6566 -0.2450 0.7134
vn -0.7299 -0.1939 0.6555
vn -0.5495 0.0880 0.8309
vn -0.4868 0.0568 0.8717
vn -0.4919 -0.4012 0.7727
vn -0.6472 -0.3923 0.6537
vn -0.2873 0.1882 -0.9392
vn -0.9506 0.3093 0.0279
vn -0.8510 -0.2960 0.4338
vn -0.4045 -0.2120 -0.8896
vn -0.7791 -0.3363 0.5290
vn -0.9784 -0.2005 0.0509
vn -0.6629 -0.7474 0.0436
vn -0.2970 0.7793 -0.5518
vn -0.1658 0.5710 0.8040
vn -0.1280 -0.9425 0.3089
vn -0.0583 -0.9331 0.3550
vn -0.4725 -0.4858 0.7354
vn 0.3880 -0.8816 -0.2686
vn 0.1992 -0.8816 0.4278
vn -0.4958 -0.8348 0.2394
vn -0.3069 -0.8348 -0.4571
vn 0.6171 0.1845 -0.7649
vn 0.6839 -0.1616 -0.7114
vn 0.7287 -0.2409 -0.6410
vn 0.6756 0.2735 -0.6847
vn 0.8837 -0.1950 0.4255
vn 0.8192 -0.3399 0.4619
vn 0.8856 0.1781 0.4289
vn 0.9248 0.1345 0.3560
vn 0.7421 -0.6356 0.2131
vn 0.7245 -0.5843 0.3657
vn 0.7793 -0.4777 0.4055
vn 0.8393 -0.5424 -0.0380
vn -0.8413 0.4196 -0.3408
vn -0.9240 -0.1280 -0.3604
vn -0.8525 -0.1493 -0.5009
vn -0.7172 0.4658 -0.5184
vn 0.5020 0.7033 -0.5033
vn 0.0011 0.7712 -0.6366
vn -0.0615 0.6475 -0.7596
vn 0.4576 0.4819 -0.7473
vn 0.4715 0.5175 0.7141
vn -0.0613 0.5661 0.8220
vn -0.0651 0.6435 0.7627
vn 0.4322 0.6996 0.5690
vn 0.2569 -0.3677 -0.8937
vn 0.4877 -0.3695 -0.7910
vn 0.4153 0.1221 -0.9014
vn 0.2966 0.1373 -0.9451
vn 0.2566 -0.6892 -0.6776
vn -0.3533 -0.5441 -0.7610
vn -0.3748 -0.7797 -0.5016
vn 0.1988 -0.8404 -0.5043
vn 0.6689 -0.6871 -0.2837
vn 0.6313 -0.7500 0.1974
vn 0.7236 -0.6621 0.1950
vn 0.7949 -0.5357 -0.2850
vn 0.2589 -0.7909 0.5544
vn -0.3377 -0.7574 0.5589
vn -0.4447 -0.5135 0.7339
vn 0.2259 -0.5415 0.8098
vn 0.9704 -0.0097 -0.2414
vn 0.8778 -0.3886 -0.2800
vn 0.8718 -0.4321 -0.2307
vn 0.9760 0.0847 -0.2004
vn 0.4093 0.4170 -0.8115
vn 0.2344 0.5903 -0.7724
vn 0.1388 0.5122 -0.8476
vn -0.0108 0.5320 -0.8467
vn 0.5032 -0.8486 0.1633
vn 0.5693 -0.7029 0.4264
vn 0.6338 -0.7733 -0.0162
vn 0.5934 -0.7903 0.1525
vn -0.4177 0.9058 0.0705
vn -0.6398 0.7585 0.1236
vn -0.5648 0.7554 -0.3321
vn -0.2709 0.8948 -0.3548
vn 0.3896 0.6973 -0.6016
vn 0.3014 0.8551 -0.4219
vn -0.1864 0.9057 -0.3808
vn -0.1304 0.7622 -0.6341
vn 0.4133 0.8116 0.4130
vn 0.3762 0.5910 0.7136
vn -0.0465 0.7197 0.6927
vn -0.0677 0.8597 0.5063
vn 0.1350 -0.8706 0.4731
vn -0.3080 -0.8241 0.4753
vn -0.3499 -0.6532 0.6715
vn 0.0958 -0.7246 0.6825
vn 0.2496 -0.4790 0.8416
vn 0.3003 -0.7177 0.6282
vn -0.2737 -0.7068 0.6523
vn -0.3529 -0.4774 0.8047
vn -0.7507 0.3172 0.5794
vn -0.6015 0.3322 0.7265
vn -0.6897 -0.1085 0.7159
vn -0.8136 -0.1392 0.5645
vn 0.3373 0.4363 -0.8342
vn 0.2748 0.7320 -0.6235
vn -0.2228 0.7906 -0.5704
vn -0.1435 0.6308 -0.7626
vn 0.7712 -0.4860 0.4111
vn 0.7650 -0.6372 -0.0937
vn 0.6402 -0.7254 0.2529
vn 0.7005 -0.5754 0.4221
vn -0.2787 0.9533 -0.1160
vn 0.4237 0.8716 -0.2465
vn 0.2549 0.8887 0.3812
vn -0.2211 0.9636 0.1506
vn 0.3541 0.8204 0.4489
vn 0.3380 0.6192 0.7088
vn -0.2083 0.7881 0.5792
vn -0.1541 0.8974 0.4134
vn -0.5876 0.7705 0.2472
vn -0.6217 0.7680 -0.1540
vn -0.4566 0.8764 -0.1528
vn -0.4111 0.8802 0.2370
vn -0.6435 0.7307 -0.2282
vn -0.4283 0.8765 -0.2200
vn -0.4541 0.8561 0.2469
vn -0.6512 0.7073 0.2750
vn -0.0888 -0.3038 -0.9486
vn 0.1493 -0.2638 -0.9529
vn 0.1652 0.1866 -0.9684
vn 0.0396 0.2571 -0.9656
vn 0.6959 0.7179 -0.0201
vn 0.5003 0.7529 -0.4276
vn 0.6790 0.5393 -0.4981
vn 0.8619 0.5049 -0.0469
vn -0.8671 -0.2771 -0.4140
vn -0.9598 -0.2776 0.0420
vn -0.8192 -0.5299 -0.2193
vn -0.8107 -0.4645 -0.3563
vn -0.6592 0.7516 0.0237
vn -0.5894 0.7300 -0.3460
vn -0.5491 0.7812 -0.2971
vn -0.4769 0.8473 -0.2338
vn -0.3226 -0.8047 -0.4984
vn 0.1159 -0.9174 -0.3808
vn 0.0848 -0.6765 -0.7316
vn -0.4171 -0.5868 -0.6940
vn -0.8623 -0.4712 0.1853
vn -0.7046 -0.6848 0.1858
vn -0.6686 -0.7016 -0.2466
vn -0.8835 -0.4063 -0.2332
vn 0.5332 -0.6773 -0.5070
vn 0.6317 -0.7699 -0.0902
vn 0.6808 -0.6441 -0.3487
vn 0.5962 -0.6558 -0.4631
vn -0.8834 0.1027 -0.4572
vn -0.8304 -0.4210 -0.3650
vn -0.6168 -0.3384 -0.7106
vn -0.6898 0.1903 -0.6986
vn 0.6682 -0.1234 0.7337
vn 0.5732 0.3754 0.7284
vn 0.8390 0.3557 0.4117
vn 0.8439 -0.2057 0.4955
vn -0.9098 -0.4029 -0.0999
vn -0.8533 -0.3209 0.4110
vn -0.7127 -0.6310 0.3064
vn -0.7562 -0.6351 -0.1572
vn 0.3242 0.8556 0.4035
vn 0.4103 0.6051 0.6823
vn -0.1630 0.6896 0.7056
vn -0.1548 0.8562 0.4928
vn -0.8546 -0.4126 -0.3152
vn -0.8881 -0.4168 0.1939
vn -0.7330 -0.6657 0.1397
vn -0.5829 -0.7725 -0.2521
vn -0.7156 0.4169 0.5604
vn -0.3977 0.4155 0.8180
vn -0.5363 -0.1239 0.8349
vn -0.7992 -0.1188 0.5892
vn 0.5474 -0.2072 -0.8108
vn 0.7870 -0.2556 -0.5615
vn 0.8021 0.2537 -0.5406
vn 0.5278 0.2961 -0.7961
vn 0.2137 -0.7570 -0.6175
vn 0.2651 -0.7366 -0.6221
vn -0.0589 -0.8569 -0.5121
vn 0.2772 -0.8243 -0.4936
vn 0.6314 -0.7464 -0.2103
vn 0.6974 -0.7147 -0.0530
vn 0.5819 -0.6932 -0.4253
vn 0.5264 -0.8037 -0.2774
vn 0.9541 0.2990 0.0145
vn 0.8972 0.3546 0.2633
vn 0.8410 0.4476 0.3039
vn 0.9481 0.2326 0.2168
vn -0.8869 0.1851 -0.4232
vn -0.8925 -0.3075 -0.3299
vn -0.6903 -0.3092 -0.6541
vn -0.7029 0.2307 -0.6729
vn -0.0883 0.3707 -0.9246
vn 0.5832 0.3245 -0.7447
vn 0.5385 -0.3706 -0.7567
vn -0.1328 -0.3244 -0.9366
vn 0.0759 -0.5950 -0.8001
vn -0.4235 -0.4634 -0.7784
vn -0.4144 -0.7579 -0.5039
vn -0.0968 -0.7504 -0.6538
vn -0.6985 -0.5155 0.4963
vn -0.6036 -0.6125 0.5104
vn -0.7148 -0.6943 0.0844
vn -0.8211 -0.4217 0.3846
vn 0.7638 0.6440 0.0440
vn 0.5089 0.7360 -0.4465
vn 0.8449 0.3336 -0.4181
vn 0.9598 0.2501 0.1273
vn -0.4336 0.8029 0.4090
vn -0.5070 0.8123 0.2884
vn -0.2869 0.9578 0.0169
vn -0.2181 0.8641 0.4536
vn 0.2931 -0.7698 0.5670
vn 0.1725 -0.9461 0.2742
vn -0.2538 -0.9089 0.3309
vn -0.2075 -0.6727 0.7102
vn 0.5769 -0.5448 -0.6087
vn 0.5255 -0.4274 -0.7357
vn 0.0700 -0.6940 -0.7166
vn 0.4758 -0.7001 -0.5324
vn 0.9288 0.2318 0.2892
vn 0.6850 0.5659 0.4588
vn 0.7634 0.6365 -0.1097
vn 0.9159 0.3989 -0.0460
vn 0.7781 0.5883 0.2199
vn 0.9388 0.3434 -0.0277
vn 0.8603 0.3015 0.4111
vn 0.7897 0.4964 0.3605
vn 0.3381 -0.9364 -0.0941
vn 0.4303 -0.7290 -0.5324
vn 0.1504 -0.7066 -0.6915
vn 0.0138 -0.8336 -0.5523
vn 0.2393 0.9656 -0.1016
vn 0.2085 0.9779 0.0171
vn 0.0169 0.9997 0.0171
vn -0.2295 0.9730 -0.0248
vn 0.3479 -0.5177 0.7816
vn -0.2494 -0.5577 0.7917
vn -0.3109 -0.3114 0.8980
vn 0.2965 -0.3732 0.8791
vn 0.7548 -0.2158 0.6194
vn 0.6597 -0.3824 0.6470
vn 0.6074 -0.4179 0.6756
vn 0.7186 0.1496 0.6791
vn 0.5935 0.8005 -0.0831
vn 0.4638 0.7436 -0.4816
vn 0.6427 0.6249 -0.4433
vn 0.7566 0.5497 -0.3540
vn 0.2827 -0.4577 -0.8430
vn -0.2294 -0.3765 -0.8975
vn -0.0706 -0.5535 -0.8299
vn 0.0830 -0.6457 -0.7591
vn 0.0948 -0.9768 0.1920
vn -0.3752 -0.8641 0.3354
vn -0.3820 -0.5091 0.7713
vn 0.0960 -0.6215 0.7775
vn 0.7458 0.6629 0.0663
vn 0.9011 0.1906 0.3894
vn 0.6962 0.6065 0.3840
vn 0.5860 0.8053 0.0895
vn -0.7813 -0.2170 0.5852
vn -0.8933 0.2407 0.3796
vn -0.8734 -0.0693 0.4820
vn -0.7890 -0.1368 0.5990
vn 0.4435 -0.8741 0.1983
vn 0.7599 -0.6083 0.2291
vn 0.7051 -0.5948 -0.3861
vn 0.2904 -0.8856 -0.3624
vn -0.9489 -0.2972 0.1058
vn -0.9084 -0.2645 -0.3237
vn -0.9283 -0.1707 -0.3304
vn -0.9706 -0.1371 0.1979
vn -0.7842 -0.1713 -0.5964
vn -0.6758 -0.1124 -0.7284
vn -0.4442 -0.3580 -0.8213
vn -0.6174 -0.2858 -0.7329
vn -0.7183 0.4200 -0.5546
vn -0.7817 0.2357 -0.5774
vn -0.8387 0.2612 -0.4780
vn -0.7987 0.5822 -0.1519
vn 0.3402 -0.0025 0.9404
vn -0.3634 0.1657 0.9168
vn -0.3883 0.3390 0.8569
vn 0.3448 0.1861 0.9201
vn -0.9107 0.2807 0.3030
vn -0.8857 0.2827 -0.3683
vn -0.8156 0.4343 -0.3823
vn -0.8918 0.4084 0.1946
vn -0.3071 0.1765 -0.9352
vn 0.3957 0.0028 -0.9184
vn 0.4590 0.1676 -0.8725
vn -0.2408 0.3960 -0.8861
vn 0.8990 -0.2253 -0.3756
vn 0.9297 -0.2280 0.2891
vn 0.9284 -0.1378 0.3451
vn 0.9290 -0.1301 -0.3466
vn 0.3565 -0.0714 0.9316
vn -0.3223 0.0593 0.9448
vn -0.3297 0.1660 0.9294
vn 0.3568 0.0087 0.9341
vn -0.9398 0.2050 0.2733
vn -0.9109 0.2042 -0.3587
vn -0.8869 0.2908 -0.3591
vn -0.8996 0.2950 0.3221
vn -0.2715 0.0131 -0.9623
vn 0.3815 -0.1169 -0.9169
vn 0.3848 0.0022 -0.9230
vn -0.3070 0.1531 -0.9393
vn 0.9812 -0.1638 -0.1017
vn 0.7971 -0.1597 0.5824
vn 0.8014 -0.1480 0.5795
vn 0.9852 -0.1403 -0.0981
vn 0.0990 -0.0354 0.9945
vn -0.5640 0.0934 0.8205
vn -0.5786 0.0509 0.8140
vn 0.0912 -0.0602 0.9940
vn -0.9733 0.2032 0.1065
vn -0.7893 0.2128 -0.5759
vn -0.7998 0.1599 -0.5785
vn -0.9836 0.1505 0.0990
vn -0.0801 0.1154 -0.9901
vn 0.5776 -0.0273 -0.8159
vn 0.5808 -0.0373 -0.8132
vn -0.0884 0.0756 -0.9932
vn 0.9233 -0.3784 -0.0653
vn 0.7504 -0.2965 0.5907
vn 0.7922 -0.1440 0.5930
vn 0.9801 -0.1700 -0.1022
vn 0.1347 -0.1170 0.9840
vn -0.4251 -0.0965 0.9000
vn -0.5304 0.0962 0.8422
vn 0.1187 -0.0036 0.9929
vn -0.9979 -0.0566 0.0318
vn -0.8842 -0.0817 -0.4598
vn -0.7977 0.1945 -0.5709
vn -0.9764 0.1847 0.1124
vn -0.0203 -0.1630 -0.9864
vn 0.4854 -0.2151 -0.8474
vn 0.5628 -0.0164 -0.8264
vn -0.0670 0.1174 -0.9908
vn 0.7519 -0.3474 -0.5604
vn 0.9374 -0.3482 0.0088
vn 0.9994 -0.0331 -0.0056
vn 0.8010 -0.0206 -0.5983
vn 0.5722 -0.2323 0.7865
vn -0.0381 -0.0945 0.9948
vn -0.0034 0.2003 0.9797
vn 0.6078 0.0729 0.7907
vn -0.8622 0.1263 0.4906
vn -0.9807 0.1580 -0.1147
vn -0.8922 0.4484 -0.0531
vn -0.7541 0.3889 0.5293
vn -0.5191 -0.0696 -0.8519
vn 0.1088 -0.2342 -0.9661
vn 0.0696 0.1383 -0.9879
vn -0.4936 0.2923 -0.8191
vn 0.9206 -0.2400 -0.3080
vn 0.9101 -0.2338 0.3422
vn 0.9776 -0.0309 0.2083
vn 0.9274 -0.0274 -0.3731
vn 0.3252 -0.1634 0.9314
vn -0.3679 -0.0359 0.9292
vn -0.2559 0.2145 0.9426
vn 0.4272 0.0814 0.9005
vn -0.9521 0.0448 0.3025
vn -0.9416 0.0277 -0.3357
vn -0.9009 0.3131 -0.3006
vn -0.8965 0.2982 0.3276
vn -0.3643 -0.0423 -0.9303
vn 0.3074 -0.1377 -0.9416
vn 0.4018 0.1326 -0.9061
vn -0.2612 0.2639 -0.9285
vn 0.8915 -0.2984 -0.3409
vn 0.8796 -0.3797 0.2866
vn 0.9658 -0.1269 0.2263
vn 0.9216 -0.0754 -0.3807
vn 0.2114 -0.2934 0.9323
vn -0.3926 -0.1484 0.9076
vn -0.3474 0.1934 0.9175
vn 0.3006 0.0198 0.9535
vn -0.9547 0.0453 0.2940
vn -0.9681 0.0186 -0.2500
vn -0.8728 0.3447 -0.3455
vn -0.8946 0.3618 0.2624
vn -0.0417 -0.1456 -0.9885
vn 0.4896 -0.1450 -0.8598
vn 0.4611 0.0837 -0.8834
vn -0.1439 0.2072 -0.9677
vn 0.9391 -0.2649 -0.2189
vn 0.9032 -0.2082 0.3753
vn 0.9760 0.0779 0.2036
vn 0.9482 -0.0445 -0.3145
vn 0.2868 -0.1468 0.9467
vn -0.4309 0.0079 0.9024
vn -0.2651 0.3048 0.9148
vn 0.3050 0.2051 0.9300
vn -0.9624 0.1576 0.2213
vn -0.9147 0.1221 -0.3853
vn -0.8637 0.4264 -0.2685
vn -0.8559 0.4156 0.3079
vn -0.3441 -0.1254 -0.9305
vn 0.3621 -0.2624 -0.8944
vn 0.3283 0.0223 -0.9443
vn -0.2788 0.2094 -0.9373
vn -0.3668 -0.9277 -0.0691
vn 0.3215 -0.9399 -0.1149
vn 0.2717 -0.9358 -0.2248
vn -0.3739 -0.9089 -0.1849
vn 0.9252 -0.3600 -0.1202
vn 0.9390 0.3352 -0.0768
vn 0.9329 0.2834 -0.2221
vn 0.9128 -0.3313 -0.2390
vn 0.3659 0.9306 0.0066
vn -0.3236 0.9445 0.0557
vn -0.2573 0.9629 -0.0809
vn 0.3489 0.9280 -0.1306
vn -0.9243 0.3775 0.0563
vn -0.9474 -0.3200 0.0037
vn -0.9646 -0.2358 -0.1183
vn -0.9086 0.4127 -0.0641
vn -0.3591 -0.9285 -0.0946
vn 0.3402 -0.9289 -0.1461
vn 0.3373 -0.9332 -0.1237
vn -0.3608 -0.9297 -0.0741
vn 0.9269 -0.3464 -0.1441
vn 0.9313 0.3531 -0.0897
vn 0.9342 0.3492 -0.0731
vn 0.9276 -0.3522 -0.1246
vn 0.3521 0.9360 -0.0011
vn -0.3474 0.9364 0.0505
vn -0.3425 0.9374 0.0631
vn 0.3572 0.9339 0.0131
vn -0.9339 0.3542 0.0480
vn -0.9385 -0.3451 -0.0068
vn -0.9399 -0.3415 0.0075
vn -0.9312 0.3592 0.0613
vn -0.3589 -0.9281 -0.0986
vn 0.3405 -0.9281 -0.1504
vn 0.9267 -0.3455 -0.1478
vn 0.9308 0.3536 -0.0929
vn 0.3513 0.9362 -0.0038
vn -0.3481 0.9362 0.0480
vn -0.9343 0.3536 0.0454
vn -0.9384 -0.3455 -0.0096
vn 0.9308 0.3536 -0.0928
vn -0.3480 0.9362 0.0480
vn -0.3590 -0.9281 -0.0986
vn -0.3589 -0.9282 -0.0986
vn -0.3594 -0.9279 -0.0992
vn 0.3411 -0.9279 -0.1504
vn -0.3590 -0.9281 -0.0987
vn 0.9271 -0.3435 -0.1498
vn 0.9301 0.3542 -0.0971
vn 0.9307 0.3537 -0.0934
vn 0.9267 -0.3453 -0.1481
vn 0.3528 0.9357 -0.0067
vn -0.3469 0.9367 0.0478
vn -0.3479 0.9363 0.0480
vn 0.3515 0.9362 -0.0042
vn -0.9344 0.3533 0.0449
vn -0.9384 -0.3455 -0.0112
vn -0.9384 -0.3455 -0.0098
vn -0.3602 -0.9163 -0.1751
vn 0.3462 -0.9258 -0.1516
vn 0.3430 -0.9272 -0.1506
vn -0.3610 -0.9260 -0.1102
vn 0.9368 -0.3448 -0.0598
vn 0.9381 0.3453 0.0269
vn 0.9310 0.3546 -0.0865
vn 0.9300 -0.3395 -0.1407
vn 0.3659 0.9263 0.0894
vn -0.3395 0.9377 0.0739
vn -0.3435 0.9378 0.0510
vn 0.3584 0.9336 0.0019
vn -0.9329 0.3593 -0.0235
vn -0.9356 -0.3327 -0.1182
vn -0.9385 -0.3442 -0.0276
vn -0.9350 0.3529 0.0351
vn -0.3163 -0.8717 -0.3743
vn 0.3513 -0.9237 -0.1528
vn 0.3493 -0.9245 -0.1527
vn -0.3414 -0.8921 -0.2959
vn 0.8927 -0.4015 0.2048
vn 0.8742 0.2679 0.4050
vn 0.9160 0.3063 0.2591
vn 0.9218 -0.3740 0.1021
vn 0.3149 0.8704 0.3786
vn -0.3499 0.9250 0.1481
vn -0.3427 0.9319 0.1189
vn 0.3474 0.8990 0.2667
vn -0.8934 0.4009 -0.2026
vn -0.8781 -0.2711 -0.3941
vn -0.9102 -0.3005 -0.2850
vn -0.9153 0.3804 -0.1325
vn -0.3060 -0.8682 -0.3908
vn 0.3524 -0.9233 -0.1524
vn 0.3521 -0.9234 -0.1526
vn -0.3076 -0.8682 -0.3894
vn 0.8863 -0.4095 0.2164
vn 0.8686 0.2622 0.4204
vn 0.8674 0.2615 0.4235
vn 0.8862 -0.4088 0.2182
vn 0.3058 0.8680 0.3913
vn -0.3524 0.9234 0.1525
vn -0.3522 0.9234 0.1526
vn 0.3062 0.8669 0.3933
vn -0.8864 0.4093 -0.2160
vn -0.8690 -0.2624 -0.4195
vn -0.8700 -0.2636 -0.4168
vn -0.8873 0.4079 -0.2153
vn -0.3057 -0.8681 -0.3910
vn 0.3524 -0.9233 -0.1525
vn -0.3058 -0.8681 -0.3910
vn 0.8863 -0.4095 0.2162
vn 0.8688 0.2623 0.4200
vn 0.3057 0.8681 0.3910
vn -0.3524 0.9233 0.1525
vn -0.8863 0.4095 -0.2162
vn -0.8688 -0.2623 -0.4200
vn 0.3058 0.8681 0.3910
vn -0.3524 0.9233 0.1524
vn 0.3525 -0.9233 -0.1524
vn -0.3051 -0.8677 -0.3923
vn 0.3523 -0.9232 -0.1535
vn 0.3524 -0.9233 -0.1526
vn -0.3057 -0.8681 -0.3912
vn 0.8863 -0.4096 0.2161
vn 0.8688 0.2629 0.4195
vn 0.8688 0.2624 0.4199
vn 0.3062 0.8686 0.3897
vn -0.3517 0.9237 0.1518
vn -0.3523 0.9234 0.1524
vn 0.3058 0.8682 0.3908
vn -0.8863 0.4096 -0.2161
vn -0.8684 -0.2626 -0.4206
vn -0.8688 -0.2623 -0.4201
vn -0.3364 -0.8902 -0.3071
vn 0.3269 -0.9409 -0.0891
vn 0.3478 -0.9263 -0.1451
vn -0.3094 -0.8713 -0.3810
vn 0.8887 -0.4086 0.2079
vn 0.8952 0.2822 0.3449
vn 0.8730 0.2675 0.4077
vn 0.8867 -0.4095 0.2148
vn 0.3470 0.8962 0.2763
vn -0.3165 0.9468 0.0587
vn -0.3450 0.9286 0.1371
vn 0.3133 0.8742 0.3709
vn -0.8785 0.4143 -0.2378
vn -0.8848 -0.2764 -0.3751
vn -0.8704 -0.2657 -0.4144
vn -0.8850 0.4106 -0.2194
vn -0.3845 -0.9098 -0.1563
vn 0.2906 -0.9565 0.0259
vn 0.3015 -0.9534 -0.0122
vn -0.3697 -0.9061 -0.2058
vn 0.8912 -0.4101 0.1939
vn 0.9321 0.2917 0.2145
vn 0.9208 0.2925 0.2582
vn 0.8909 -0.4086 0.1985
vn 0.4050 0.9108 0.0799
vn -0.2671 0.9581 -0.1038
vn -0.2815 0.9583 -0.0490
vn 0.3871 0.9104 0.1460
vn -0.8674 0.4146 -0.2753
vn -0.9113 -0.2879 -0.2945
vn -0.9029 -0.2856 -0.3212
vn -0.8705 0.4162 -0.2628
vn -0.3867 -0.9101 -0.1489
vn 0.2894 -0.9567 0.0321
vn 0.2893 -0.9567 0.0323
vn -0.3869 -0.9101 -0.1484
vn 0.8905 -0.4120 0.1931
vn 0.9353 0.2881 0.2053
vn 0.9348 0.2891 0.2061
vn 0.8907 -0.4115 0.1931
vn 0.4093 0.9101 0.0646
vn -0.2668 0.9567 -0.1166
vn -0.2663 0.9570 -0.1151
vn 0.4087 0.9102 0.0665
vn -0.8677 0.4122 -0.2779
vn -0.9127 -0.2880 -0.2899
vn -0.8674 0.4128 -0.2777
vn -0.3867 -0.9101 -0.1490
vn 0.2895 -0.9566 0.0321
vn -0.3866 -0.9101 -0.1490
vn 0.8905 -0.4121 0.1931
vn 0.9354 0.2879 0.2051
vn 0.9354 0.2880 0.2051
vn 0.4094 0.9101 0.0642
vn -0.2668 0.9566 -0.1169
vn -0.8677 0.4121 -0.2779
vn -0.9127 -0.2879 -0.2899
vn -0.3867 -0.9101 -0.1491
vn 0.2896 -0.9566 0.0321
vn 0.8904 -0.4121 0.1931
vn -0.3866 -0.9101 -0.1491
vn 0.2895 -0.9567 0.0321
vn -0.2667 0.9567 -0.1169
vn 0.4093 0.9101 0.0642
vn -0.2669 0.9566 -0.1169
vn -0.3868 -0.9101 -0.1490
vn -0.2668 0.9566 -0.1170
vn -0.9127 -0.2880 -0.2900
vn -0.2764 -0.8748 -0.3980
vn 0.3233 -0.9161 -0.2373
vn 0.2975 -0.9547 0.0022
vn -0.3783 -0.9082 -0.1788
vn 0.9260 -0.3699 -0.0759
vn 0.9658 0.2508 -0.0651
vn 0.9416 0.2879 0.1747
vn 0.8966 -0.4118 0.1627
vn 0.4383 0.8748 -0.2064
vn -0.1615 0.9160 -0.3671
vn -0.2589 0.9547 -0.1468
vn 0.4171 0.9082 0.0342
vn -0.7641 0.3699 -0.5285
vn -0.8039 -0.2508 -0.5393
vn -0.9029 -0.2879 -0.3193
vn -0.8579 0.4118 -0.3073
vn 0.3239 -0.9461 -0.0070
vn -0.3614 -0.9324 -0.0014
vn -0.3558 -0.9262 0.1247
vn 0.2624 -0.9587 0.1101
vn -0.9430 -0.3301 0.0427
vn -0.9275 0.3670 0.0709
vn -0.9010 0.3747 0.2186
vn -0.9446 -0.2566 0.2049
vn -0.3177 0.9449 0.0792
vn 0.3753 0.9255 0.0513
vn 0.4057 0.9015 0.1508
vn -0.2158 0.9536 0.2098
vn 0.9361 0.3507 0.0269
vn 0.9346 -0.3554 0.0137
vn 0.9374 -0.3233 0.1291
vn 0.9266 0.3527 0.1302
vn 0.3498 -0.9364 0.0288
vn -0.3510 -0.9359 0.0290
vn -0.3545 -0.9350 0.0063
vn 0.3443 -0.9389 0.0048
vn -0.9349 -0.3516 0.0483
vn -0.9344 0.3491 0.0702
vn -0.9333 0.3541 0.0596
vn -0.9370 -0.3477 0.0342
vn -0.3497 0.9328 0.0874
vn 0.3513 0.9323 0.0857
vn 0.3573 0.9318 0.0633
vn -0.3441 0.9360 0.0742
vn 0.9348 0.3487 0.0675
vn 0.9347 -0.3524 0.0467
vn 0.9348 -0.3543 0.0240
vn 0.9359 0.3498 0.0422
vn 0.3504 -0.9360 0.0333
vn -0.3504 -0.9360 0.0333
vn -0.9345 -0.3522 0.0510
vn -0.9345 0.3484 0.0722
vn -0.3505 0.9322 0.0899
vn 0.3504 0.9323 0.0899
vn 0.3505 0.9323 0.0899
vn 0.9345 0.3484 0.0722
vn 0.9345 -0.3522 0.0510
vn 0.3505 -0.9360 0.0333
vn -0.3505 -0.9360 0.0333
vn -0.9346 0.3484 0.0722
vn -0.3504 0.9323 0.0899
vn -0.3505 0.9323 0.0899
vn 0.9346 0.3484 0.0722
vn 0.3504 -0.9360 0.0335
vn -0.3505 -0.9360 0.0335
vn -0.9347 -0.3518 0.0508
vn -0.9342 0.3493 0.0728
vn -0.9345 0.3485 0.0723
vn -0.9346 -0.3521 0.0510
vn -0.3499 0.9323 0.0919
vn 0.3499 0.9323 0.0919
vn 0.3504 0.9322 0.0902
vn -0.3504 0.9322 0.0902
vn 0.9342 0.3493 0.0728
vn 0.9347 -0.3518 0.0508
vn 0.9346 -0.3521 0.0510
vn 0.9345 0.3485 0.0723
vn 0.3497 -0.9327 0.0881
vn -0.3497 -0.9327 0.0881
vn -0.3502 -0.9358 0.0410
vn 0.3502 -0.9358 0.0410
vn -0.9353 -0.3485 0.0618
vn -0.9340 0.3557 0.0330
vn -0.9334 0.3522 0.0684
vn -0.9350 -0.3508 0.0521
vn -0.3484 0.9373 0.0111
vn 0.3485 0.9373 0.0111
vn 0.3486 0.9335 0.0839
vn -0.3486 0.9335 0.0839
vn 0.9340 0.3557 0.0330
vn 0.9353 -0.3485 0.0618
vn 0.9350 -0.3508 0.0521
vn 0.9334 0.3522 0.0684
vn 0.3500 -0.9047 0.2429
vn -0.3500 -0.9047 0.2429
vn -0.3495 -0.9196 0.1792
vn 0.3495 -0.9196 0.1792
vn -0.9359 -0.3396 0.0940
vn -0.9359 0.3409 -0.0886
vn -0.9357 0.3508 -0.0388
vn -0.9355 -0.3440 0.0809
vn -0.3500 0.9047 -0.2428
vn 0.3500 0.9047 -0.2428
vn 0.3497 0.9265 -0.1393
vn -0.3497 0.9265 -0.1393
vn 0.9359 0.3409 -0.0886
vn 0.9359 -0.3396 0.0940
vn 0.9355 -0.3440 0.0809
vn 0.9357 0.3508 -0.0388
vn 0.3511 -0.9004 0.2571
vn -0.3511 -0.9004 0.2571
vn -0.3508 -0.9008 0.2559
vn 0.3508 -0.9008 0.2559
vn -0.9363 -0.3376 0.0964
vn -0.9363 0.3377 -0.0965
vn -0.9362 0.3379 -0.0968
vn -0.9362 -0.3380 0.0963
vn -0.3511 0.9003 -0.2574
vn 0.3511 0.9003 -0.2574
vn 0.3507 0.9000 -0.2587
vn -0.3508 0.9000 -0.2587
vn 0.9363 0.3376 -0.0965
vn 0.9363 -0.3377 0.0964
vn 0.9362 -0.3380 0.0963
vn 0.9362 0.3379 -0.0968
vn 0.3511 -0.9003 0.2572
vn -0.3511 -0.9003 0.2572
vn 0.3511 -0.9003 0.2573
vn -0.9363 -0.3376 0.0965
vn -0.9363 0.3376 -0.0965
vn -0.3511 0.9003 -0.2572
vn 0.3511 0.9003 -0.2572
vn 0.3512 0.9003 -0.2572
vn 0.9363 -0.3376 0.0965
vn -0.3512 -0.9003 0.2572
vn 0.3512 -0.9003 0.2572
vn 0.3505 -0.8998 0.2599
vn -0.3504 -0.8998 0.2599
vn -0.3510 -0.9002 0.2576
vn 0.3511 -0.9002 0.2576
vn -0.9361 -0.3381 0.0970
vn -0.9361 0.3383 -0.0962
vn -0.9363 0.3377 -0.0964
vn -0.9363 -0.3377 0.0965
vn -0.3505 0.9012 -0.2548
vn 0.3505 0.9012 -0.2548
vn 0.3511 0.9004 -0.2569
vn -0.3511 0.9004 -0.2569
vn 0.9361 0.3383 -0.0962
vn 0.9361 -0.3381 0.0970
vn 0.9363 -0.3377 0.0965
vn 0.9363 0.3377 -0.0964
vn 0.3487 -0.9295 0.1203
vn -0.3487 -0.9295 0.1203
vn -0.3490 -0.9056 0.2411
vn 0.3490 -0.9056 0.2411
vn -0.9353 -0.3494 0.0550
vn -0.9353 0.3531 -0.0246
vn -0.9356 0.3427 -0.0847
vn -0.9355 -0.3413 0.0912
vn -0.3486 0.9329 -0.0903
vn 0.3486 0.9329 -0.0902
vn 0.3492 0.9093 -0.2261
vn -0.3492 0.9093 -0.2261
vn 0.9353 0.3531 -0.0246
vn 0.9354 -0.3494 0.0550
vn 0.9355 -0.3413 0.0912
vn 0.9356 0.3427 -0.0847
vn 0.3492 -0.9329 -0.0878
vn -0.3492 -0.9329 -0.0878
vn -0.3483 -0.9370 -0.0255
vn 0.3482 -0.9371 -0.0255
vn -0.9356 -0.3530 -0.0091
vn -0.9340 0.3479 0.0809
vn -0.9339 0.3543 0.0486
vn -0.9354 -0.3534 0.0105
vn -0.3478 0.9252 0.1515
vn 0.3479 0.9252 0.1515
vn 0.3469 0.9348 0.0761
vn -0.3469 0.9348 0.0761
vn 0.9340 0.3479 0.0809
vn 0.9356 -0.3530 -0.0091
vn 0.9354 -0.3534 0.0105
vn 0.9339 0.3543 0.0486
vn 0.3508 -0.9316 -0.0953
vn -0.3508 -0.9316 -0.0953
vn -0.3504 -0.9316 -0.0965
vn 0.3504 -0.9316 -0.0965
vn -0.9357 -0.3527 -0.0124
vn -0.9356 0.3422 0.0868
vn -0.9351 0.3436 0.0864
vn -0.3508 0.9211 0.1690
vn 0.3508 0.9211 0.1690
vn 0.3499 0.9218 0.1666
vn -0.3499 0.9219 0.1666
vn 0.9356 0.3422 0.0868
vn 0.9357 -0.3527 -0.0124
vn 0.9351 0.3436 0.0864
vn 0.3509 -0.9316 -0.0951
vn -0.3509 -0.9316 -0.0951
vn -0.9357 -0.3526 -0.0124
vn -0.9357 0.3421 0.0869
vn -0.9357 0.3420 0.0869
vn -0.3509 0.9209 0.1696
vn 0.3509 0.9209 0.1696
vn 0.9357 0.3420 0.0869
vn 0.3509 0.9209 0.1695
vn -0.3509 0.9209 0.1695
vn 0.3508 -0.9316 -0.0951
vn -0.3508 -0.9316 -0.0951
vn -0.3508 0.9210 0.1696
vn 0.3508 0.9210 0.1696
vn 0.3509 0.9210 0.1695
vn 0.3509 -0.9316 -0.0950
vn -0.3508 0.9210 0.1695
vn -0.3508 0.9209 0.1696
vn 0.9357 0.3420 0.0868
vn 0.9357 -0.3526 -0.0124
vn 0.9357 0.3421 0.0869
vn -0.3510 -0.9315 -0.0951
vn -0.9356 0.3421 0.0869
vn 0.3130 -0.9357 0.1627
vn -0.3131 -0.9357 0.1627
vn -0.3509 -0.9341 -0.0658
vn 0.3509 -0.9341 -0.0658
vn -0.9033 -0.3514 0.2463
vn -0.9032 0.2684 0.3348
vn -0.9340 0.3379 0.1158
vn -0.9340 -0.3568 0.0166
vn -0.3131 0.8526 0.4183
vn 0.3132 0.8526 0.4183
vn 0.3509 0.9152 0.1983
vn -0.3508 0.9152 0.1983
vn 0.9032 0.2684 0.3349
vn 0.9033 -0.3514 0.2463
vn 0.9340 -0.3568 0.0166
vn 0.9340 0.3379 0.1159
vn 0.3357 -0.9364 0.1018
vn -0.3248 -0.9378 0.1227
vn -0.2934 -0.9188 0.2641
vn 0.3253 -0.9235 0.2032
vn -0.9325 -0.3344 0.1361
vn -0.9221 0.3774 0.0851
vn -0.8855 0.3884 0.2549
vn -0.9156 -0.2520 0.3134
vn -0.3200 0.9474 0.0049
vn 0.3525 0.9355 -0.0245
vn 0.3480 0.9325 0.0969
vn -0.2380 0.9602 0.1459
vn 0.9228 0.3843 0.0273
vn 0.9366 -0.3393 0.0874
vn 0.9533 -0.2370 0.1870
vn 0.8973 0.4205 0.1342
vn 0.3492 -0.9214 0.1703
vn -0.3488 -0.9214 0.1715
vn -0.3435 -0.9289 0.1381
vn 0.3462 -0.9290 0.1309
vn -0.9321 -0.3400 0.1246
vn -0.9318 0.3572 0.0638
vn -0.9303 0.3619 0.0597
vn -0.9326 -0.3421 0.1150
vn -0.3489 0.9371 0.0105
vn 0.3497 0.9368 0.0085
vn 0.3509 0.9363 -0.0149
vn -0.3439 0.9390 -0.0026
vn 0.9320 0.3574 0.0604
vn 0.9323 -0.3405 0.1220
vn 0.9332 -0.3453 0.0991
vn 0.9308 0.3635 0.0386
vn 0.3489 -0.9197 0.1803
vn -0.3489 -0.9197 0.1803
vn -0.3494 -0.9198 0.1783
vn 0.3494 -0.9198 0.1783
vn -0.9315 -0.3406 0.1273
vn -0.9323 0.3560 0.0642
vn -0.9320 0.3566 0.0645
vn -0.9320 -0.3397 0.1266
vn -0.3496 0.9368 0.0126
vn 0.3496 0.9368 0.0126
vn 0.3495 0.9368 0.0129
vn -0.3495 0.9368 0.0129
vn 0.9323 0.3560 0.0642
vn 0.9315 -0.3406 0.1273
vn 0.9320 -0.3397 0.1266
vn 0.9320 0.3566 0.0645
vn 0.3481 -0.9331 0.0901
vn -0.3481 -0.9331 0.0901
vn -0.3476 -0.9219 0.1713
vn 0.3475 -0.9219 0.1713
vn -0.9327 -0.3521 0.0781
vn -0.9341 0.3509 0.0652
vn -0.9330 0.3541 0.0640
vn -0.9309 -0.3445 0.1219
vn -0.3495 0.9352 0.0565
vn 0.3496 0.9352 0.0565
vn 0.3497 0.9367 0.0181
vn -0.3497 0.9367 0.0181
vn 0.9341 0.3509 0.0652
vn 0.9327 -0.3521 0.0781
vn 0.9309 -0.3445 0.1218
vn 0.9330 0.3541 0.0640
vn 0.3501 -0.9212 -0.1695
vn -0.3502 -0.9212 -0.1695
vn -0.3499 -0.9343 -0.0680
vn 0.3499 -0.9343 -0.0680
vn -0.9360 -0.3468 -0.0602
vn -0.9359 0.3456 0.0684
vn -0.9352 0.3477 0.0673
vn -0.9356 -0.3530 -0.0057
vn -0.3501 0.9206 0.1731
vn 0.3501 0.9206 0.1731
vn 0.3495 0.9283 0.1267
vn -0.3495 0.9283 0.1267
vn 0.9359 0.3455 0.0685
vn 0.9360 -0.3468 -0.0602
vn 0.9356 -0.3530 -0.0058
vn 0.9352 0.3477 0.0673
vn 0.3511 -0.9181 -0.1838
vn -0.3511 -0.9181 -0.1838
vn -0.3508 -0.9180 -0.1848
vn 0.3508 -0.9180 -0.1848
vn -0.9363 -0.3443 -0.0689
vn -0.9363 0.3443 0.0688
vn -0.9362 0.3446 0.0687
vn -0.9362 -0.3446 -0.0691
vn -0.3511 0.9182 0.1835
vn 0.3511 0.9182 0.1835
vn 0.3508 0.9185 0.1825
vn -0.3508 0.9185 0.1825
vn 0.9363 0.3443 0.0688
vn 0.9363 -0.3443 -0.0689
vn 0.9362 -0.3446 -0.0691
vn 0.9362 0.3446 0.0687
vn 0.3511 -0.9182 -0.1836
vn -0.3511 -0.9182 -0.1836
vn -0.3511 -0.9181 -0.1836
vn -0.9363 0.3443 0.0689
vn -0.3511 0.9181 0.1836
vn 0.3511 0.9182 0.1836
vn 0.3511 0.9181 0.1836
vn -0.3511 0.9182 0.1836
vn 0.9363 0.3443 0.0689
vn 0.3511 -0.9181 -0.1836
vn 0.3511 -0.9182 -0.1837
vn -0.3511 -0.9182 -0.1837
vn -0.9363 -0.3443 -0.0688
vn -0.3511 -0.9181 -0.1837
vn -0.3512 0.9181 0.1836
vn 0.3511 -0.9181 -0.1837
vn 0.3510 -0.9183 -0.1832
vn -0.3510 -0.9183 -0.1832
vn -0.9363 -0.3444 -0.0688
vn -0.9363 0.3444 0.0689
vn -0.3511 0.9181 0.1840
vn 0.3510 0.9181 0.1840
vn 0.3511 0.9181 0.1837
vn -0.3511 0.9181 0.1837
vn 0.9363 0.3444 0.0690
vn 0.9363 -0.3444 -0.0688
vn 0.9363 -0.3443 -0.0688
vn 0.3507 -0.9302 -0.1087
vn -0.3507 -0.9302 -0.1087
vn -0.3508 -0.9207 -0.1710
vn 0.3508 -0.9207 -0.1710
vn -0.9361 -0.3504 -0.0319
vn -0.9361 0.3465 0.0606
vn -0.9362 0.3449 0.0677
vn -0.9362 -0.3457 -0.0629
vn -0.3507 0.9263 0.1376
vn 0.3507 0.9263 0.1376
vn 0.3508 0.9195 0.1772
vn -0.3508 0.9195 0.1772
vn 0.9361 0.3465 0.0606
vn 0.9361 -0.3504 -0.0318
vn 0.9362 -0.3457 -0.0629
vn 0.9362 0.3449 0.0677
vn 0.3502 -0.9366 0.0078
vn -0.3502 -0.9366 0.0078
vn -0.3501 -0.9362 -0.0298
vn 0.3501 -0.9362 -0.0298
vn -0.9352 -0.3531 0.0260
vn -0.9359 0.3492 0.0472
vn -0.9360 0.3482 0.0516
vn -0.9354 -0.3535 0.0074
vn -0.3508 0.9343 0.0642
vn 0.3508 0.9342 0.0642
vn 0.3507 0.9324 0.0876
vn -0.3507 0.9324 0.0876
vn 0.9359 0.3492 0.0472
vn 0.9352 -0.3531 0.0260
vn 0.9354 -0.3535 0.0074
vn 0.9360 0.3482 0.0516
vn 0.3509 -0.9363 0.0156
vn -0.3508 -0.9363 0.0156
vn -0.3506 -0.9364 0.0149
vn 0.3506 -0.9364 0.0150
vn -0.9356 -0.3517 0.0296
vn -0.9357 0.3498 0.0464
vn -0.9357 0.3497 0.0464
vn -0.9355 -0.3521 0.0294
vn -0.3509 0.9345 0.0603
vn 0.3509 0.9345 0.0603
vn 0.3508 0.9345 0.0602
vn -0.3508 0.9345 0.0602
vn 0.9357 0.3499 0.0464
vn 0.9356 -0.3517 0.0296
vn 0.9355 -0.3521 0.0294
vn 0.9357 0.3497 0.0464
vn 0.3509 -0.9363 0.0157
vn -0.3509 -0.9363 0.0157
vn -0.3508 -0.9363 0.0157
vn 0.3508 -0.9363 0.0157
vn -0.9357 -0.3517 0.0296
vn -0.9356 0.3499 0.0463
vn 0.3509 0.9345 0.0602
vn 0.9357 0.3499 0.0463
vn 0.9357 -0.3517 0.0296
vn -0.9357 0.3499 0.0463
vn -0.3509 0.9345 0.0602
vn -0.3508 0.9345 0.0603
vn 0.9356 0.3499 0.0463
vn -0.9357 -0.3516 0.0296
vn -0.3508 -0.9363 0.0158
vn -0.9357 0.3498 0.0463
vn 0.3510 0.9344 0.0603
vn 0.9357 0.3498 0.0463
vn 0.9357 -0.3516 0.0296
vn 0.3510 -0.9363 0.0157
vn -0.9357 0.3499 0.0464
vn 0.3127 -0.9093 0.2746
vn -0.3127 -0.9093 0.2746
vn -0.3508 -0.9354 0.0453
vn 0.3508 -0.9354 0.0453
vn -0.9025 -0.3198 0.2886
vn -0.9025 0.3056 0.3035
vn -0.9340 0.3491 0.0759
vn -0.9340 -0.3523 0.0592
vn -0.3128 0.8952 0.3176
vn 0.3128 0.8952 0.3176
vn 0.3508 0.9321 0.0898
vn -0.3508 0.9321 0.0898
vn 0.9025 0.3057 0.3035
vn 0.9025 -0.3197 0.2886
vn 0.9340 -0.3523 0.0592
vn 0.9340 0.3491 0.0759
vn 0.3289 -0.9342 0.1384
vn -0.3574 -0.9235 0.1389
vn -0.3564 -0.8967 0.2626
vn 0.2902 -0.9245 0.2472
vn -0.9446 -0.3144 0.0941
vn -0.9242 0.3812 0.0249
vn -0.8963 0.4078 0.1743
vn -0.9450 -0.2181 0.2435
vn -0.3259 0.9451 -0.0245
vn 0.3612 0.9323 -0.0164
vn 0.3533 0.9274 0.1230
vn -0.2474 0.9615 0.1192
vn 0.9401 0.3381 0.0441
vn 0.9283 -0.3588 0.0979
vn 0.9181 -0.3453 0.1944
vn 0.9425 0.2856 0.1736
vn 0.3496 -0.9225 0.1634
vn -0.3504 -0.9222 0.1634
vn -0.3526 -0.9248 0.1427
vn 0.3456 -0.9274 0.1434
vn -0.9341 -0.3407 0.1073
vn -0.9334 0.3566 0.0389
vn -0.9317 0.3624 0.0221
vn -0.9369 -0.3375 0.0908
vn -0.3495 0.9368 -0.0175
vn 0.3507 0.9363 -0.0170
vn 0.3547 0.9345 -0.0279
vn -0.3452 0.9380 -0.0314
vn 0.9339 0.3553 0.0402
vn 0.9335 -0.3419 0.1078
vn 0.9326 -0.3482 0.0946
vn 0.9357 0.3515 0.0309
vn 0.3502 -0.9217 0.1671
vn -0.3502 -0.9217 0.1671
vn -0.3501 -0.9217 0.1673
vn 0.3501 -0.9217 0.1673
vn -0.9337 -0.3406 0.1102
vn -0.9334 0.3564 0.0423
vn -0.9336 0.3559 0.0421
vn -0.9336 -0.3409 0.1104
vn -0.3498 0.9367 -0.0140
vn 0.3498 0.9367 -0.0140
vn 0.3500 0.9366 -0.0147
vn -0.3501 0.9366 -0.0147
vn 0.9334 0.3564 0.0423
vn 0.9337 -0.3406 0.1102
vn 0.9336 -0.3409 0.1104
vn 0.9336 0.3559 0.0421
vn 0.3501 -0.9144 0.2034
vn -0.3502 -0.9143 0.2034
vn -0.3503 -0.9207 0.1722
vn 0.3503 -0.9207 0.1722
vn -0.9345 -0.3373 0.1137
vn -0.9344 0.3563 0.0064
vn -0.9332 0.3575 0.0373
vn -0.9341 -0.3396 0.1104
vn -0.3499 0.9331 -0.0829
vn 0.3500 0.9331 -0.0829
vn 0.3494 0.9367 -0.0231
vn -0.3494 0.9367 -0.0231
vn 0.9343 0.3563 0.0064
vn 0.9345 -0.3372 0.1137
vn 0.9341 -0.3396 0.1104
vn 0.9332 0.3575 0.0373
vn 0.3503 -0.8961 0.2726
vn -0.3503 -0.8961 0.2726
vn -0.3500 -0.9032 0.2486
vn 0.3500 -0.9032 0.2486
vn -0.9355 -0.3320 0.1209
vn -0.9360 0.3465 -0.0621
vn -0.9357 0.3507 -0.0385
vn -0.9350 -0.3342 0.1186
vn -0.3508 0.9114 -0.2153
vn 0.3508 0.9114 -0.2153
vn 0.3507 0.9210 -0.1699
vn -0.3506 0.9210 -0.1699
vn 0.9360 0.3465 -0.0621
vn 0.9355 -0.3320 0.1209
vn 0.9350 -0.3342 0.1186
vn 0.9357 0.3508 -0.0385
vn 0.3509 -0.8942 0.2778
vn -0.3510 -0.8942 0.2779
vn -0.3508 -0.8944 0.2774
vn 0.3508 -0.8944 0.2774
vn -0.9359 -0.3306 0.1214
vn -0.9360 0.3458 -0.0665
vn -0.9360 0.3457 -0.0664
vn -0.9358 -0.3309 0.1213
vn -0.3510 0.9094 -0.2231
vn 0.3510 0.9094 -0.2231
vn 0.3509 0.9094 -0.2231
vn -0.3509 0.9094 -0.2231
vn 0.9359 0.3458 -0.0665
vn 0.9359 -0.3306 0.1214
vn 0.9358 -0.3309 0.1213
vn 0.9360 0.3457 -0.0664
vn 0.3510 -0.8942 0.2780
vn -0.3509 -0.8942 0.2780
vn -0.3510 -0.8942 0.2780
vn -0.9359 0.3458 -0.0665
vn 0.3509 0.9095 -0.2231
vn 0.3510 0.9094 -0.2230
vn -0.3510 0.9094 -0.2230
vn 0.9360 0.3458 -0.0665
vn 0.3510 -0.8942 0.2779
vn -0.9360 -0.3305 0.1214
vn -0.9359 -0.3305 0.1214
vn -0.3509 0.9094 -0.2230
vn 0.3509 0.9094 -0.2230
vn 0.9360 -0.3305 0.1214
vn 0.3509 -0.8942 0.2779
vn -0.3509 0.9095 -0.2231
vn 0.3509 0.9095 -0.2230
vn -0.3509 0.9095 -0.2230
vn 0.3509 -0.8942 0.2780
vn -0.3509 -0.8942 0.2779
vn -0.3511 0.9094 -0.2231
vn 0.9359 -0.3305 0.1214
vn 0.3130 -0.7914 0.5251
vn -0.3130 -0.7914 0.5251
vn -0.3510 -0.8846 0.3070
vn 0.3511 -0.8846 0.3070
vn -0.9031 -0.2228 0.3672
vn -0.9031 0.3803 0.1996
vn -0.9345 0.3540 -0.0371
vn -0.9345 -0.3225 0.1508
vn -0.3129 0.9489 0.0416
vn 0.3129 0.9489 0.0416
vn 0.3512 0.9162 -0.1933
vn -0.3511 0.9162 -0.1933
vn 0.9031 0.3802 0.1996
vn 0.9031 -0.2228 0.3672
vn 0.9345 -0.3225 0.1508
vn 0.9345 0.3541 -0.0371
vn -0.1849 -0.9410 -0.2835
vn 0.4315 -0.9012 -0.0410
vn 0.4825 -0.8442 -0.2334
vn 0.0091 -0.9168 -0.3993
vn 0.9178 -0.3215 0.2331
vn 0.8328 0.3890 0.3938
vn 0.7519 0.5637 0.3420
vn 0.9990 0.0042 0.0443
vn 0.1852 0.9169 0.3535
vn -0.4377 0.8863 0.1510
vn -0.3757 0.9084 0.1833
vn -0.0298 0.9659 0.2571
vn -0.9301 0.3045 -0.2054
vn -0.8478 -0.3803 -0.3695
vn -0.8027 -0.3513 -0.4819
vn -0.8998 0.2434 -0.3620
vn -0.2531 -0.8925 -0.3733
vn 0.4185 -0.8921 -0.1705
vn 0.4145 -0.9034 -0.1095
vn -0.2448 -0.9111 -0.3317
vn 0.9296 -0.3325 0.1591
vn 0.8705 0.3401 0.3557
vn 0.8599 0.3462 0.3751
vn 0.9189 -0.3406 0.1992
vn 0.2594 0.8986 0.3540
vn -0.4128 0.8977 0.1540
vn -0.4219 0.8934 0.1548
vn 0.2429 0.9015 0.3581
vn -0.9236 0.3386 -0.1795
vn -0.8640 -0.3329 -0.3777
vn -0.8625 -0.3484 -0.3670
vn -0.9263 0.3304 -0.1810
vn -0.2535 -0.8894 -0.3804
vn 0.4197 -0.8894 -0.1810
vn 0.9314 -0.3307 0.1520
vn 0.8721 0.3397 0.3522
vn 0.8721 0.3396 0.3522
vn 0.2617 0.8983 0.3529
vn -0.4117 0.8983 0.1536
vn -0.4116 0.8983 0.1536
vn 0.2616 0.8983 0.3530
vn -0.9233 0.3396 -0.1794
vn -0.8640 -0.3307 -0.3797
vn 0.4198 -0.8894 -0.1810
vn -0.9233 0.3397 -0.1794
vn -0.8640 -0.3307 -0.3796
vn 0.2616 0.8983 0.3529
vn -0.8640 -0.3308 -0.3797
vn -0.2535 -0.8884 -0.3827
vn 0.4192 -0.8895 -0.1819
vn 0.4197 -0.8894 -0.1811
vn -0.2535 -0.8893 -0.3807
vn 0.9315 -0.3304 0.1519
vn 0.8723 0.3406 0.3509
vn 0.8721 0.3398 0.3520
vn 0.2625 0.8986 0.3515
vn -0.4112 0.8985 0.1535
vn 0.2618 0.8984 0.3527
vn -0.9234 0.3391 -0.1801
vn -0.8630 -0.3307 -0.3819
vn -0.8639 -0.3307 -0.3800
vn -0.9233 0.3396 -0.1795
vn -0.2852 -0.9208 -0.2660
vn 0.4035 -0.9055 -0.1314
vn 0.4153 -0.8927 -0.1752
vn -0.2595 -0.8930 -0.3676
vn 0.9448 -0.3147 0.0915
vn 0.9004 0.3737 0.2228
vn 0.8777 0.3480 0.3295
vn 0.9342 -0.3269 0.1426
vn 0.2940 0.9301 0.2201
vn -0.3946 0.9149 0.0857
vn -0.4074 0.9020 0.1429
vn 0.2695 0.9049 0.3295
vn -0.9360 0.3242 -0.1372
vn -0.8917 -0.3643 -0.2687
vn -0.8669 -0.3371 -0.3673
vn -0.9258 0.3354 -0.1745
vn -0.3103 -0.9475 -0.0768
vn 0.3910 -0.9191 -0.0483
vn 0.3936 -0.9163 -0.0747
vn -0.3059 -0.9423 -0.1357
vn 0.9518 -0.3068 -0.0041
vn 0.9193 0.3931 0.0203
vn 0.9160 0.3918 0.0856
vn 0.9517 -0.3060 0.0264
vn 0.3145 0.9492 0.0124
vn -0.3847 0.9228 -0.0218
vn -0.3846 0.9230 0.0126
vn 0.3124 0.9466 0.0794
vn -0.9475 0.3127 -0.0664
vn -0.9171 -0.3895 -0.0852
vn -0.9117 -0.3854 -0.1423
vn -0.9449 0.3150 -0.0889
vn -0.3096 -0.9484 -0.0690
vn 0.3912 -0.9193 -0.0440
vn 0.3911 -0.9193 -0.0439
vn -0.3100 -0.9483 -0.0681
vn 0.9505 -0.3107 -0.0103
vn 0.9207 0.3903 0.0050
vn 0.9203 0.3911 0.0071
vn 0.9508 -0.3096 -0.0098
vn 0.3122 0.9500 -0.0034
vn -0.3885 0.9210 -0.0289
vn -0.3874 0.9215 -0.0283
vn 0.3129 0.9498 -0.0012
vn -0.9478 0.3125 -0.0626
vn -0.9182 -0.3885 -0.0775
vn -0.9181 -0.3889 -0.0767
vn -0.3095 -0.9484 -0.0692
vn 0.3912 -0.9192 -0.0440
vn -0.3096 -0.9484 -0.0692
vn 0.9504 -0.3108 -0.0104
vn 0.9207 0.3902 0.0046
vn 0.3121 0.9500 -0.0039
vn -0.3887 0.9209 -0.0291
vn -0.9182 -0.3885 -0.0777
vn 0.3913 -0.9192 -0.0440
vn 0.3912 -0.9192 -0.0439
vn 0.3121 0.9501 -0.0039
vn -0.3886 0.9209 -0.0291
vn -0.9478 0.3125 -0.0627
vn 0.9207 0.3901 0.0046
vn 0.9504 -0.3109 -0.0104
vn -0.3095 -0.9484 -0.0691
vn 0.3912 -0.9193 -0.0439
vn -0.9479 0.3125 -0.0626
vn 0.3122 0.9500 -0.0039
vn 0.3911 -0.9193 -0.0440
vn 0.9504 -0.3108 -0.0105
vn -0.3886 0.9209 -0.0292
vn -0.3096 -0.9483 -0.0692
vn 0.9208 0.3901 0.0046
vn 0.3120 0.9501 -0.0039
vn 0.3121 0.9500 -0.0038
vn -0.9182 -0.3885 -0.0776
vn 0.3120 0.9501 -0.0038
vn -0.2625 -0.9041 -0.3372
vn 0.3600 -0.8783 -0.3148
vn 0.3923 -0.9168 -0.0750
vn -0.3085 -0.9459 -0.1002
vn 0.9218 -0.2669 -0.2811
vn 0.8954 0.3557 -0.2678
vn 0.9201 0.3907 -0.0266
vn 0.9498 -0.3101 -0.0416
vn 0.2840 0.9181 -0.2763
vn -0.3385 0.8923 -0.2987
vn -0.3874 0.9199 -0.0602
vn 0.3131 0.9491 -0.0350
vn -0.9003 0.2810 -0.3324
vn -0.8739 -0.3416 -0.3458
vn -0.9154 -0.3876 -0.1087
vn -0.9450 0.3132 -0.0937
vn -0.3104 -0.8692 -0.3849
vn 0.1492 -0.8196 -0.5532
vn 0.0040 -0.9827 -0.1849
vn -0.2510 -0.9472 -0.1994
vn -0.9843 0.1762 0.0010
vn -0.9064 -0.4026 -0.1281
vn -0.8415 -0.5329 -0.0887
vn -0.9925 -0.1173 0.0353
vn -0.3479 -0.7658 -0.5408
vn 0.3460 -0.7594 -0.5510
vn 0.2978 -0.7788 -0.5521
vn -0.3334 -0.8100 -0.4824
vn 0.9392 -0.2556 -0.2294
vn 0.9398 0.3068 0.1503
vn 0.9557 0.2587 -0.1408
vn 0.9591 -0.0448 -0.2795
vn 0.3365 0.8006 0.4958
vn -0.3432 0.7919 0.5050
vn -0.2301 0.8844 0.4061
vn 0.1259 0.9335 0.3358
vn -0.9379 0.2957 0.1814
vn -0.9364 -0.2827 -0.2079
vn -0.9325 -0.3206 -0.1662
vn -0.9536 0.2614 0.1494
vn -0.3511 -0.7565 -0.5517
vn 0.3511 -0.7565 -0.5517
vn 0.3510 -0.7565 -0.5517
vn -0.3510 -0.7565 -0.5517
vn 0.9361 -0.2765 -0.2172
vn 0.9361 0.2995 0.1843
vn 0.3511 0.7795 0.5188
vn -0.3511 0.7795 0.5188
vn 0.3510 0.7795 0.5188
vn -0.9361 0.2995 0.1843
vn -0.9361 -0.2765 -0.2172
vn 0.3511 -0.7566 -0.5517
vn -0.3510 -0.7566 -0.5517
vn -0.3511 -0.7532 -0.5563
vn 0.3494 -0.7554 -0.5544
vn 0.3509 -0.7564 -0.5521
vn -0.3510 -0.7561 -0.5524
vn 0.9364 -0.2761 -0.2168
vn 0.9351 0.3037 0.1825
vn 0.9360 0.3000 0.1840
vn 0.9362 -0.2765 -0.2171
vn 0.3511 0.7838 0.5122
vn -0.3486 0.7826 0.5158
vn -0.3508 0.7799 0.5184
vn 0.3511 0.7801 0.5179
vn -0.9360 0.2998 0.1845
vn -0.9355 -0.2764 -0.2201
vn -0.9361 -0.2765 -0.2176
vn -0.3379 -0.5871 -0.7356
vn 0.3532 -0.6299 -0.6917
vn 0.3462 -0.7367 -0.5809
vn -0.3504 -0.7261 -0.5916
vn 0.9383 -0.2692 -0.2170
vn 0.9283 0.2086 0.3080
vn 0.9332 0.2974 0.2017
vn 0.9370 -0.2742 -0.2164
vn 0.3432 0.6306 0.6961
vn -0.3484 0.6736 0.6518
vn -0.3431 0.7722 0.5347
vn 0.3515 0.7689 0.5341
vn -0.9333 0.3129 0.1764
vn -0.9228 -0.1651 -0.3482
vn -0.9335 -0.2613 -0.2456
vn -0.9354 0.3023 0.1834
vn -0.2796 -0.2809 -0.9181
vn 0.3969 -0.3955 -0.8283
vn 0.3757 -0.4729 -0.7970
vn -0.3027 -0.3829 -0.8728
vn 0.9418 -0.2612 -0.2117
vn 0.8966 0.0130 0.4427
vn 0.9078 0.0761 0.4124
vn 0.9402 -0.2639 -0.2154
vn 0.2916 0.3334 0.8966
vn -0.3864 0.4583 0.8004
vn -0.3694 0.5262 0.7659
vn 0.3112 0.4254 0.8498
vn -0.9268 0.3330 0.1737
vn -0.8796 0.0487 -0.4732
vn -0.8945 -0.0240 -0.4465
vn -0.9296 0.3263 0.1716
vn -0.2722 -0.2525 -0.9285
vn 0.4111 -0.3763 -0.8303
vn 0.4076 -0.3794 -0.8306
vn -0.2737 -0.2580 -0.9266
vn 0.9431 -0.2598 -0.2077
vn 0.8973 0.0034 0.4414
vn 0.8964 0.0027 0.4431
vn 0.9427 -0.2602 -0.2088
vn 0.2897 0.3261 0.8999
vn -0.3935 0.4508 0.8012
vn -0.3925 0.4492 0.8026
vn 0.2890 0.3226 0.9013
vn -0.9252 0.3352 0.1781
vn -0.8795 0.0710 -0.4706
vn -0.8790 0.0668 -0.4721
vn -0.9255 0.3348 0.1768
vn -0.2719 -0.2513 -0.9289
vn 0.4116 -0.3756 -0.8304
vn 0.9431 -0.2598 -0.2076
vn 0.8974 0.0036 0.4411
vn 0.2898 0.3268 0.8996
vn -0.3936 0.4511 0.8010
vn 0.2899 0.3268 0.8996
vn -0.9251 0.3352 0.1782
vn -0.8795 0.0718 -0.4705
vn -0.9251 0.3353 0.1782
vn 0.8975 0.0036 0.4411
vn -0.9251 0.3353 0.1783
vn 0.4116 -0.3757 -0.8303
vn 0.2899 0.3268 0.8995
vn -0.2718 -0.2513 -0.9290
vn 0.4116 -0.3757 -0.8304
vn -0.3937 0.4511 0.8009
vn -0.1815 -0.0130 -0.9833
vn 0.4277 -0.1238 -0.8954
vn 0.4177 -0.3483 -0.8392
vn -0.2655 -0.2240 -0.9377
vn 0.9635 -0.0070 -0.2676
vn 0.9228 0.2278 0.3107
vn 0.9021 0.0305 0.4304
vn 0.9478 -0.2328 -0.2181
vn 0.3103 0.5536 0.7729
vn -0.2989 0.6644 0.6850
vn -0.3871 0.4771 0.7890
vn 0.2962 0.3528 0.8876
vn -0.8348 0.5475 0.0571
vn -0.7941 0.3128 -0.5211
vn -0.8715 0.0982 -0.4805
vn -0.9171 0.3615 0.1680
vn 0.3636 -0.8318 0.4195
vn -0.3284 -0.8383 0.4351
vn -0.2928 -0.7724 0.5637
vn 0.3905 -0.7690 0.5062
vn -0.9195 -0.3380 0.2007
vn -0.9490 0.2956 -0.1096
vn -0.9664 0.2526 0.0474
vn -0.8849 -0.3186 0.3398
vn -0.3577 0.8335 -0.4211
vn 0.3280 0.8305 -0.4502
vn 0.2891 0.8958 -0.3375
vn -0.3501 0.8800 -0.3209
vn 0.9203 0.3363 -0.1998
vn 0.9475 -0.2893 0.1362
vn 0.9698 -0.1559 0.1877
vn 0.8834 0.4536 -0.1179
vn 0.3514 -0.8205 0.4509
vn -0.3504 -0.8206 0.4514
vn -0.3454 -0.8317 0.4347
vn 0.3539 -0.8299 0.4313
vn -0.9357 -0.3030 0.1807
vn -0.9365 0.3190 -0.1457
vn -0.9391 0.3134 -0.1413
vn -0.9320 -0.3157 0.1780
vn -0.3513 0.8364 -0.4208
vn 0.3504 0.8356 -0.4230
vn 0.3454 0.8274 -0.4429
vn -0.3530 0.8318 -0.4284
vn 0.9358 0.3187 -0.1508
vn 0.9365 -0.3023 0.1777
vn 0.9388 -0.3066 0.1570
vn 0.9324 0.3154 -0.1766
vn 0.3511 -0.8187 0.4545
vn -0.3511 -0.8187 0.4545
vn -0.9361 -0.3012 0.1814
vn -0.9361 0.3197 -0.1463
vn -0.3511 0.8372 -0.4194
vn 0.3510 0.8372 -0.4194
vn 0.9361 0.3197 -0.1463
vn 0.9361 -0.3012 0.1814
vn -0.3511 -0.8187 0.4544
vn -0.3510 0.8372 -0.4194
vn 0.9362 0.3197 -0.1463
vn 0.3506 -0.8178 0.4564
vn -0.3506 -0.8178 0.4564
vn -0.3510 -0.8185 0.4547
vn 0.3510 -0.8185 0.4547
vn -0.9359 -0.3016 0.1821
vn -0.9361 0.3198 -0.1463
vn -0.9361 -0.3013 0.1815
vn -0.3508 0.8378 -0.4184
vn 0.3508 0.8378 -0.4184
vn 0.3510 0.8372 -0.4193
vn -0.3510 0.8372 -0.4193
vn 0.9361 0.3198 -0.1463
vn 0.9359 -0.3016 0.1821
vn 0.9361 -0.3013 0.1815
vn 0.3496 -0.8706 0.3462
vn -0.3496 -0.8706 0.3462
vn -0.3496 -0.8265 0.4412
vn 0.3496 -0.8265 0.4412
vn -0.9356 -0.3221 0.1448
vn -0.9354 0.3396 -0.0988
vn -0.9359 0.3238 -0.1387
vn -0.9354 -0.3059 0.1771
vn -0.3494 0.8875 -0.3005
vn 0.3494 0.8875 -0.3005
vn 0.3501 0.8477 -0.3985
vn -0.3501 0.8477 -0.3985
vn 0.9354 0.3396 -0.0987
vn 0.9356 -0.3221 0.1448
vn 0.9354 -0.3059 0.1771
vn 0.9359 0.3238 -0.1387
vn 0.3500 -0.9189 0.1822
vn -0.3500 -0.9189 0.1822
vn -0.3494 -0.9078 0.2319
vn 0.3494 -0.9078 0.2319
vn -0.9359 -0.3413 0.0879
vn -0.9348 0.3539 -0.0287
vn -0.9345 0.3523 -0.0506
vn -0.9357 -0.3366 0.1054
vn -0.3490 0.9284 -0.1272
vn 0.3490 0.9284 -0.1272
vn 0.3483 0.9196 -0.1816
vn -0.3483 0.9196 -0.1816
vn 0.9348 0.3539 -0.0287
vn 0.9359 -0.3413 0.0879
vn 0.9357 -0.3366 0.1054
vn 0.9345 0.3522 -0.0506
vn 0.3510 -0.9198 0.1754
vn -0.3510 -0.9198 0.1755
vn -0.3507 -0.9200 0.1748
vn 0.3507 -0.9200 0.1748
vn -0.9359 -0.3419 0.0849
vn -0.9359 0.3516 -0.0239
vn -0.9356 0.3523 -0.0244
vn -0.3509 0.9294 -0.1148
vn 0.3509 0.9294 -0.1148
vn 0.3504 0.9294 -0.1164
vn -0.3504 0.9294 -0.1164
vn 0.9359 0.3516 -0.0239
vn 0.9359 -0.3419 0.0850
vn 0.9359 -0.3419 0.0849
vn 0.9356 0.3523 -0.0244
vn 0.3509 -0.9198 0.1756
vn -0.3509 -0.9198 0.1756
vn -0.3510 -0.9198 0.1756
vn 0.3510 -0.9198 0.1756
vn -0.9359 0.3515 -0.0238
vn -0.3510 0.9294 -0.1145
vn 0.3510 0.9294 -0.1145
vn 0.3510 0.9294 -0.1144
vn -0.3510 0.9294 -0.1144
vn 0.9359 0.3515 -0.0238
vn -0.9359 -0.3419 0.0850
vn -0.3509 0.9294 -0.1145
vn 0.3509 0.9294 -0.1145
vn -0.3511 0.9293 -0.1145
vn 0.3511 0.9293 -0.1145
vn -0.9359 -0.3420 0.0850
vn 0.3510 0.9293 -0.1145
vn 0.3510 -0.9198 0.1755
vn 0.3125 -0.8443 0.4354
vn -0.3125 -0.8443 0.4354
vn -0.3510 -0.9135 0.2058
vn 0.3509 -0.9135 0.2058
vn -0.9016 -0.2623 0.3441
vn -0.9016 0.3550 0.2473
vn -0.9343 0.3563 0.0066
vn -0.9343 -0.3372 0.1154
vn -0.3123 0.9371 0.1560
vn 0.3123 0.9371 0.1560
vn 0.3511 0.9326 -0.0837
vn -0.3511 0.9326 -0.0837
vn 0.9016 0.3550 0.2472
vn 0.9016 -0.2623 0.3441
vn 0.9344 -0.3371 0.1154
vn 0.9343 0.3563 0.0066
vn -0.2787 -0.9561 0.0904
vn 0.3692 -0.9176 -0.1473
vn 0.4188 -0.8681 -0.2664
vn -0.0889 -0.9799 -0.1785
vn 0.8541 -0.3446 -0.3895
vn 0.8286 0.3511 -0.4361
vn 0.7734 0.3389 -0.5358
vn 0.8136 -0.3155 -0.4883
vn 0.2877 0.9229 -0.2560
vn -0.3685 0.9295 0.0146
vn -0.3308 0.9276 -0.1734
vn 0.2774 0.8838 -0.3768
vn -0.8945 0.3343 0.2968
vn -0.8857 -0.3353 0.3211
vn -0.9480 -0.2803 0.1504
vn -0.9405 0.3092 0.1411
vn -0.3325 -0.9369 0.1081
vn 0.3165 -0.9360 -0.1541
vn 0.3334 -0.9323 -0.1405
vn -0.3206 -0.9400 0.1168
vn 0.8412 -0.3546 -0.4083
vn 0.8236 0.3436 -0.4513
vn 0.8308 0.3466 -0.4355
vn 0.8503 -0.3527 -0.3907
vn 0.2693 0.9251 -0.2675
vn -0.3794 0.9252 -0.0034
vn -0.3742 0.9272 0.0171
vn 0.2785 0.9266 -0.2526
vn -0.9045 0.3431 0.2533
vn -0.8875 -0.3543 0.2945
vn -0.8812 -0.3503 0.3176
vn -0.8960 0.3419 0.2835
vn -0.3346 -0.9364 0.1055
vn 0.3138 -0.9364 -0.1570
vn 0.3137 -0.9364 -0.1570
vn -0.3344 -0.9364 0.1060
vn 0.8398 -0.3533 -0.4122
vn 0.8199 0.3448 -0.4570
vn 0.8218 0.3433 -0.4547
vn 0.8394 -0.3547 -0.4118
vn 0.2659 0.9239 -0.2752
vn -0.3796 0.9251 -0.0107
vn -0.3804 0.9248 -0.0077
vn 0.2674 0.9247 -0.2711
vn -0.9057 0.3444 0.2473
vn -0.8888 -0.3548 0.2900
vn -0.9061 0.3433 0.2474
vn -0.3654 -0.9307 0.0163
vn 0.2942 -0.9319 -0.2123
vn 0.3110 -0.9361 -0.1642
vn -0.3394 -0.9360 0.0928
vn 0.8569 -0.3426 -0.3852
vn 0.8580 0.3614 -0.3650
vn 0.8217 0.3513 -0.4488
vn 0.8431 -0.3485 -0.4096
vn 0.3164 0.9354 -0.1575
vn -0.3363 0.9387 0.0766
vn -0.3711 0.9286 -0.0046
vn 0.2706 0.9250 -0.2667
vn -0.8993 0.3542 0.2563
vn -0.9074 -0.3514 0.2306
vn -0.8914 -0.3548 0.2821
vn -0.9040 0.3481 0.2480
vn -0.4270 -0.8751 -0.2279
vn 0.2576 -0.8936 -0.3675
vn 0.2686 -0.9137 -0.3049
vn -0.4060 -0.9047 -0.1290
vn 0.8868 -0.3538 -0.2972
vn 0.9482 0.3105 -0.0667
vn 0.9204 0.3441 -0.1859
vn 0.8772 -0.3456 -0.3332
vn 0.4285 0.8723 0.2357
vn -0.2577 0.8940 0.3666
vn -0.2833 0.9255 0.2513
vn 0.3934 0.9159 0.0798
vn -0.8886 0.3563 0.2888
vn -0.9482 -0.3106 0.0671
vn -0.9336 -0.3330 0.1325
vn -0.8925 0.3572 0.2753
vn -0.4308 -0.8664 -0.2524
vn 0.2590 -0.8872 -0.3818
vn 0.2582 -0.8880 -0.3805
vn -0.4304 -0.8675 -0.2495
vn 0.8877 -0.3565 -0.2913
vn 0.9521 0.3011 -0.0529
vn 0.9521 0.3015 -0.0508
vn 0.8878 -0.3563 -0.2912
vn 0.4309 0.8661 0.2534
vn -0.2590 0.8870 0.3823
vn -0.2576 0.8869 0.3836
vn 0.4317 0.8648 0.2563
vn -0.8877 0.3565 0.2913
vn -0.9520 -0.3013 0.0534
vn -0.9515 -0.3029 0.0545
vn -0.8878 0.3563 0.2913
vn -0.4308 -0.8663 -0.2529
vn 0.2591 -0.8871 -0.3821
vn 0.2591 -0.8871 -0.3820
vn -0.4308 -0.8663 -0.2528
vn 0.9521 0.3011 -0.0532
vn 0.4308 0.8663 0.2529
vn -0.2591 0.8871 0.3821
vn -0.9521 -0.3010 0.0532
vn -0.4309 -0.8663 -0.2529
vn 0.2592 -0.8871 -0.3821
vn 0.9521 0.3010 -0.0532
vn 0.4309 0.8663 0.2529
vn -0.4309 -0.8663 -0.2528
vn -0.2592 0.8871 0.3820
vn -0.9521 -0.3011 0.0532
vn -0.4279 -0.8653 -0.2610
vn 0.2569 -0.8823 -0.3945
vn 0.2588 -0.8864 -0.3838
vn -0.4305 -0.8661 -0.2539
vn 0.8848 -0.3583 -0.2980
vn 0.8874 -0.3566 -0.2922
vn 0.4260 0.8701 0.2479
vn -0.2611 0.8912 0.3709
vn -0.2594 0.8877 0.3804
vn 0.4303 0.8668 0.2521
vn -0.8868 0.3621 0.2872
vn -0.8877 0.3572 0.2907
vn -0.3861 -0.9223 -0.0145
vn 0.2979 -0.9527 -0.0600
vn 0.2622 -0.8937 -0.3640
vn -0.4139 -0.8788 -0.2374
vn 0.9059 -0.4150 -0.0847
vn 0.9510 0.3018 -0.0671
vn 0.9518 0.3015 -0.0553
vn 0.8841 -0.3761 -0.2772
vn 0.3841 0.9232 -0.0116
vn -0.2996 0.9535 0.0344
vn -0.2708 0.9114 0.3098
vn 0.4108 0.8883 0.2051
vn -0.9075 0.4160 0.0584
vn -0.9529 -0.3005 0.0401
vn -0.9524 -0.3006 0.0512
vn -0.8893 0.3830 0.2500
vn -0.3895 -0.8486 0.3580
vn 0.2936 -0.8500 0.4374
vn 0.3026 -0.9010 0.3108
vn -0.3757 -0.8891 0.2616
vn 0.9055 -0.3513 0.2381
vn 0.9530 0.2913 -0.0830
vn 0.9515 0.2972 -0.0801
vn 0.9074 -0.3906 0.1551
vn 0.3898 0.8341 -0.3903
vn -0.2923 0.8431 -0.4514
vn -0.3025 0.9012 -0.3104
vn 0.3743 0.8829 -0.2835
vn -0.9003 0.3373 -0.2752
vn -0.9502 -0.3105 0.0257
vn -0.9520 -0.3049 0.0281
vn -0.9047 0.3851 -0.1825
vn -0.4034 -0.8411 0.3602
vn 0.2935 -0.8488 0.4397
vn 0.2928 -0.8452 0.4471
vn -0.4005 -0.8405 0.3650
vn 0.9108 -0.3368 0.2387
vn 0.9545 0.2870 -0.0815
vn 0.9541 0.2880 -0.0820
vn 0.9091 -0.3384 0.2431
vn 0.4088 0.8141 -0.4124
vn -0.2881 0.8226 -0.4903
vn -0.2890 0.8272 -0.4818
vn 0.4038 0.8185 -0.4088
vn -0.9051 0.3098 -0.2912
vn -0.9488 -0.3147 0.0274
vn -0.9491 -0.3137 0.0268
vn -0.9036 0.3163 -0.2890
vn -0.4038 -0.8413 0.3593
vn 0.2936 -0.8496 0.4382
vn 0.9110 -0.3368 0.2379
vn 0.9545 0.2868 -0.0814
vn 0.9111 -0.3368 0.2379
vn 0.4095 0.8133 -0.4133
vn -0.2879 0.8215 -0.4922
vn -0.2878 0.8215 -0.4922
vn 0.4096 0.8133 -0.4133
vn -0.9053 0.3087 -0.2918
vn -0.9487 -0.3148 0.0275
vn 0.2937 -0.8496 0.4382
vn -0.2879 0.8215 -0.4921
vn 0.4096 0.8133 -0.4132
vn -0.9487 -0.3149 0.0275
vn -0.4038 -0.8414 0.3593
vn 0.2937 -0.8495 0.4382
vn 0.4095 0.8133 -0.4132
vn -0.9053 0.3088 -0.2918
vn -0.4037 -0.8414 0.3593
vn -0.2878 0.8216 -0.4921
vn -0.9488 -0.3148 0.0275
vn 0.2936 -0.8495 0.4382
vn 0.4095 0.8134 -0.4132
vn 0.9111 -0.3368 0.2378
vn -0.2880 0.8215 -0.4922
vn -0.3388 -0.9339 0.1142
vn 0.2828 -0.9413 0.1845
vn 0.2967 -0.8622 0.4106
vn -0.4009 -0.8540 0.3317
vn 0.9054 -0.4242 -0.0176
vn 0.9441 0.1316 -0.3021
vn 0.9559 0.2729 -0.1085
vn 0.9124 -0.3508 0.2108
vn 0.3946 0.6625 -0.6367
vn -0.2269 0.6698 -0.7070
vn -0.2852 0.8062 -0.5183
vn 0.4124 0.7980 -0.4395
vn -0.8495 0.1527 -0.5050
vn -0.8882 -0.4031 -0.2205
vn -0.9444 -0.3289 0.0008
vn -0.9009 0.2948 -0.3186
vn -0.2355 -0.8998 0.3673
vn 0.3794 -0.9251 -0.0152
vn 0.3858 -0.9203 0.0644
vn -0.2251 -0.8586 0.4605
vn 0.8514 -0.3396 -0.3998
vn 0.7994 0.3325 -0.5003
vn 0.8094 0.3244 -0.4895
vn 0.8646 -0.3309 -0.3782
vn 0.2620 0.9018 -0.3436
vn -0.3793 0.9253 -0.0024
vn -0.3714 0.9262 -0.0644
vn 0.3026 0.8753 -0.3771
vn -0.8309 0.3452 0.4364
vn -0.7593 -0.3143 0.5698
vn -0.7479 -0.2910 0.5966
vn -0.8441 0.3425 0.4124
vn -0.2733 -0.9337 0.2313
vn 0.3372 -0.9345 -0.1139
vn 0.3560 -0.9313 -0.0763
vn -0.2548 -0.9244 0.2840
vn 0.8045 -0.3569 -0.4747
vn 0.7542 0.3352 -0.5646
vn 0.7729 0.3365 -0.5379
vn 0.8245 -0.3509 -0.4440
vn 0.2033 0.9120 -0.3563
vn -0.4085 0.9127 -0.0139
vn -0.3979 0.9174 -0.0038
vn 0.2220 0.9113 -0.3467
vn -0.8741 0.3359 0.3509
vn -0.8228 -0.3557 0.4432
vn -0.7967 -0.3418 0.4985
vn -0.8553 0.3412 0.3899
vn -0.2770 -0.9349 0.2217
vn 0.3336 -0.9349 -0.1207
vn -0.2770 -0.9350 0.2217
vn 0.8008 -0.3578 -0.4803
vn 0.7508 0.3347 -0.5694
vn 0.2004 0.9118 -0.3583
vn -0.4102 0.9118 -0.0159
vn -0.4102 0.9119 -0.0159
vn 0.2004 0.9119 -0.3583
vn -0.8774 0.3347 0.3437
vn -0.8274 -0.3578 0.4328
vn -0.2766 -0.9350 0.2219
vn 0.3343 -0.9347 -0.1210
vn 0.3337 -0.9349 -0.1207
vn -0.2769 -0.9349 0.2217
vn 0.8004 -0.3571 -0.4816
vn 0.7495 0.3345 -0.5712
vn 0.7507 0.3347 -0.5696
vn 0.8007 -0.3578 -0.4804
vn 0.2004 0.9112 -0.3600
vn -0.4096 0.9121 -0.0164
vn -0.4101 0.9119 -0.0160
vn 0.2004 0.9118 -0.3585
vn -0.8772 0.3350 0.3439
vn -0.8274 -0.3578 0.4329
vn -0.8774 0.3348 0.3437
vn -0.2977 -0.9391 0.1716
vn 0.3423 -0.9322 -0.1175
vn 0.3365 -0.9339 -0.1211
vn -0.2797 -0.9358 0.2145
vn 0.8449 -0.3431 -0.4105
vn 0.8076 0.3526 -0.4727
vn 0.7573 0.3374 -0.5591
vn 0.8071 -0.3533 -0.4730
vn 0.2467 0.9263 -0.2848
vn -0.3931 0.9195 0.0046
vn -0.4058 0.9139 -0.0142
vn 0.2084 0.9128 -0.3512
vn -0.8958 0.3303 0.2974
vn -0.8587 -0.3655 0.3593
vn -0.8325 -0.3592 0.4219
vn -0.8801 0.3345 0.3370
vn -0.3242 -0.9425 0.0811
vn 0.3526 -0.9295 -0.1080
vn 0.3488 -0.9306 -0.1112
vn -0.3176 -0.9416 0.1120
vn 0.9028 -0.3315 -0.2741
vn 0.8843 0.3696 -0.2852
vn 0.8631 0.3662 -0.3479
vn 0.8866 -0.3339 -0.3200
vn 0.3060 0.9416 -0.1404
vn -0.3721 0.9270 0.0466
vn -0.3787 0.9249 0.0323
vn 0.2894 0.9384 -0.1889
vn -0.9200 0.3282 0.2142
vn -0.9002 -0.3713 0.2274
vn -0.8880 -0.3705 0.2722
vn -0.9134 0.3271 0.2424
vn -0.3235 -0.9434 0.0736
vn 0.3546 -0.9288 -0.1078
vn 0.3541 -0.9290 -0.1076
vn -0.3239 -0.9431 0.0745
vn 0.9049 -0.3319 -0.2664
vn 0.8874 0.3697 -0.2755
vn 0.8875 0.3698 -0.2750
vn 0.9050 -0.3317 -0.2663
vn 0.3077 0.9423 -0.1322
vn -0.3704 0.9276 0.0489
vn -0.3706 0.9275 0.0490
vn 0.3079 0.9422 -0.1321
vn -0.9206 0.3306 0.2077
vn -0.9030 -0.3709 0.2170
vn -0.9026 -0.3710 0.2182
vn -0.9207 0.3300 0.2084
vn -0.3234 -0.9434 0.0734
vn -0.3234 -0.9434 0.0733
vn 0.8873 0.3698 -0.2756
vn -0.3703 0.9276 0.0489
vn 0.3077 0.9422 -0.1323
vn -0.9206 0.3307 0.2075
vn -0.9030 -0.3709 0.2167
vn 0.3545 -0.9288 -0.1078
vn -0.3233 -0.9434 0.0734
vn 0.8873 0.3697 -0.2756
vn 0.3077 0.9423 -0.1323
vn -0.3703 0.9276 0.0490
vn -0.3233 -0.9434 0.0733
vn 0.3076 0.9423 -0.1322
vn -0.9206 0.3307 0.2076
vn 0.3077 0.9422 -0.1322
vn -0.3233 -0.9435 0.0733
vn 0.3547 -0.9288 -0.1078
vn 0.3078 0.9422 -0.1323
vn -0.9206 0.3308 0.2075
vn 0.3546 -0.9288 -0.1077
vn -0.3557 -0.9145 -0.1927
vn 0.2487 -0.9015 -0.3542
vn 0.3468 -0.9279 -0.1373
vn -0.3314 -0.9425 0.0440
vn 0.8037 -0.2995 -0.5142
vn 0.7880 0.3259 -0.5224
vn 0.8780 0.3692 -0.3045
vn 0.8956 -0.3325 -0.2954
vn 0.2034 0.9033 -0.3778
vn -0.4009 0.8902 -0.2163
vn -0.3781 0.9255 0.0196
vn 0.3000 0.9402 -0.1616
vn -0.9559 0.2883 -0.0564
vn -0.9402 -0.3372 -0.0481
vn -0.9094 -0.3715 0.1870
vn -0.9270 0.3302 0.1778
vn -0.3768 -0.9239 -0.0671
vn 0.2764 -0.9564 0.0940
vn 0.1800 -0.9824 -0.0492
vn -0.3768 -0.9070 -0.1883
vn 0.8983 -0.4049 0.1707
vn 0.9466 0.3051 0.1041
vn 0.9773 0.2120 0.0042
vn 0.8877 -0.4578 0.0492
vn 0.4103 0.9087 -0.0774
vn -0.2408 0.9363 -0.2555
vn -0.1197 0.9205 -0.3720
vn 0.4629 0.8689 -0.1754
vn -0.8561 0.3720 -0.3587
vn -0.9012 -0.3239 -0.2879
vn -0.8651 -0.2405 -0.4401
vn -0.7932 0.3613 -0.4902
vn -0.3410 -0.9365 -0.0815
vn 0.3392 -0.9379 0.0731
vn 0.3222 -0.9420 0.0945
vn -0.3545 -0.9328 -0.0640
vn 0.9221 -0.3606 0.1400
vn 0.9400 0.3346 0.0663
vn 0.9393 0.3308 0.0907
vn 0.9141 -0.3711 0.1634
vn 0.3867 0.9140 -0.1227
vn -0.2936 0.9146 -0.2781
vn -0.2842 0.9230 -0.2594
vn 0.3901 0.9158 -0.0953
vn -0.8755 0.3363 -0.3469
vn -0.8929 -0.3580 -0.2731
vn -0.8979 -0.3502 -0.2667
vn -0.8731 0.3485 -0.3409
vn -0.3508 -0.9355 -0.0428
vn 0.3330 -0.9375 0.1010
vn 0.3400 -0.9376 0.0724
vn -0.3405 -0.9368 -0.0805
vn 0.9207 -0.3606 0.1495
vn 0.9404 0.3341 0.0639
vn 0.9403 0.3346 0.0624
vn 0.9228 -0.3600 0.1374
vn 0.3854 0.9140 -0.1271
vn -0.3000 0.9148 -0.2705
vn -0.2960 0.9132 -0.2801
vn 0.3861 0.9136 -0.1275
vn -0.8863 0.3363 -0.3184
vn -0.9044 -0.3572 -0.2332
vn -0.8933 -0.3595 -0.2699
vn -0.8774 0.3339 -0.3445
vn -0.3824 -0.9169 0.1139
vn 0.3120 -0.9247 0.2180
vn 0.3208 -0.9326 0.1656
vn -0.3701 -0.9280 0.0434
vn 0.9134 -0.3561 0.1972
vn 0.9402 0.3337 0.0682
vn 0.9403 0.3338 0.0664
vn 0.9167 -0.3588 0.1759
vn 0.3844 0.9145 -0.1265
vn -0.3099 0.9222 -0.2313
vn -0.3061 0.9189 -0.2490
vn 0.3848 0.9143 -0.1267
vn -0.9114 0.3536 -0.2106
vn -0.9384 -0.3361 -0.0809
vn -0.9257 -0.3475 -0.1496
vn -0.9020 0.3451 -0.2593
vn -0.3842 -0.9145 0.1270
vn 0.3107 -0.9228 0.2280
vn 0.3106 -0.9228 0.2280
vn -0.3843 -0.9144 0.1272
vn 0.9127 -0.3556 0.2012
vn 0.9403 0.3334 0.0682
vn 0.9403 0.3335 0.0683
vn 0.9128 -0.3555 0.2013
vn 0.3842 0.9145 -0.1269
vn -0.3107 0.9228 -0.2280
vn -0.3106 0.9228 -0.2279
vn 0.3842 0.9145 -0.1267
vn -0.9127 0.3555 -0.2012
vn -0.9403 -0.3334 -0.0681
vn -0.9403 -0.3334 -0.0679
vn -0.9128 0.3555 -0.2012
vn -0.3842 -0.9145 0.1269
vn 0.9127 -0.3555 0.2012
vn 0.9403 0.3334 0.0681
vn 0.3842 0.9145 -0.1270
vn -0.3106 0.9228 -0.2280
vn -0.3107 0.9228 -0.2279
vn -0.9127 0.3556 -0.2012
vn -0.3839 -0.9146 0.1266
vn 0.3108 -0.9229 0.2272
vn 0.3107 -0.9228 0.2279
vn 0.9127 -0.3559 0.2009
vn 0.3840 0.9145 -0.1274
vn -0.3106 0.9226 -0.2287
vn -0.3107 0.9227 -0.2281
vn -0.9126 0.3557 -0.2017
vn -0.9127 0.3556 -0.2013
vn -0.3744 -0.9256 0.0551
vn 0.3225 -0.9372 0.1330
vn 0.3131 -0.9259 0.2113
vn -0.3818 -0.9171 0.1149
vn 0.9210 -0.3673 0.1299
vn 0.9426 0.3306 0.0480
vn 0.9408 0.3328 0.0649
vn 0.9141 -0.3586 0.1892
vn 0.3778 0.9219 -0.0855
vn -0.3191 0.9335 -0.1634
vn -0.3120 0.9244 -0.2192
vn 0.3826 0.9159 -0.1212
vn -0.9177 0.3635 -0.1603
vn -0.9392 -0.3344 -0.0783
vn -0.9401 -0.3336 -0.0698
vn -0.9132 0.3575 -0.1956
vn -0.3654 -0.9293 -0.0536
vn 0.3333 -0.9428 -0.0098
vn 0.3308 -0.9430 0.0358
vn -0.3670 -0.9300 -0.0190
vn 0.9281 -0.3717 0.0221
vn 0.9437 0.3304 0.0175
vn 0.9438 0.3295 0.0271
vn 0.9263 -0.3724 0.0565
vn 0.3716 0.9282 -0.0211
vn -0.3287 0.9423 -0.0636
vn -0.3262 0.9405 -0.0949
vn 0.3732 0.9268 -0.0414
vn -0.9242 0.3695 -0.0969
vn -0.9382 -0.3332 -0.0936
vn -0.9383 -0.3343 -0.0888
vn -0.9223 0.3683 -0.1169
vn -0.3667 -0.9283 -0.0608
vn 0.3336 -0.9425 -0.0197
vn 0.3337 -0.9425 -0.0187
vn -0.3662 -0.9286 -0.0601
vn 0.9290 -0.3697 0.0151
vn 0.9432 0.3318 0.0158
vn 0.9433 0.3314 0.0158
vn 0.9288 -0.3703 0.0157
vn 0.3713 0.9283 -0.0177
vn -0.3290 0.9425 -0.0587
vn -0.3291 0.9425 -0.0585
vn 0.3714 0.9283 -0.0177
vn -0.9244 0.3697 -0.0935
vn -0.9386 -0.3319 -0.0944
vn -0.9385 -0.3323 -0.0944
vn -0.9244 0.3697 -0.0936
vn -0.3667 -0.9283 -0.0609
vn 0.3336 -0.9425 -0.0199
vn 0.9290 -0.3697 0.0150
vn 0.9432 0.3319 0.0158
vn 0.9291 -0.3696 0.0150
vn 0.3713 0.9284 -0.0177
vn 0.3713 0.9283 -0.0176
vn -0.3291 0.9425 -0.0586
vn -0.3291 0.9425 -0.0587
vn -0.9245 0.3697 -0.0935
vn 0.3337 -0.9425 -0.0199
vn -0.3668 -0.9283 -0.0609
vn -0.3290 0.9425 -0.0586
vn -0.9386 -0.3319 -0.0943
vn 0.3337 -0.9425 -0.0198
vn -0.3667 -0.9284 -0.0609
vn 0.3335 -0.9425 -0.0199
vn 0.3714 0.9283 -0.0176
vn -0.9245 0.3696 -0.0935
vn -0.3114 -0.8932 -0.3245
vn 0.3108 -0.9057 -0.2881
vn 0.3353 -0.9408 -0.0504
vn -0.3647 -0.9266 -0.0914
vn 0.9095 -0.3298 -0.2530
vn 0.9220 0.2936 -0.2523
vn 0.9432 0.3319 -0.0149
vn 0.9291 -0.3695 -0.0157
vn 0.3474 0.8931 -0.2859
vn -0.2753 0.9057 -0.3223
vn -0.3273 0.9407 -0.0893
vn 0.3731 0.9265 -0.0482
vn -0.8737 0.3299 -0.3574
vn -0.8863 -0.2935 -0.3581
vn -0.9351 -0.3318 -0.1248
vn -0.9209 0.3696 -0.1240
vn -0.2273 -0.9382 0.2609
vn 0.3844 -0.9223 -0.0408
vn 0.3679 -0.9122 -0.1806
vn -0.1022 -0.9946 0.0199
vn 0.8235 -0.3769 -0.4240
vn 0.7569 0.3130 -0.5737
vn 0.6590 0.2445 -0.7113
vn 0.7229 -0.3900 -0.5704
vn 0.1957 0.8882 -0.4158
vn -0.4096 0.9027 -0.1319
vn -0.3752 0.8754 -0.3049
vn 0.1265 0.8458 -0.5183
vn -0.9155 0.3086 0.2579
vn -0.8357 -0.3678 0.4078
vn -0.8941 -0.3804 0.2365
vn -0.9651 0.2428 0.0980
vn -0.2871 -0.9343 0.2113
vn 0.3501 -0.9341 -0.0702
vn 0.3660 -0.9295 -0.0456
vn -0.2688 -0.9306 0.2483
vn 0.8331 -0.3670 -0.4137
vn 0.7766 0.3163 -0.5449
vn 0.7747 0.3189 -0.5460
vn 0.8362 -0.3680 -0.4066
vn 0.1979 0.8863 -0.4187
vn -0.4403 0.8872 -0.1380
vn -0.4292 0.8950 -0.1218
vn 0.2021 0.8899 -0.4089
vn -0.9256 0.3173 0.2064
vn -0.8671 -0.3659 0.3379
vn -0.8509 -0.3621 0.3807
vn -0.9164 0.3206 0.2397
vn -0.2611 -0.9279 0.2660
vn 0.3781 -0.9258 -0.0068
vn 0.3498 -0.9343 -0.0684
vn -0.2860 -0.9350 0.2096
vn 0.8559 -0.3640 -0.3674
vn 0.7880 0.3143 -0.5294
vn 0.7791 0.3142 -0.5425
vn 0.8345 -0.3689 -0.4094
vn 0.1917 0.8786 -0.4374
vn -0.4517 0.8769 -0.1641
vn -0.4434 0.8848 -0.1436
vn 0.1970 0.8848 -0.4223
vn -0.9290 0.3113 0.2003
vn -0.8567 -0.3675 0.3619
vn -0.8676 -0.3690 0.3333
vn -0.9276 0.3148 0.2009
vn -0.1749 -0.8567 0.4852
vn 0.4791 -0.8463 0.2330
vn 0.4380 -0.8895 0.1299
vn -0.2111 -0.8956 0.3915
vn 0.9286 -0.3086 -0.2063
vn 0.8132 0.3293 -0.4799
vn 0.8032 0.3213 -0.5016
vn 0.8997 -0.3379 -0.2762
vn 0.1712 0.8522 -0.4944
vn -0.4822 0.8422 -0.2412
vn -0.4690 0.8584 -0.2076
vn 0.1797 0.8644 -0.4695
vn -0.9327 0.3034 0.1952
vn -0.8179 -0.3349 0.4678
vn -0.8349 -0.3526 0.4226
vn -0.9311 0.3067 0.1974
vn -0.1700 -0.8487 0.5007
vn 0.4856 -0.8378 0.2494
vn 0.4858 -0.8375 0.2502
vn -0.1695 -0.8486 0.5012
vn 0.9333 -0.3018 -0.1946
vn 0.8150 0.3308 -0.4758
vn 0.8149 0.3309 -0.4758
vn 0.9334 -0.3019 -0.1942
vn 0.1700 0.8488 -0.5006
vn -0.4855 0.8380 -0.2491
vn -0.4852 0.8384 -0.2485
vn 0.1699 0.8492 -0.5000
vn -0.9333 0.3018 0.1946
vn -0.8150 -0.3308 0.4758
vn -0.8149 -0.3309 0.4759
vn -0.9332 0.3021 0.1947
vn -0.1700 -0.8488 0.5007
vn 0.4856 -0.8379 0.2492
vn 0.4856 -0.8379 0.2493
vn 0.9333 -0.3017 -0.1946
vn 0.1700 0.8488 -0.5007
vn -0.4856 0.8379 -0.2492
vn -0.4856 0.8379 -0.2493
vn -0.9333 0.3017 0.1946
vn -0.1700 -0.8488 0.5006
vn -0.1685 -0.8498 0.4994
vn 0.4854 -0.8400 0.2426
vn 0.4855 -0.8382 0.2483
vn -0.1699 -0.8489 0.5005
vn 0.9307 -0.3064 -0.1997
vn 0.8156 0.3281 -0.4766
vn 0.8150 0.3304 -0.4760
vn 0.9329 -0.3024 -0.1954
vn 0.1678 0.8489 -0.5012
vn -0.4898 0.8340 -0.2541
vn -0.4861 0.8374 -0.2499
vn 0.1698 0.8488 -0.5007
vn -0.9354 0.3001 0.1870
vn -0.8167 -0.3295 0.4738
vn -0.8152 -0.3307 0.4756
vn -0.9336 0.3015 0.1936
vn -0.2116 -0.8895 0.4050
vn 0.3974 -0.9161 0.0537
vn 0.4761 -0.8545 0.2078
vn -0.1704 -0.8582 0.4843
vn 0.8333 -0.3922 -0.3896
vn 0.7628 0.2776 -0.5840
vn 0.8111 0.3155 -0.4925
vn 0.9163 -0.3267 -0.2317
vn 0.1796 0.8720 -0.4553
vn -0.4331 0.8943 -0.1121
vn -0.4905 0.8378 -0.2397
vn 0.1649 0.8530 -0.4951
vn -0.8681 0.3716 0.3291
vn -0.7941 -0.2941 0.5318
vn -0.8171 -0.3210 0.4789
vn -0.9301 0.3106 0.1961
vn -0.3592 -0.9022 0.2386
vn 0.1099 -0.9555 -0.2738
vn 0.2257 -0.9592 -0.1703
vn -0.2994 -0.9095 0.2885
vn 0.5315 -0.4390 -0.7244
vn 0.5843 0.2514 -0.7716
vn 0.6553 0.2463 -0.7141
vn 0.6510 -0.4427 -0.6166
vn 0.2440 0.9000 -0.3611
vn -0.2114 0.9616 0.1750
vn -0.2977 0.9509 0.0842
vn 0.2186 0.8930 -0.3934
vn -0.6372 0.4383 0.6339
vn -0.7051 -0.2618 0.6590
vn -0.7402 -0.2684 0.6164
vn -0.7262 0.4297 0.5367
vn -0.3830 -0.8923 0.2390
vn 0.0653 -0.9535 -0.2943
vn 0.0756 -0.9538 -0.2909
vn -0.3782 -0.8949 0.2369
vn 0.4953 -0.4254 -0.7574
vn 0.5636 0.2701 -0.7806
vn 0.5671 0.2647 -0.7800
vn 0.5030 -0.4294 -0.7501
vn 0.2483 0.9018 -0.3538
vn -0.1984 0.9632 0.1814
vn -0.1967 0.9629 0.1845
vn 0.2485 0.9014 -0.3546
vn -0.6285 0.4348 0.6450
vn -0.6985 -0.2610 0.6663
vn -0.6985 -0.2613 0.6662
vn -0.6255 0.4357 0.6472
vn -0.3838 -0.8919 0.2392
vn 0.0632 -0.9533 -0.2954
vn 0.0633 -0.9533 -0.2953
vn 0.4936 -0.4248 -0.7589
vn 0.5630 0.2709 -0.7808
vn 0.5629 0.2709 -0.7808
vn 0.4935 -0.4247 -0.7590
vn 0.2483 0.9018 -0.3537
vn -0.1987 0.9632 0.1809
vn -0.6290 0.4347 0.6445
vn -0.6985 -0.2610 0.6664
vn -0.6984 -0.2610 0.6664
vn 0.0632 -0.9533 -0.2953
vn -0.3837 -0.8919 0.2392
vn 0.4935 -0.4248 -0.7590
vn 0.2482 0.9018 -0.3536
vn -0.1988 0.9632 0.1809
vn -0.6291 0.4347 0.6445
vn -0.5508 -0.8338 0.0369
vn -0.1585 -0.8877 -0.4323
vn 0.0401 -0.9485 -0.3141
vn -0.4059 -0.8873 0.2192
vn 0.2684 -0.3634 -0.8921
vn 0.3293 0.2472 -0.9113
vn 0.5380 0.2721 -0.7978
vn 0.4687 -0.4220 -0.7760
vn 0.0172 0.8729 -0.4877
vn -0.3752 0.9268 -0.0185
vn -0.2213 0.9618 0.1610
vn 0.2246 0.9006 -0.3723
vn -0.8020 0.4025 0.4414
vn -0.8629 -0.2081 0.4606
vn -0.7193 -0.2588 0.6447
vn -0.6501 0.4353 0.6229
vn 0.2574 -0.9425 -0.2133
vn -0.3816 -0.9242 -0.0158
vn -0.3541 -0.9329 0.0657
vn 0.1777 -0.9827 -0.0517
vn -0.8674 -0.3933 0.3048
vn -0.8267 0.2998 0.4761
vn -0.8064 0.1698 0.5665
vn -0.8115 -0.4417 0.3825
vn -0.2272 0.9010 0.3695
vn 0.4015 0.9067 0.1294
vn 0.4206 0.8721 0.2501
vn -0.1870 0.8630 0.4693
vn 0.9256 0.3418 -0.1627
vn 0.8935 -0.3500 -0.2813
vn 0.9517 -0.2868 -0.1097
vn 0.9595 0.2776 -0.0474
vn 0.2999 -0.9334 -0.1968
vn -0.3616 -0.9318 0.0333
vn -0.3708 -0.9287 0.0047
vn 0.2875 -0.9332 -0.2157
vn -0.8621 -0.3641 0.3525
vn -0.8094 0.3104 0.4986
vn -0.8203 0.3163 0.4766
vn -0.8704 -0.3715 0.3231
vn -0.2279 0.8792 0.4185
vn 0.4296 0.8846 0.1814
vn 0.4175 0.8965 0.1482
vn -0.2320 0.8929 0.3859
vn 0.9406 0.3149 -0.1267
vn 0.8918 -0.3663 -0.2657
vn 0.8877 -0.3619 -0.2847
vn 0.9321 0.3290 -0.1516
vn 0.3168 -0.9466 -0.0605
vn -0.3973 -0.9177 0.0065
vn -0.3712 -0.9277 0.0389
vn 0.3067 -0.9355 -0.1752
vn -0.9416 -0.3015 0.1501
vn -0.8966 0.3672 0.2476
vn -0.8159 0.3117 0.4870
vn -0.8716 -0.3468 0.3464
vn -0.3034 0.9146 0.2673
vn 0.4092 0.8914 0.1948
vn 0.4243 0.8852 0.1907
vn -0.2471 0.8754 0.4155
vn 0.9595 0.2750 0.0612
vn 0.9163 -0.3993 -0.0307
vn 0.8998 -0.3727 -0.2270
vn 0.9478 0.3041 -0.0962
vn 0.2369 -0.9499 0.2038
vn -0.4089 -0.9063 -0.1064
vn -0.4121 -0.9088 -0.0656
vn 0.2853 -0.9509 0.1199
vn -0.8798 -0.2691 -0.3917
vn -0.8134 0.4139 -0.4087
vn -0.8862 0.4153 -0.2053
vn -0.9390 -0.2639 -0.2206
vn -0.2574 0.9548 -0.1489
vn 0.3835 0.9062 0.1781
vn 0.3928 0.9002 0.1881
vn -0.3038 0.9526 -0.0153
vn 0.8601 0.2682 0.4340
vn 0.8003 -0.4121 0.4356
vn 0.8658 -0.4157 0.2785
vn 0.9155 0.2557 0.3106
vn 0.2090 -0.9534 0.2175
vn -0.4085 -0.9056 -0.1141
vn -0.4080 -0.9059 -0.1137
vn 0.2154 -0.9523 0.2160
vn -0.8691 -0.2829 -0.4057
vn -0.8054 0.4153 -0.4228
vn -0.8020 0.4143 -0.4303
vn -0.8677 -0.2799 -0.4108
vn -0.2397 0.9577 -0.1591
vn 0.3770 0.9098 0.1737
vn 0.3788 0.9089 0.1744
vn -0.2413 0.9567 -0.1629
vn 0.8386 0.2869 0.4631
vn 0.7755 -0.4113 0.4790
vn 0.7808 -0.4113 0.4704
vn 0.8429 0.2819 0.4582
vn 0.2080 -0.9536 0.2179
vn -0.4085 -0.9056 -0.1142
vn 0.2079 -0.9535 0.2180
vn -0.8694 -0.2833 -0.4047
vn -0.8061 0.4155 -0.4213
vn -0.2396 0.9578 -0.1584
vn 0.3767 0.9099 0.1736
vn -0.2396 0.9579 -0.1584
vn 0.8377 0.2876 0.4642
vn 0.7744 -0.4112 0.4809
vn 0.7744 -0.4112 0.4808
vn 0.2079 -0.9536 0.2179
vn -0.8061 0.4155 -0.4214
vn -0.2396 0.9578 -0.1585
vn 0.3768 0.9099 0.1737
vn 0.3768 0.9099 0.1736
vn 0.2079 -0.9536 0.2180
vn -0.8694 -0.2833 -0.4048
vn -0.2397 0.9578 -0.1585
vn -0.2397 0.9578 -0.1584
vn 0.2080 -0.9535 0.2179
vn -0.8695 -0.2833 -0.4047
vn 0.8377 0.2876 0.4643
vn -0.4086 -0.9056 -0.1141
vn 0.2080 -0.9535 0.2180
vn -0.4086 -0.9056 -0.1142
vn -0.2398 0.9578 -0.1585
vn 0.0495 -0.8979 0.4375
vn -0.4983 -0.8552 0.1424
vn -0.4230 -0.9020 -0.0867
vn 0.1934 -0.9499 0.2454
vn -0.9617 -0.2296 -0.1498
vn -0.9054 0.3913 -0.1645
vn -0.8193 0.4174 -0.3931
vn -0.8826 -0.2814 -0.3765
vn -0.3359 0.9366 0.0998
vn 0.2119 0.8939 0.3949
vn 0.3620 0.9102 0.2012
vn -0.2544 0.9582 -0.1309
vn 0.6752 0.2684 0.6870
vn 0.6191 -0.3526 0.7018
vn 0.7583 -0.4091 0.5076
vn 0.8216 0.2897 0.4910
vn 0.2036 -0.9150 -0.3483
vn -0.4211 -0.9015 -0.0998
vn -0.4077 -0.9131 0.0001
vn 0.1308 -0.9637 -0.2327
vn -0.8714 -0.3681 0.3242
vn -0.7728 0.3062 0.5559
vn -0.7053 0.2481 0.6641
vn -0.8052 -0.3930 0.4441
vn -0.1468 0.8586 0.4913
vn 0.4621 0.8492 0.2556
vn 0.4664 0.7963 0.3851
vn -0.0539 0.8167 0.5746
vn 0.9552 0.2743 -0.1107
vn 0.8450 -0.4036 -0.3509
vn 0.8461 -0.4930 -0.2027
vn 0.9833 0.1726 0.0572
vn 0.2579 -0.9200 -0.2951
vn -0.3950 -0.9179 -0.0372
vn -0.4067 -0.9104 -0.0755
vn 0.2410 -0.9138 -0.3270
vn -0.8562 -0.3712 0.3593
vn -0.7752 0.2783 0.5671
vn -0.7835 0.2980 0.5453
vn -0.8715 -0.3661 0.3262
vn -0.1777 0.8343 0.5219
vn 0.4747 0.8390 0.2658
vn 0.4687 0.8472 0.2500
vn -0.1721 0.8494 0.4989
vn 0.9521 0.2846 -0.1118
vn 0.8707 -0.3722 -0.3215
vn 0.8597 -0.3749 -0.3470
vn 0.9486 0.2901 -0.1261
vn 0.2579 -0.9486 -0.1835
vn -0.4703 -0.8712 -0.1407
vn -0.4152 -0.9092 -0.0300
vn 0.2615 -0.9252 -0.2752
vn -0.9644 -0.2534 0.0759
vn -0.8880 0.3717 0.2708
vn -0.7862 0.2678 0.5569
vn -0.8634 -0.3546 0.3589
vn -0.2598 0.8773 0.4036
vn 0.4690 0.8057 0.3619
vn 0.4754 0.8336 0.2814
vn -0.2031 0.8286 0.5217
vn 0.9698 0.1818 0.1626
vn 0.8929 -0.4490 -0.0335
vn 0.8830 -0.3819 -0.2729
vn 0.9620 0.2641 -0.0690
vn 0.1486 -0.9888 -0.0132
vn -0.4055 -0.7921 -0.4563
vn -0.4572 -0.8112 -0.3646
vn 0.2045 -0.9775 -0.0524
vn -0.7501 -0.0607 -0.6586
vn -0.6693 0.5760 -0.4693
vn -0.8013 0.5292 -0.2790
vn -0.8792 -0.0958 -0.4666
vn -0.1841 0.9804 0.0701
vn 0.3681 0.7758 0.5126
vn 0.4179 0.7738 0.4760
vn -0.2415 0.9561 0.1663
vn 0.7408 0.0578 0.6692
vn 0.6613 -0.5772 0.4790
vn 0.7774 -0.5374 0.3269
vn 0.8537 0.0807 0.5144
vn 0.1199 -0.9926 -0.0186
vn -0.3897 -0.7969 -0.4615
vn -0.3908 -0.7951 -0.4639
vn 0.1264 -0.9918 -0.0162
vn -0.7420 -0.0769 -0.6659
vn -0.6581 0.5901 -0.4676
vn -0.6518 0.5885 -0.4784
vn -0.7351 -0.0709 -0.6743
vn -0.1659 0.9838 0.0680
vn 0.3437 0.7879 0.5110
vn 0.3492 0.7846 0.5123
vn -0.1672 0.9838 0.0647
vn 0.6987 0.0684 0.7121
vn 0.6149 -0.5983 0.5137
vn 0.6260 -0.5929 0.5065
vn 0.7086 0.0650 0.7026
vn 0.1189 -0.9927 -0.0187
vn -0.3896 -0.7972 -0.4611
vn -0.3896 -0.7972 -0.4612
vn -0.7434 -0.0777 -0.6643
vn -0.6595 0.5902 -0.4656
vn -0.6594 0.5902 -0.4657
vn -0.1657 0.9838 0.0686
vn 0.3428 0.7883 0.5110
vn 0.6966 0.0688 0.7142
vn 0.6126 -0.5991 0.5155
vn 0.3427 0.7883 0.5110
vn 0.1188 -0.9927 -0.0187
vn -0.6595 0.5901 -0.4656
vn -0.1658 0.9838 0.0686
vn 0.3428 0.7882 0.5110
vn -0.3897 -0.7972 -0.4612
vn -0.6594 0.5902 -0.4656
vn 0.1189 -0.9927 -0.0188
vn -0.6595 0.5901 -0.4657
vn 0.1188 -0.9927 -0.0188
vn -0.3896 -0.7973 -0.4611
vn 0.3428 0.7882 0.5111
vn 0.3429 0.7882 0.5110
vn -0.1657 0.9838 0.0687
vn 0.6126 -0.5991 0.5156
vn -0.0790 -0.9852 0.1520
vn -0.5326 -0.8107 -0.2429
vn -0.4094 -0.7995 -0.4395
vn 0.0991 -0.9951 0.0029
vn -0.8901 -0.0840 -0.4480
vn -0.8151 0.5122 -0.2707
vn -0.6783 0.5860 -0.4434
vn -0.7622 -0.0819 -0.6421
vn -0.3165 0.9097 0.2688
vn 0.1375 0.7352 0.6638
vn 0.3227 0.7830 0.5318
vn -0.1859 0.9785 0.0894
vn 0.4948 0.0085 0.8689
vn 0.4199 -0.5877 0.6916
vn 0.5916 -0.6025 0.5358
vn 0.6755 0.0654 0.7344
vn -0.3531 -0.8455 0.4006
vn -0.4345 -0.8509 -0.2954
vn -0.4037 -0.8649 -0.2983
vn -0.3180 -0.8613 0.3962
vn -0.2591 -0.3243 -0.9098
vn 0.0355 0.3135 -0.9489
vn -0.0147 0.3337 -0.9426
vn -0.2668 -0.3226 -0.9082
vn 0.3492 0.8473 -0.4001
vn 0.4300 0.8529 0.2960
vn 0.3524 0.8848 0.3050
vn 0.2670 0.8811 -0.3903
vn 0.2517 0.3276 0.9107
vn -0.0423 -0.3105 0.9496
vn -0.0384 -0.3139 0.9487
vn 0.2133 0.3425 0.9150
vn -0.3605 -0.8417 0.4019
vn -0.4411 -0.8474 -0.2956
vn -0.4405 -0.8477 -0.2954
vn -0.3599 -0.8421 0.4017
vn -0.2577 -0.3243 -0.9102
vn 0.0430 0.3091 -0.9501
vn 0.0433 0.3092 -0.9500
vn -0.2577 -0.3244 -0.9101
vn 0.3607 0.8416 -0.4020
vn 0.4412 0.8473 0.2956
vn 0.4419 0.8471 0.2953
vn 0.3615 0.8413 -0.4019
vn 0.2577 0.3243 0.9102
vn -0.0429 -0.3091 0.9501
vn -0.0429 -0.3094 0.9500
vn 0.2578 0.3244 0.9101
vn -0.3606 -0.8416 0.4020
vn -0.4412 -0.8473 -0.2956
vn 0.3606 0.8416 -0.4020
vn -0.0430 -0.3091 0.9501
vn -0.3606 -0.8417 0.4019
vn -0.3607 -0.8416 0.4019
vn 0.4411 0.8473 0.2956
vn 0.4411 0.8474 0.2956
vn -0.3638 -0.8406 0.4014
vn -0.4442 -0.8461 -0.2944
vn -0.4416 -0.8472 -0.2955
vn -0.3611 -0.8415 0.4019
vn -0.2586 -0.3248 -0.9097
vn 0.0429 0.3100 -0.9498
vn 0.0429 0.3092 -0.9500
vn -0.2578 -0.3243 -0.9101
vn 0.3581 0.8433 -0.4008
vn 0.4383 0.8490 0.2951
vn 0.4408 0.8476 0.2956
vn 0.3603 0.8419 -0.4018
vn 0.2576 0.3253 0.9099
vn -0.0438 -0.3096 0.9498
vn -0.0431 -0.3091 0.9500
vn 0.2577 0.3244 0.9101
vn -0.2312 -0.8939 0.3841
vn -0.3088 -0.9002 -0.3070
vn -0.4282 -0.8544 -0.2943
vn -0.3485 -0.8488 0.3976
vn -0.2163 -0.3452 -0.9133
vn -0.0254 0.3366 -0.9413
vn 0.0331 0.3164 -0.9481
vn -0.2536 -0.3295 -0.9095
vn 0.1962 0.9038 -0.3804
vn 0.2736 0.9102 0.3110
vn 0.4111 0.8620 0.2965
vn 0.3316 0.8562 -0.3961
vn 0.1831 0.3544 0.9170
vn -0.0078 -0.3275 0.9448
vn -0.0397 -0.3138 0.9487
vn 0.2466 0.3322 0.9104
vn -0.6668 -0.4420 0.6001
vn -0.8870 -0.3722 0.2734
vn -0.5482 -0.8044 -0.2287
vn -0.1651 -0.9259 0.3398
vn -0.9974 0.0657 -0.0297
vn -0.8920 0.4517 -0.0183
vn -0.5311 0.5256 -0.6646
vn -0.7144 -0.1457 -0.6844
vn -0.5791 0.7553 0.3067
vn -0.3588 0.6856 0.6335
vn 0.3229 0.8612 0.3927
vn -0.0603 0.9826 -0.1757
vn -0.2484 0.2476 0.9365
vn -0.3538 -0.1383 0.9251
vn 0.3056 -0.4689 0.8287
vn 0.4889 0.2024 0.8486
vn -0.0896 -0.9540 0.2862
vn -0.4758 -0.8316 -0.2866
vn -0.4757 -0.8316 -0.2867
vn -0.0895 -0.9540 0.2862
vn -0.6434 -0.1659 -0.7473
vn -0.4588 0.5105 -0.7272
vn -0.4587 0.5106 -0.7273
vn 0.0171 0.9723 -0.2333
vn 0.4031 0.8499 0.3395
vn 0.4030 0.8499 0.3395
vn 0.0169 0.9723 -0.2333
vn 0.5709 0.1842 0.8001
vn 0.3862 -0.4923 0.7801
vn 0.3861 -0.4923 0.7801
vn -0.0894 -0.9540 0.2861
vn -0.4756 -0.8316 -0.2867
vn -0.4756 -0.8317 -0.2866
vn -0.0895 -0.9540 0.2861
vn -0.6435 -0.1659 -0.7473
vn -0.4588 0.5105 -0.7273
vn 0.0170 0.9723 -0.2333
vn 0.4031 0.8499 0.3394
vn -0.0896 -0.9540 0.2861
vn -0.4756 -0.8317 -0.2867
vn -0.4757 -0.8316 -0.2866
vn -0.4587 0.5105 -0.7273
vn -0.4756 -0.8316 -0.2866
vn -0.0892 -0.9541 0.2860
vn -0.4755 -0.8317 -0.2866
vn -0.4749 -0.8321 -0.2864
vn -0.0875 -0.9545 0.2852
vn -0.6434 -0.1657 -0.7474
vn -0.4582 0.5107 -0.7275
vn -0.4552 0.5120 -0.7285
vn -0.6431 -0.1642 -0.7480
vn 0.0174 0.9721 -0.2338
vn 0.4032 0.8500 0.3391
vn 0.4036 0.8509 0.3363
vn 0.0201 0.9714 -0.2367
vn 0.5709 0.1843 0.8001
vn 0.3863 -0.4924 0.7800
vn 0.3868 -0.4933 0.7791
vn 0.5708 0.1848 0.8000
vn -0.0958 -0.9515 0.2923
vn -0.4803 -0.8310 -0.2807
vn -0.5233 -0.8144 -0.2508
vn -0.1690 -0.9244 0.3421
vn -0.6391 -0.1610 -0.7521
vn -0.4388 0.5131 -0.7377
vn -0.3664 0.4937 -0.7887
vn -0.6163 -0.1649 -0.7700
vn 0.0369 0.9672 -0.2514
vn 0.4122 0.8515 0.3241
vn 0.4697 0.8366 0.2818
vn 0.1239 0.9415 -0.3134
vn 0.5694 0.1866 0.8006
vn 0.3781 -0.4930 0.7836
vn 0.3192 -0.4724 0.8216
vn 0.5609 0.1920 0.8053
vn -0.3227 -0.8422 0.4319
vn -0.6120 -0.7653 -0.1994
vn -0.6722 -0.7202 -0.1715
vn -0.4267 -0.7653 0.4819
vn -0.5702 -0.1873 -0.7999
vn -0.2274 0.4244 -0.8765
vn -0.1319 0.3562 -0.9251
vn -0.5381 -0.2095 -0.8165
vn 0.2941 0.8603 -0.4165
vn 0.5854 0.7819 0.2141
vn 0.6638 0.7269 0.1758
vn 0.4101 0.7790 -0.4743
vn 0.5444 0.2030 0.8139
vn 0.1996 -0.4072 0.8913
vn 0.1192 -0.3466 0.9304
vn 0.5339 0.2125 0.8184
vn -0.4404 -0.7547 0.4864
vn -0.6812 -0.7118 -0.1710
vn -0.6804 -0.7123 -0.1727
vn -0.4380 -0.7571 0.4848
vn -0.5330 -0.2149 -0.8184
vn -0.1149 0.3384 -0.9340
vn -0.1141 0.3361 -0.9349
vn -0.5331 -0.2154 -0.8182
vn 0.4344 0.7598 -0.4838
vn 0.6790 0.7137 0.1720
vn 0.6801 0.7125 0.1728
vn 0.4371 0.7578 -0.4844
vn 0.5328 0.2151 0.8185
vn 0.1109 -0.3351 0.9356
vn 0.1135 -0.3356 0.9351
vn 0.5331 0.2154 0.8182
vn -0.4375 -0.7576 0.4844
vn -0.6799 -0.7126 -0.1730
vn -0.6781 -0.7142 -0.1738
vn -0.4369 -0.7587 0.4832
vn -0.5330 -0.2156 -0.8182
vn -0.1139 0.3358 -0.9350
vn -0.5326 -0.2170 -0.8181
vn 0.4378 0.7573 -0.4845
vn 0.6805 0.7121 0.1727
vn 0.6825 0.7104 0.1719
vn 0.4394 0.7566 -0.4842
vn 0.5333 0.2154 0.8180
vn 0.1139 -0.3358 0.9350
vn 0.5345 0.2154 0.8172
vn -0.4334 -0.7635 0.4789
vn -0.6704 -0.7206 -0.1770
vn -0.6339 -0.7493 -0.1916
vn -0.4101 -0.7841 0.4658
vn -0.5299 -0.2224 -0.8184
vn -0.1153 0.3369 -0.9345
vn -0.1265 0.3436 -0.9306
vn -0.5117 -0.2409 -0.8247
vn 0.4376 0.7601 -0.4804
vn 0.6796 0.7129 0.1730
vn 0.6319 0.7508 0.1924
vn 0.3988 0.7919 -0.4624
vn 0.5326 0.2203 0.8172
vn 0.1126 -0.3349 0.9355
vn 0.1026 -0.3293 0.9386
vn 0.4978 0.2498 0.8305
vn -0.7137 -0.6623 0.2279
vn -0.5849 -0.6670 -0.4615
vn -0.5999 -0.6527 -0.4627
vn -0.7177 -0.6578 0.2284
vn -0.0986 -0.2308 -0.9680
vn 0.3555 0.2974 -0.8861
vn 0.3364 0.3143 -0.8877
vn -0.1205 -0.2108 -0.9701
vn 0.6259 0.7410 -0.2432
vn 0.4966 0.7447 0.4458
vn 0.5001 0.7413 0.4477
vn 0.6184 0.7474 -0.2430
vn 0.0111 0.3085 0.9512
vn -0.4425 -0.2187 0.8697
vn -0.4350 -0.2248 0.8719
vn 0.0214 0.2994 0.9539
vn -0.7131 -0.6633 0.2269
vn -0.5818 -0.6697 -0.4616
vn -0.5819 -0.6696 -0.4615
vn -0.7131 -0.6632 0.2272
vn -0.0944 -0.2346 -0.9675
vn 0.3590 0.2938 -0.8859
vn 0.3590 0.2940 -0.8858
vn -0.0945 -0.2345 -0.9675
vn 0.6274 0.7395 -0.2440
vn 0.4959 0.7459 0.4446
vn 0.4960 0.7457 0.4449
vn 0.6273 0.7397 -0.2437
vn 0.0086 0.3108 0.9504
vn -0.4448 -0.2176 0.8688
vn -0.4444 -0.2177 0.8690
vn 0.0089 0.3105 0.9505
vn -0.5817 -0.6697 -0.4617
vn -0.0943 -0.2347 -0.9675
vn 0.3591 0.2938 -0.8859
vn 0.6273 0.7395 -0.2440
vn 0.0085 0.3109 0.9504
vn -0.4449 -0.2176 0.8688
vn -0.7132 -0.6633 0.2269
vn -0.0943 -0.2346 -0.9675
vn 0.4959 0.7460 0.4446
vn -0.4448 -0.2175 0.8688
vn -0.4449 -0.2175 0.8688
vn -0.5816 -0.6697 -0.4617
vn 0.6273 0.7396 -0.2440
vn 0.3591 0.2938 -0.8858
vn 0.4959 0.7459 0.4447
vn 0.4958 0.7460 0.4446
vn 0.6274 0.7395 -0.2441
vn -0.8826 -0.4457 0.1495
vn -0.7670 -0.4513 -0.4561
vn -0.6042 -0.6466 -0.4657
vn -0.7355 -0.6402 0.2220
vn -0.2823 -0.0186 -0.9591
vn 0.1165 0.4462 -0.8873
vn 0.3344 0.3148 -0.8883
vn -0.1185 -0.2130 -0.9698
vn 0.3832 0.8895 -0.2490
vn 0.2677 0.8951 0.3566
vn 0.4704 0.7654 0.4392
vn 0.6017 0.7590 -0.2486
vn -0.2170 0.4624 0.8597
vn -0.6158 -0.0024 0.7879
vn -0.4681 -0.1960 0.8617
vn -0.0152 0.3319 0.9432
vn -0.7105 -0.6661 0.2270
vn -0.6226 -0.6325 -0.4609
vn -0.5237 -0.7210 -0.4538
vn -0.6247 -0.7444 0.2359
vn -0.1782 -0.1675 -0.9696
vn 0.2759 0.3620 -0.8904
vn 0.3013 0.3394 -0.8911
vn -0.1054 -0.2310 -0.9672
vn 0.5876 0.7722 -0.2416
vn 0.5029 0.7368 0.4518
vn 0.4584 0.7686 0.4462
vn 0.5579 0.7928 -0.2454
vn 0.0491 0.2718 0.9611
vn -0.4083 -0.2561 0.8762
vn -0.3719 -0.2907 0.8816
vn 0.0363 0.2790 0.9596
vn -0.7299 -0.6435 0.2307
vn -0.6467 -0.6066 -0.4624
vn -0.6433 -0.6105 -0.4620
vn -0.7276 -0.6466 0.2291
vn -0.1902 -0.1463 -0.9708
vn 0.2749 0.3693 -0.8877
vn 0.2737 0.3684 -0.8885
vn -0.1899 -0.1497 -0.9703
vn 0.5937 0.7678 -0.2406
vn 0.5109 0.7308 0.4528
vn 0.5109 0.7307 0.4528
vn 0.5934 0.7680 -0.2408
vn 0.0537 0.2706 0.9612
vn -0.4117 -0.2447 0.8779
vn -0.4126 -0.2463 0.8770
vn 0.0528 0.2707 0.9612
vn -0.7303 -0.6430 0.2306
vn -0.6475 -0.6055 -0.4627
vn -0.6474 -0.6058 -0.4625
vn -0.7303 -0.6429 0.2309
vn -0.1909 -0.1452 -0.9708
vn 0.2745 0.3696 -0.8877
vn 0.2750 0.3694 -0.8876
vn -0.1905 -0.1456 -0.9708
vn 0.5937 0.7678 -0.2409
vn 0.5112 0.7307 0.4526
vn 0.5109 0.7308 0.4527
vn 0.5938 0.7678 -0.2406
vn 0.0542 0.2704 0.9612
vn -0.4114 -0.2448 0.8779
vn -0.4115 -0.2445 0.8780
vn 0.0539 0.2706 0.9612
vn -0.7248 -0.6498 0.2289
vn -0.6269 -0.6260 -0.4639
vn -0.6447 -0.6080 -0.4634
vn -0.7296 -0.6442 0.2298
vn -0.1605 -0.1737 -0.9716
vn 0.3011 0.3453 -0.8889
vn 0.2777 0.3662 -0.8882
vn -0.1870 -0.1488 -0.9710
vn 0.6045 0.7588 -0.2427
vn 0.5067 0.7353 0.4502
vn 0.5109 0.7313 0.4519
vn 0.5951 0.7664 -0.2417
vn 0.0401 0.2829 0.9583
vn -0.4216 -0.2364 0.8754
vn -0.4128 -0.2440 0.8775
vn 0.0525 0.2720 0.9609
vn -0.2263 -0.9055 0.3589
vn -0.2875 -0.9029 -0.3194
vn -0.4007 -0.8638 -0.3054
vn -0.3867 -0.8768 0.2857
vn -0.2600 -0.3530 -0.8988
vn -0.1331 0.3487 -0.9277
vn -0.3014 0.3101 -0.9016
vn -0.3929 -0.3551 -0.8483
vn 0.0847 0.9320 -0.3524
vn 0.1731 0.9323 0.3177
vn 0.0073 0.9565 0.2917
vn -0.0587 0.9521 -0.3002
vn 0.1009 0.3657 0.9252
vn -0.0528 -0.3231 0.9449
vn -0.2652 -0.2693 0.9258
vn -0.1201 0.3731 0.9200
vn -0.2255 -0.8953 0.3841
vn -0.3203 -0.8956 -0.3086
vn -0.2977 -0.9016 -0.3139
vn -0.2138 -0.9005 0.3786
vn -0.2842 -0.3255 -0.9018
vn -0.1443 0.3603 -0.9216
vn -0.1278 0.3568 -0.9254
vn -0.2638 -0.3357 -0.9043
vn 0.0548 0.9312 -0.3604
vn 0.1514 0.9311 0.3318
vn 0.1725 0.9290 0.3275
vn 0.0776 0.9292 -0.3612
vn 0.1127 0.3608 0.9258
vn -0.0289 -0.3242 0.9456
vn -0.0243 -0.3265 0.9449
vn 0.1226 0.3608 0.9245
vn -0.2273 -0.8945 0.3849
vn -0.3242 -0.8945 -0.3079
vn -0.3245 -0.8944 -0.3077
vn -0.2277 -0.8944 0.3849
vn -0.2877 -0.3233 -0.9015
vn -0.1479 0.3619 -0.9204
vn -0.1475 0.3610 -0.9208
vn -0.2880 -0.3238 -0.9012
vn 0.0488 0.9319 -0.3595
vn 0.1457 0.9319 0.3321
vn 0.1471 0.9316 0.3324
vn 0.0503 0.9316 -0.3600
vn 0.1106 0.3618 0.9257
vn -0.0293 -0.3235 0.9458
vn -0.0297 -0.3238 0.9457
vn 0.1108 0.3610 0.9260
vn -0.2629 -0.8827 0.3895
vn -0.3553 -0.8839 -0.3042
vn -0.3281 -0.8932 -0.3076
vn -0.2318 -0.8931 0.3856
vn -0.2789 -0.3210 -0.9051
vn -0.0960 0.3567 -0.9293
vn -0.1413 0.3633 -0.9209
vn -0.2860 -0.3219 -0.9025
vn 0.1320 0.9191 -0.3713
vn 0.2246 0.9203 0.3202
vn 0.1542 0.9314 0.3296
vn 0.0578 0.9311 -0.3601
vn 0.1509 0.3592 0.9210
vn -0.0322 -0.3187 0.9473
vn -0.0290 -0.3221 0.9463
vn 0.1158 0.3634 0.9244
vn -0.2091 -0.9332 0.2922
vn 0.1018 -0.9375 -0.3329
vn -0.1102 -0.9007 -0.4203
vn -0.3604 -0.9050 0.2259
vn 0.3651 -0.3622 -0.8576
vn 0.3731 0.3435 -0.8619
vn 0.3249 0.3529 -0.8774
vn 0.2029 -0.3366 -0.9195
vn 0.1192 0.9348 -0.3347
vn -0.1881 0.9382 0.2905
vn -0.0683 0.9350 0.3480
vn 0.1964 0.9338 -0.2991
vn -0.4535 0.3648 0.8132
vn -0.4651 -0.3400 0.8174
vn -0.4808 -0.3324 0.8113
vn -0.3734 0.3617 0.8543
vn -0.3747 -0.8991 0.2263
vn -0.1230 -0.8973 -0.4239
vn -0.1178 -0.8991 -0.4217
vn -0.3725 -0.8992 0.2295
vn 0.1923 -0.3279 -0.9249
vn 0.3186 0.3586 -0.8774
vn 0.3188 0.3602 -0.8767
vn 0.1965 -0.3268 -0.9244
vn 0.2081 0.9328 -0.2942
vn -0.0479 0.9329 0.3568
vn -0.0473 0.9329 0.3570
vn 0.2079 0.9329 -0.2942
vn -0.3612 0.3603 0.8601
vn -0.4831 -0.3281 0.8118
vn -0.4832 -0.3269 0.8122
vn -0.3613 0.3603 0.8600
vn -0.3712 -0.8992 0.2315
vn -0.1175 -0.9003 -0.4191
vn -0.1219 -0.9071 -0.4028
vn -0.3677 -0.8980 0.2416
vn 0.1978 -0.3283 -0.9236
vn 0.3239 0.3596 -0.8751
vn 0.3480 0.3564 -0.8671
vn 0.2008 -0.3387 -0.9192
vn 0.2164 0.9315 -0.2924
vn -0.0411 0.9332 0.3571
vn -0.0101 0.9362 0.3514
vn 0.2574 0.9226 -0.2872
vn -0.3602 0.3612 0.8601
vn -0.4829 -0.3267 0.8124
vn -0.4818 -0.3266 0.8131
vn -0.3546 0.3675 0.8598
vn -0.3818 -0.8885 0.2546
vn -0.1607 -0.9200 -0.3574
vn -0.3294 -0.9070 -0.2623
vn -0.4766 -0.8496 0.2260
vn 0.1852 -0.3511 -0.9178
vn 0.3608 0.3427 -0.8674
vn 0.2310 0.2393 -0.9431
vn 0.0866 -0.2694 -0.9591
vn 0.2909 0.9089 -0.2987
vn 0.0196 0.9512 0.3080
vn -0.0702 0.9791 0.1910
vn 0.1744 0.9262 -0.3343
vn -0.3671 0.3842 0.8471
vn -0.4998 -0.3146 0.8070
vn -0.6062 -0.2308 0.7611
vn -0.4909 0.3803 0.7838
vn -0.3922 -0.8663 0.3094
vn -0.3367 -0.8719 -0.3557
vn -0.4739 -0.8375 -0.2719
vn -0.4985 -0.8127 0.3017
vn -0.1549 -0.3111 -0.9377
vn 0.0296 0.3784 -0.9252
vn -0.1804 0.3767 -0.9086
vn -0.3435 -0.2729 -0.8986
vn 0.1505 0.9381 -0.3119
vn 0.0727 0.9383 0.3380
vn -0.0468 0.9503 0.3077
vn 0.0049 0.9613 -0.2754
vn -0.1812 0.3666 0.9126
vn -0.3426 -0.3312 0.8792
vn -0.4705 -0.3183 0.8230
vn -0.3349 0.3268 0.8837
vn -0.3658 -0.8779 0.3090
vn -0.2918 -0.8767 -0.3823
vn -0.3201 -0.8679 -0.3798
vn -0.3919 -0.8677 0.3059
vn -0.0991 -0.3104 -0.9454
vn 0.0600 0.3695 -0.9273
vn 0.0550 0.3736 -0.9260
vn -0.1209 -0.3070 -0.9440
vn 0.1316 0.9337 -0.3329
vn 0.0558 0.9316 0.3593
vn 0.0628 0.9337 0.3526
vn 0.1453 0.9335 -0.3279
vn -0.1416 0.3633 0.9209
vn -0.2989 -0.3162 0.9004
vn -0.3284 -0.3142 0.8907
vn -0.1633 0.3701 0.9145
vn -0.2126 -0.9118 0.3513
vn -0.1877 -0.9193 -0.3459
vn -0.1747 -0.9235 -0.3415
vn -0.1398 -0.9241 0.3556
vn -0.0922 -0.3449 -0.9341
vn -0.0041 0.3510 -0.9364
vn -0.1732 0.3539 -0.9191
vn -0.1888 -0.3403 -0.9212
vn 0.0437 0.9337 -0.3553
vn 0.0130 0.9383 0.3455
vn -0.0863 0.9333 0.3487
vn -0.1268 0.9302 -0.3444
vn -0.0828 0.3596 0.9294
vn -0.1652 -0.3333 0.9283
vn -0.0931 -0.3434 0.9346
vn -0.0718 0.3542 0.9324
vn -0.1294 -0.9258 0.3551
vn -0.1730 -0.9240 -0.3411
vn -0.1704 -0.9185 -0.3568
vn -0.1284 -0.9292 0.3465
vn -0.1979 -0.3436 -0.9180
vn -0.1864 0.3517 -0.9174
vn -0.1662 0.3553 -0.9199
vn -0.1837 -0.3433 -0.9211
vn -0.1368 0.9306 -0.3395
vn -0.0897 0.9307 0.3546
vn -0.0548 0.9295 0.3647
vn -0.1049 0.9373 -0.3323
vn -0.0625 0.3485 0.9352
vn -0.0767 -0.3472 0.9347
vn -0.0544 -0.3598 0.9315
vn -0.0318 0.3288 0.9439
vn -0.1531 -0.9419 0.2990
vn -0.1849 -0.8996 -0.3956
vn -0.2858 -0.8587 -0.4254
vn -0.3270 -0.9415 0.0816
vn -0.1918 -0.3374 -0.9216
vn -0.1709 0.3578 -0.9180
vn -0.3044 0.3152 -0.8989
vn -0.3174 -0.3343 -0.8874
vn -0.0945 0.9469 -0.3072
vn -0.0440 0.9231 0.3820
vn -0.1580 0.9051 0.3948
vn -0.1999 0.9499 -0.2403
vn -0.0312 0.2735 0.9614
vn -0.0605 -0.3890 0.9192
vn -0.1985 -0.4133 0.8887
vn -0.1760 0.1652 0.9704
vn -0.2910 -0.9108 0.2929
vn -0.1568 -0.9106 -0.3824
vn -0.1226 -0.9202 -0.3718
vn -0.2618 -0.9182 0.2973
vn 0.1595 -0.3806 -0.9109
vn 0.4139 0.2761 -0.8674
vn 0.4352 0.2628 -0.8611
vn 0.1877 -0.4018 -0.8963
vn 0.5140 0.8198 -0.2524
vn 0.3751 0.8244 0.4238
vn 0.3744 0.8300 0.4134
vn 0.5219 0.8153 -0.2506
vn 0.0427 0.2784 0.9595
vn -0.2038 -0.3796 0.9024
vn -0.1929 -0.3983 0.8967
vn 0.0342 0.2711 0.9619
vn -0.4662 -0.8459 0.2592
vn -0.3437 -0.8361 -0.4276
vn -0.2141 -0.8914 -0.3996
vn -0.3478 -0.8948 0.2800
vn 0.0260 -0.3153 -0.9486
vn 0.3492 0.3085 -0.8848
vn 0.3885 0.2886 -0.8751
vn 0.1190 -0.3599 -0.9254
vn 0.5117 0.8212 -0.2525
vn 0.3870 0.8129 0.4352
vn 0.3585 0.8295 0.4282
vn 0.4969 0.8294 -0.2555
vn 0.0194 0.2889 0.9572
vn -0.3017 -0.3363 0.8921
vn -0.2416 -0.3634 0.8998
vn 0.0228 0.2881 0.9573
vn -0.3391 -0.8312 0.4406
vn -0.5334 -0.8146 -0.2276
vn -0.4270 -0.8662 -0.2596
vn -0.2630 -0.8687 0.4197
vn -0.4557 -0.2787 -0.8454
vn -0.1618 0.3581 -0.9196
vn -0.1996 0.3661 -0.9089
vn -0.3961 -0.3078 -0.8651
vn 0.2535 0.8731 -0.4165
vn 0.4516 0.8557 0.2527
vn 0.2419 0.9217 0.3032
vn 0.0888 0.9238 -0.3725
vn 0.3693 0.3195 0.8727
vn 0.0716 -0.3166 0.9459
vn 0.0380 -0.3086 0.9504
vn 0.2238 0.3664 0.9031
vn -0.2506 -0.8739 0.4166
vn -0.4081 -0.8737 -0.2648
vn -0.4078 -0.8738 -0.2648
vn -0.2509 -0.8739 0.4165
vn -0.3871 -0.3120 -0.8676
vn -0.2063 0.3634 -0.9085
vn -0.2066 0.3621 -0.9090
vn -0.3876 -0.3121 -0.8674
vn 0.0716 0.9250 -0.3731
vn 0.2255 0.9248 0.3065
vn 0.2310 0.9237 0.3055
vn 0.0745 0.9238 -0.3757
vn 0.2086 0.3647 0.9075
vn 0.0313 -0.3108 0.9500
vn 0.0307 -0.3120 0.9496
vn 0.2113 0.3622 0.9078
vn -0.2471 -0.8753 0.4157
vn -0.4032 -0.8758 -0.2654
vn -0.3812 -0.8852 -0.2666
vn -0.2284 -0.8819 0.4123
vn -0.3827 -0.3137 -0.8690
vn -0.2016 0.3607 -0.9106
vn -0.1773 0.3550 -0.9179
vn -0.3593 -0.3209 -0.8763
vn 0.0800 0.9229 -0.3765
vn 0.2364 0.9226 0.3048
vn 0.2594 0.9170 0.3030
vn 0.1055 0.9202 -0.3771
vn 0.2139 0.3619 0.9074
vn 0.0322 -0.3131 0.9492
vn 0.0399 -0.3191 0.9469
vn 0.2257 0.3627 0.9042
vn -0.2208 -0.8824 0.4154
vn -0.3645 -0.8984 -0.2451
vn -0.4359 -0.8915 -0.1229
vn -0.3251 -0.8276 0.4577
vn -0.3546 -0.3292 -0.8752
vn -0.1679 0.3634 -0.9164
vn -0.2941 0.4543 -0.8409
vn -0.5008 -0.3319 -0.7994
vn 0.1304 0.9273 -0.3510
vn 0.2728 0.9099 0.3124
vn 0.1631 0.9138 0.3720
vn 0.0665 0.9756 -0.2093
vn 0.2150 0.3737 0.9023
vn 0.0215 -0.3211 0.9468
vn -0.1518 -0.2680 0.9514
vn 0.0420 0.4080 0.9120
vn 0.0192 -0.9336 0.3579
vn -0.0542 -0.9405 -0.3354
vn -0.1371 -0.9356 -0.3255
vn -0.0625 -0.9287 0.3656
vn -0.1348 -0.3616 -0.9225
vn -0.1502 0.3463 -0.9260
vn -0.1086 0.3496 -0.9306
vn -0.1619 -0.3586 -0.9194
vn -0.0962 0.9327 -0.3477
vn -0.0228 0.9395 0.3418
vn 0.0769 0.9407 0.3305
vn 0.0024 0.9339 -0.3575
vn 0.0470 0.3654 0.9297
vn 0.0625 -0.3424 0.9375
vn 0.0390 -0.3393 0.9399
vn 0.0922 0.3687 0.9250
vn 0.0296 -0.9329 0.3589
vn -0.0441 -0.9399 -0.3385
vn -0.0423 -0.9401 -0.3382
vn 0.0313 -0.9331 0.3582
vn -0.1301 -0.3618 -0.9232
vn -0.1589 0.3394 -0.9271
vn -0.1581 0.3413 -0.9266
vn -0.1301 -0.3617 -0.9232
vn -0.1210 0.9292 -0.3492
vn -0.0473 0.9363 0.3481
vn -0.0436 0.9370 0.3466
vn -0.1173 0.9300 -0.3484
vn 0.0378 0.3582 0.9329
vn 0.0666 -0.3429 0.9370
vn 0.0666 -0.3428 0.9371
vn 0.0386 0.3602 0.9321
vn 0.0293 -0.9329 0.3590
vn -0.0444 -0.9399 -0.3385
vn -0.0445 -0.9399 -0.3385
vn -0.1591 0.3391 -0.9272
vn -0.1301 -0.3618 -0.9231
vn -0.1218 0.9291 -0.3493
vn -0.0480 0.9361 0.3483
vn -0.0480 0.9362 0.3483
vn 0.0376 0.3580 0.9330
vn 0.0293 -0.9329 0.3591
vn 0.0293 -0.9328 0.3591
vn -0.0481 0.9361 0.3483
vn -0.1218 0.9291 -0.3492
vn -0.1217 0.9291 -0.3493
vn 0.0294 -0.9328 0.3591
vn -0.0445 -0.9399 -0.3384
vn -0.2314 -0.9087 0.3475
vn -0.2970 -0.9150 -0.2732
vn -0.0738 -0.9393 -0.3352
vn -0.0000 -0.9322 0.3620
vn -0.3832 -0.3331 -0.8615
vn -0.4090 0.2905 -0.8651
vn -0.1881 0.3378 -0.9222
vn -0.1592 -0.3627 -0.9182
vn -0.3714 0.8841 -0.2836
vn -0.3058 0.8904 0.3372
vn -0.0772 0.9331 0.3513
vn -0.1510 0.9260 -0.3460
vn -0.2196 0.3086 0.9255
vn -0.1938 -0.3150 0.9291
vn 0.0372 -0.3439 0.9383
vn 0.0082 0.3566 0.9342
vn -0.1430 -0.9341 0.3272
vn 0.1215 -0.9393 -0.3207
vn 0.3252 -0.9197 -0.2201
vn -0.0255 -0.9222 0.3858
vn 0.3327 -0.3808 -0.8627
vn 0.3293 0.3232 -0.8872
vn 0.4259 0.3336 -0.8410
vn 0.5287 -0.3589 -0.7692
vn 0.0882 0.9334 -0.3479
vn -0.1874 0.9372 0.2943
vn -0.3741 0.9072 0.1925
vn 0.0084 0.9190 -0.3942
vn -0.3967 0.3802 0.8355
vn -0.3823 -0.3226 0.8659
vn -0.4383 -0.3352 0.8340
vn -0.5725 0.3506 0.7412
vn -0.0085 -0.9147 0.4040
vn 0.3655 -0.9113 -0.1894
vn 0.3747 -0.9093 -0.1810
vn -0.0066 -0.9132 0.4073
vn 0.5690 -0.3430 -0.7474
vn 0.4401 0.3430 -0.8299
vn 0.4403 0.3453 -0.8288
vn 0.5772 -0.3391 -0.7428
vn 0.0046 0.9137 -0.4064
vn -0.3831 0.9063 0.1783
vn -0.3711 0.9103 0.1834
vn 0.0089 0.9139 -0.4059
vn -0.5851 0.3389 0.7368
vn -0.4425 -0.3435 0.8283
vn -0.4406 -0.3454 0.8286
vn -0.5762 0.3394 0.7435
vn -0.0085 -0.9153 0.4026
vn 0.3732 -0.9096 -0.1825
vn 0.3142 -0.9235 -0.2200
vn -0.0533 -0.9267 0.3720
vn 0.5747 -0.3428 -0.7432
vn 0.4384 0.3446 -0.8301
vn 0.4222 0.3421 -0.8394
vn 0.5269 -0.3561 -0.7717
vn 0.0133 0.9165 -0.3999
vn -0.3595 0.9134 0.1911
vn -0.3122 0.9239 0.2211
vn 0.0402 0.9246 -0.3787
vn -0.5685 0.3441 0.7473
vn -0.4413 -0.3451 0.8283
vn -0.4478 -0.3441 0.8253
vn -0.5371 0.3549 0.7652
vn -0.9183 -0.3475 0.1896
vn -0.9079 -0.3229 -0.2671
vn -0.4909 -0.7735 -0.4009
vn -0.5067 -0.8106 0.2934
vn -0.7257 0.1037 -0.6802
vn -0.5463 0.5238 -0.6536
vn 0.0216 0.4267 -0.9041
vn -0.2510 -0.2118 -0.9445
vn -0.3842 0.9036 -0.1896
vn -0.3946 0.8791 0.2672
vn 0.2194 0.8894 0.4010
vn 0.2351 0.9266 -0.2934
vn -0.5768 0.4524 0.6802
vn -0.7561 0.0324 0.6537
vn -0.2933 -0.3107 0.9041
vn -0.0205 0.3278 0.9445
vn -0.4431 -0.8464 0.2953
vn -0.4271 -0.8091 -0.4038
vn -0.1850 -0.2421 -0.9525
vn 0.0895 0.4008 -0.9118
vn -0.1850 -0.2421 -0.9524
vn 0.3050 0.9054 -0.2953
vn 0.2890 0.8680 0.4038
vn 0.2891 0.8680 0.4038
vn 0.3050 0.9054 -0.2954
vn 0.0470 0.3011 0.9524
vn -0.2276 -0.3419 0.9118
vn 0.0469 0.3011 0.9524
vn -0.4431 -0.8465 0.2953
vn -0.4271 -0.8090 -0.4037
vn -0.4271 -0.8090 -0.4038
vn -0.2276 -0.3418 0.9118
vn -0.4430 -0.8465 0.2954
vn -0.4426 -0.8470 0.2944
vn -0.4251 -0.8098 -0.4044
vn -0.4143 -0.8133 -0.4084
vn -0.4403 -0.8504 0.2881
vn -0.1834 -0.2436 -0.9524
vn 0.0896 0.3999 -0.9122
vn 0.0895 0.3939 -0.9148
vn -0.1760 -0.2524 -0.9515
vn 0.3051 0.9054 -0.2952
vn 0.2899 0.8676 0.4041
vn 0.2951 0.8648 0.4062
vn 0.3057 0.9055 -0.2943
vn 0.0479 0.3010 0.9524
vn -0.2275 -0.3418 0.9118
vn 0.0535 0.3014 0.9520
vn -0.4243 -0.8634 0.2732
vn -0.3748 -0.8279 -0.4173
vn -0.2076 -0.8883 -0.4096
vn -0.3327 -0.9027 0.2728
vn -0.1439 -0.2785 -0.9496
vn 0.0983 0.3757 -0.9215
vn 0.1717 0.3426 -0.9236
vn 0.0146 -0.3392 -0.9406
vn 0.2965 0.9093 -0.2920
vn 0.2812 0.8674 0.4106
vn 0.1346 0.9087 0.3950
vn 0.2279 0.9259 -0.3014
vn 0.0431 0.3120 0.9491
vn -0.2347 -0.3387 0.9111
vn -0.2840 -0.3272 0.9012
vn -0.0938 0.3548 0.9302
vn -0.1854 -0.9258 0.3293
vn -0.1384 -0.9182 -0.3713
vn -0.2066 -0.9031 -0.3763
vn -0.2664 -0.9085 0.3221
vn -0.0034 -0.3343 -0.9424
vn 0.1116 0.3583 -0.9269
vn 0.0886 0.3629 -0.9276
vn -0.0454 -0.3251 -0.9446
vn 0.1678 0.9288 -0.3305
vn 0.1202 0.9213 0.3699
vn 0.0902 0.9261 0.3663
vn 0.1501 0.9313 -0.3319
vn -0.0150 0.3376 0.9412
vn -0.1294 -0.3552 0.9258
vn -0.2049 -0.3399 0.9179
vn -0.0711 0.3483 0.9347
vn -0.1707 -0.9283 0.3302
vn -0.1257 -0.9203 -0.3705
vn -0.1256 -0.9203 -0.3705
vn -0.1705 -0.9284 0.3303
vn 0.0045 -0.3359 -0.9419
vn 0.1156 0.3574 -0.9268
vn 0.1157 0.3574 -0.9268
vn 0.0045 -0.3358 -0.9419
vn 0.1707 0.9283 -0.3302
vn 0.1257 0.9203 0.3705
vn 0.1709 0.9283 -0.3302
vn -0.0044 0.3359 0.9419
vn -0.1156 -0.3574 0.9268
vn -0.1155 -0.3574 0.9268
vn -0.0044 0.3358 0.9419
vn 0.0044 -0.3359 -0.9419
vn 0.1257 0.9203 0.3706
vn -0.0045 0.3359 0.9419
vn -0.1709 -0.9286 0.3295
vn -0.1291 -0.9191 -0.3723
vn -0.1262 -0.9201 -0.3707
vn -0.1707 -0.9284 0.3301
vn -0.0007 -0.3358 -0.9419
vn 0.1137 0.3561 -0.9275
vn 0.1153 0.3572 -0.9269
vn 0.0037 -0.3358 -0.9419
vn 0.1705 0.9286 -0.3295
vn 0.1221 0.9202 0.3718
vn 0.1252 0.9203 0.3707
vn 0.1707 0.9284 -0.3302
vn -0.0090 0.3373 0.9413
vn -0.1170 -0.3556 0.9273
vn -0.1158 -0.3572 0.9268
vn -0.0051 0.3361 0.9418
vn -0.1577 -0.9321 0.3262
vn -0.0128 -0.9315 -0.3634
vn -0.1163 -0.9196 -0.3754
vn -0.1694 -0.9295 0.3275
vn 0.1419 -0.3557 -0.9238
vn 0.1873 0.3413 -0.9211
vn 0.1220 0.3509 -0.9284
vn 0.0133 -0.3400 -0.9403
vn 0.1008 0.9351 -0.3397
vn -0.0481 0.9357 0.3496
vn 0.0931 0.9233 0.3726
vn 0.1599 0.9307 -0.3289
vn -0.2047 0.3593 0.9105
vn -0.2461 -0.3387 0.9081
vn -0.1374 -0.3494 0.9268
vn -0.0426 0.3439 0.9381
vn -0.1271 -0.9364 0.3270
vn 0.2138 -0.9324 -0.2914
vn 0.1396 -0.9363 -0.3224
vn -0.1389 -0.9347 0.3273
vn 0.4230 -0.3529 -0.8346
vn 0.3335 0.3408 -0.8790
vn 0.2846 0.3382 -0.8970
vn 0.3313 -0.3599 -0.8722
vn -0.0206 0.9195 -0.3925
vn -0.3460 0.9102 0.2276
vn -0.2487 0.9266 0.2821
vn 0.0171 0.9296 -0.3681
vn -0.5469 0.3367 0.7665
vn -0.4725 -0.3515 0.8082
vn -0.3995 -0.3388 0.8518
vn -0.4339 0.3544 0.8283
vn -0.1221 -0.9382 0.3239
vn 0.2237 -0.9322 -0.2846
vn 0.2247 -0.9319 -0.2846
vn -0.1232 -0.9377 0.3249
vn 0.4347 -0.3504 -0.8296
vn 0.3419 0.3417 -0.8754
vn 0.3418 0.3418 -0.8754
vn 0.4363 -0.3505 -0.8287
vn -0.0231 0.9136 -0.4059
vn -0.3676 0.9075 0.2032
vn -0.3643 0.9076 0.2087
vn -0.0241 0.9149 -0.4029
vn -0.5780 0.3261 0.7481
vn -0.4865 -0.3659 0.7934
vn -0.4850 -0.3620 0.7961
vn -0.5720 0.3286 0.7515
vn -0.1218 -0.9382 0.3238
vn 0.2236 -0.9322 -0.2847
vn 0.2235 -0.9322 -0.2846
vn -0.1219 -0.9382 0.3238
vn 0.4344 -0.3504 -0.8298
vn -0.0230 0.9134 -0.4064
vn -0.3684 0.9074 0.2022
vn -0.3685 0.9074 0.2022
vn -0.0230 0.9134 -0.4063
vn -0.5793 0.3256 0.7473
vn -0.4868 -0.3665 0.7929
vn 0.2235 -0.9322 -0.2847
vn -0.0229 0.9134 -0.4064
vn -0.3218 -0.9326 0.1633
vn -0.0168 -0.9273 -0.3739
vn 0.1983 -0.9337 -0.2982
vn -0.1464 -0.9397 0.3090
vn 0.1935 -0.3469 -0.9177
vn 0.1119 0.2641 -0.9580
vn 0.3161 0.3368 -0.8869
vn 0.4084 -0.3539 -0.8414
vn -0.2521 0.8344 -0.4901
vn -0.5572 0.8291 0.0471
vn -0.3923 0.9005 0.1878
vn -0.0475 0.9065 -0.4196
vn -0.7674 0.2487 0.5909
vn -0.6858 -0.3623 0.6312
vn -0.5101 -0.3700 0.7765
vn -0.6023 0.3207 0.7310
vn -0.9139 -0.3965 0.0870
vn -0.8594 -0.4061 -0.3108
vn -0.2927 -0.8815 -0.3705
vn -0.3871 -0.8650 0.3193
vn -0.7224 -0.0388 -0.6904
vn -0.6344 0.3530 -0.6877
vn 0.0654 0.3484 -0.9351
vn -0.0873 -0.3309 -0.9396
vn -0.6021 0.7386 -0.3030
vn -0.6566 0.7482 0.0948
vn 0.0190 0.9433 0.3314
vn 0.1138 0.9267 -0.3582
vn -0.7938 0.3809 0.4742
vn -0.8817 -0.0108 0.4718
vn -0.3389 -0.2867 0.8961
vn -0.1862 0.3926 0.9007
vn -0.2967 -0.8943 0.3350
vn -0.2015 -0.9110 -0.3598
vn -0.2966 -0.8943 0.3350
vn 0.0060 -0.3546 -0.9350
vn 0.1598 0.3298 -0.9304
vn 0.1598 0.3299 -0.9304
vn 0.0061 -0.3546 -0.9350
vn 0.2086 0.9142 -0.3475
vn 0.1135 0.9309 0.3473
vn 0.1134 0.9309 0.3473
vn 0.2087 0.9141 -0.3475
vn -0.0941 0.3744 0.9225
vn -0.2478 -0.3100 0.9179
vn -0.2479 -0.3100 0.9178
vn -0.2967 -0.8943 0.3349
vn -0.2014 -0.9110 -0.3599
vn -0.2015 -0.9110 -0.3599
vn 0.0061 -0.3545 -0.9350
vn 0.1599 0.3299 -0.9304
vn 0.2087 0.9141 -0.3476
vn 0.1135 0.9308 0.3474
vn 0.2087 0.9142 -0.3475
vn 0.1134 0.9308 0.3474
vn -0.2479 -0.3100 0.9179
vn -0.2965 -0.8943 0.3351
vn -0.2014 -0.9110 -0.3598
vn -0.2012 -0.9115 -0.3588
vn -0.2952 -0.8945 0.3359
vn 0.1602 0.3299 -0.9303
vn 0.0059 -0.3547 -0.9349
vn 0.1133 0.9308 0.3475
vn 0.2090 0.9141 -0.3476
vn -0.0941 0.3743 0.9225
vn -0.2477 -0.3102 0.9179
vn -0.2465 -0.3110 0.9179
vn -0.0939 0.3734 0.9229
vn -0.2909 -0.8950 0.3382
vn -0.2008 -0.9126 -0.3562
vn -0.1981 -0.9150 -0.3516
vn -0.2719 -0.8990 0.3433
vn 0.0029 -0.3546 -0.9350
vn 0.1561 0.3311 -0.9306
vn 0.1226 0.3373 -0.9334
vn -0.0180 -0.3520 -0.9358
vn 0.2049 0.9147 -0.3484
vn 0.1103 0.9311 0.3476
vn 0.0890 0.9338 0.3465
vn 0.1711 0.9203 -0.3519
vn -0.0937 0.3707 0.9240
vn -0.2424 -0.3137 0.9181
vn -0.2239 -0.3205 0.9204
vn -0.0916 0.3660 0.9261
vn 0.1465 -0.9360 -0.3201
vn -0.0162 -0.9315 0.3633
vn -0.0016 -0.9300 0.3675
vn 0.1808 -0.9332 -0.3106
vn -0.1898 -0.3440 0.9196
vn -0.2353 0.3564 0.9042
vn -0.2352 0.3561 0.9044
vn -0.1907 -0.3438 0.9195
vn -0.1374 0.9366 0.3223
vn 0.0252 0.9322 -0.3611
vn 0.0619 0.9343 -0.3510
vn -0.1205 0.9373 0.3271
vn 0.1982 0.3446 -0.9176
vn 0.2437 -0.3558 -0.9022
vn 0.2954 -0.3520 -0.8882
vn 0.2508 0.3481 -0.9033
vn 0.1404 -0.9365 -0.3215
vn -0.0187 -0.9318 0.3625
vn -0.0188 -0.9318 0.3626
vn -0.1893 -0.3441 0.9197
vn -0.2349 0.3565 0.9043
vn -0.2351 0.3565 0.9042
vn -0.1895 -0.3440 0.9196
vn -0.1404 0.9365 0.3214
vn 0.0187 0.9318 -0.3625
vn 0.0187 0.9318 -0.3626
vn -0.1404 0.9365 0.3215
vn 0.1893 0.3440 -0.9197
vn 0.2349 -0.3565 -0.9043
vn 0.2348 -0.3565 -0.9043
vn 0.1892 0.3440 -0.9197
vn 0.1404 -0.9365 -0.3214
vn -0.0186 -0.9318 0.3625
vn 0.1893 0.3441 -0.9197
vn -0.0188 -0.9318 0.3625
vn 0.1425 -0.9363 -0.3209
vn -0.0173 -0.9320 0.3622
vn -0.0185 -0.9318 0.3625
vn 0.1407 -0.9365 -0.3214
vn -0.2341 0.3572 0.9042
vn -0.2348 0.3566 0.9043
vn -0.1384 0.9366 0.3219
vn 0.0197 0.9321 -0.3617
vn 0.0189 0.9318 -0.3624
vn -0.1401 0.9365 0.3215
vn 0.2358 -0.3571 -0.9038
vn 0.2351 -0.3566 -0.9042
vn 0.0325 -0.9383 -0.3444
vn -0.0978 -0.9342 0.3430
vn -0.0281 -0.9332 0.3582
vn 0.1279 -0.9373 -0.3242
vn -0.1758 -0.3451 0.9220
vn -0.1379 0.3586 0.9233
vn -0.2180 0.3594 0.9074
vn -0.1872 -0.3442 0.9201
vn 0.0021 0.9364 0.3509
vn 0.1320 0.9324 -0.3365
vn 0.0383 0.9337 -0.3561
vn -0.1142 0.9380 0.3273
vn 0.2096 0.3433 -0.9156
vn 0.1720 -0.3605 -0.9168
vn 0.2269 -0.3592 -0.9053
vn 0.1925 0.3442 -0.9189
vn 0.8908 -0.3858 0.2401
vn 0.6679 -0.4026 0.6259
vn 0.2176 -0.8439 0.4904
vn 0.5651 -0.8176 -0.1106
vn 0.3312 -0.0119 0.9435
vn 0.2034 0.4118 0.8883
vn -0.4350 0.3431 0.8325
vn -0.2363 -0.3170 0.9185
vn 0.2952 0.8349 0.4646
vn 0.5182 0.8516 0.0788
vn 0.0358 0.9398 -0.3398
vn -0.3117 0.9136 0.2612
vn 0.8547 0.4610 -0.2387
vn 0.9823 0.0372 -0.1834
vn 0.6885 -0.2472 -0.6818
vn 0.4896 0.4129 -0.7680
vn 0.5065 -0.8493 -0.1489
vn 0.1566 -0.8756 0.4569
vn 0.1565 -0.8757 0.4569
vn 0.5066 -0.8492 -0.1489
vn -0.3020 -0.3434 0.8893
vn -0.5024 0.3218 0.8025
vn -0.5023 0.3218 0.8026
vn -0.3776 0.8981 0.2256
vn -0.0277 0.9245 -0.3802
vn -0.0276 0.9245 -0.3802
vn -0.3777 0.8980 0.2256
vn 0.4310 0.3922 -0.8127
vn 0.6313 -0.2729 -0.7259
vn 0.4309 0.3922 -0.8127
vn 0.1566 -0.8757 0.4568
vn -0.3777 0.8980 0.2255
vn 0.6313 -0.2729 -0.7260
vn -0.5024 0.3218 0.8026
vn -0.3776 0.8981 0.2255
vn -0.3777 0.8981 0.2255
vn 0.5059 -0.8496 -0.1494
vn 0.1564 -0.8759 0.4563
vn 0.1558 -0.8776 0.4533
vn 0.5025 -0.8511 -0.1519
vn -0.3019 -0.3436 0.8893
vn -0.3011 -0.3449 0.8890
vn -0.0275 0.9245 -0.3802
vn -0.3784 0.8978 0.2252
vn 0.4310 0.3920 -0.8127
vn 0.6309 -0.2734 -0.7261
vn 0.6289 -0.2766 -0.7266
vn 0.4319 0.3902 -0.8132
vn 0.4828 -0.8600 -0.1652
vn 0.1445 -0.8859 0.4407
vn 0.0734 -0.9139 0.3993
vn 0.3875 -0.8949 -0.2211
vn -0.3005 -0.3490 0.8877
vn -0.4944 0.3241 0.8066
vn -0.4454 0.3344 0.8306
vn -0.3067 -0.3558 0.8828
vn -0.3677 0.9008 0.2312
vn -0.0201 0.9264 -0.3760
vn 0.0262 0.9355 -0.3522
vn -0.2946 0.9170 0.2688
vn 0.4305 0.3845 -0.8166
vn 0.6148 -0.2877 -0.7343
vn 0.5423 -0.3154 -0.7788
vn 0.4104 0.3740 -0.8317
vn 0.2069 -0.9282 -0.3092
vn -0.0645 -0.9400 0.3350
vn -0.1559 -0.9415 0.2989
vn 0.0860 -0.9300 -0.3575
vn -0.3219 -0.3617 0.8750
vn -0.3536 0.3427 0.8703
vn -0.2956 0.3400 0.8928
vn -0.3325 -0.3638 0.8701
vn -0.1553 0.9308 0.3310
vn 0.1129 0.9428 -0.3136
vn 0.1686 0.9409 -0.2938
vn -0.0664 0.9288 0.3647
vn 0.3682 0.3653 -0.8550
vn 0.4030 -0.3393 -0.8500
vn 0.3095 -0.3403 -0.8879
vn 0.3393 0.3638 -0.8675
vn 0.0615 -0.9286 -0.3659
vn -0.1740 -0.9396 0.2946
vn -0.1754 -0.9392 0.2951
vn 0.0591 -0.9285 -0.3666
vn -0.3343 -0.3643 0.8692
vn -0.2886 0.3368 0.8962
vn -0.2902 0.3360 0.8960
vn -0.3343 -0.3644 0.8692
vn -0.0557 0.9282 0.3680
vn 0.1767 0.9394 -0.2937
vn 0.1758 0.9392 -0.2950
vn -0.0583 0.9284 0.3669
vn 0.3343 0.3643 -0.8692
vn 0.2918 -0.3370 -0.8951
vn 0.2906 -0.3360 -0.8959
vn 0.3343 0.3644 -0.8692
vn 0.0587 -0.9285 -0.3667
vn -0.1756 -0.9392 0.2951
vn -0.1756 -0.9392 0.2952
vn 0.0587 -0.9285 -0.3668
vn -0.3343 -0.3644 0.8691
vn -0.2904 0.3359 0.8960
vn -0.0586 0.9285 0.3668
vn 0.1756 0.9392 -0.2952
vn 0.1757 0.9392 -0.2952
vn 0.3343 0.3644 -0.8691
vn 0.2904 -0.3359 -0.8960
vn 0.2905 -0.3359 -0.8960
vn 0.3343 0.3645 -0.8691
vn 0.0586 -0.9285 -0.3668
vn -0.1757 -0.9392 0.2952
vn -0.3343 -0.3645 0.8691
vn -0.2905 0.3359 0.8960
vn -0.0587 0.9285 0.3668
vn -0.0587 0.9285 0.3667
vn 0.0586 -0.9285 -0.3667
vn -0.1757 -0.9392 0.2951
vn 0.1757 0.9392 -0.2951
vn 0.1756 0.9392 -0.2951
vn 0.0587 -0.9284 -0.3669
vn -0.1761 -0.9390 0.2953
vn -0.1797 -0.9378 0.2970
vn 0.0588 -0.9281 -0.3677
vn -0.3356 -0.3643 0.8687
vn -0.2914 0.3356 0.8958
vn -0.2977 0.3333 0.8946
vn -0.3439 -0.3628 0.8661
vn -0.0587 0.9284 0.3669
vn 0.1754 0.9391 -0.2956
vn 0.1737 0.9383 -0.2990
vn -0.0592 0.9281 0.3676
vn 0.3330 0.3645 -0.8696
vn 0.2896 -0.3355 -0.8964
vn 0.2848 -0.3326 -0.8990
vn 0.3257 0.3642 -0.8725
vn 0.0606 -0.9270 -0.3700
vn -0.1731 -0.9355 0.3081
vn -0.0704 -0.9391 0.3363
vn 0.0712 -0.9240 -0.3758
vn -0.3391 -0.3605 0.8689
vn -0.2915 0.3240 0.9000
vn -0.1546 0.3120 0.9374
vn -0.1865 -0.3675 0.9111
vn -0.0536 0.9268 0.3716
vn 0.1652 0.9363 -0.3100
vn 0.1170 0.9356 -0.3330
vn -0.0032 0.9253 0.3793
vn 0.2985 0.3640 -0.8823
vn 0.2651 -0.3237 -0.9082
vn 0.1738 -0.3112 -0.9343
vn 0.1848 0.3676 -0.9114
vn -0.0863 -0.9435 -0.3201
vn 0.4588 -0.8792 0.1280
vn 0.4351 -0.8855 0.1628
vn -0.0636 -0.9378 -0.3412
vn 0.8064 -0.2514 0.5353
vn 0.6936 0.4300 0.5779
vn 0.6258 0.4130 0.6616
vn 0.7410 -0.2664 0.6164
vn 0.1573 0.9572 0.2430
vn -0.3876 0.8986 -0.2056
vn -0.3718 0.9023 -0.2183
vn 0.1265 0.9498 0.2860
vn -0.7482 0.2682 -0.6069
vn -0.6358 -0.4182 -0.6488
vn -0.5750 -0.4028 -0.7121
vn -0.6898 0.2807 -0.6673
vn -0.0901 -0.9444 -0.3162
vn 0.4587 -0.8810 0.1160
vn 0.4597 -0.8802 0.1181
vn -0.0900 -0.9444 -0.3162
vn 0.8213 -0.2526 0.5115
vn 0.7083 0.4377 0.5538
vn 0.7061 0.4359 0.5580
vn 0.8189 -0.2517 0.5157
vn 0.1575 0.9607 0.2287
vn -0.3912 0.8975 -0.2036
vn -0.3908 0.8977 -0.2035
vn 0.1587 0.9599 0.2311
vn -0.7547 0.2690 -0.5984
vn -0.6418 -0.4216 -0.6406
vn -0.6433 -0.4215 -0.6392
vn -0.7559 0.2681 -0.5973
vn 0.4586 -0.8811 0.1157
vn 0.4586 -0.8811 0.1156
vn 0.8218 -0.2527 0.5107
vn 0.7089 0.4380 0.5529
vn 0.1575 0.9608 0.2282
vn -0.3913 0.8975 -0.2036
vn -0.3913 0.8974 -0.2036
vn -0.7544 0.2691 -0.5987
vn -0.6415 -0.4216 -0.6409
vn -0.0902 -0.9444 -0.3162
vn 0.4587 -0.8810 0.1157
vn 0.4587 -0.8810 0.1156
vn 0.7088 0.4380 0.5529
vn 0.1574 0.9608 0.2282
vn -0.7545 0.2691 -0.5987
vn 0.4587 -0.8811 0.1156
vn 0.8218 -0.2527 0.5106
vn 0.4587 -0.8811 0.1157
vn 0.7089 0.4380 0.5528
vn -0.3913 0.8974 -0.2037
vn 0.0983 -0.8596 -0.5015
vn 0.5828 -0.8037 -0.1203
vn 0.4768 -0.8743 0.0909
vn -0.0713 -0.9375 -0.3405
vn 0.9454 -0.1763 0.2742
vn 0.8456 0.4335 0.3115
vn 0.7260 0.4420 0.5268
vn 0.8388 -0.2480 0.4847
vn 0.2951 0.9554 -0.0127
vn -0.1892 0.8995 -0.3938
vn -0.3718 0.8998 -0.2281
vn 0.1764 0.9631 0.2033
vn -0.5519 0.2721 -0.7883
vn -0.4522 -0.3377 -0.8255
vn -0.6210 -0.4165 -0.6640
vn -0.7338 0.2735 -0.6219
vn 0.0203 -0.9213 -0.3883
vn 0.2921 -0.9214 0.2562
vn 0.2220 -0.9324 0.2854
vn -0.0504 -0.9324 -0.3579
vn 0.4235 -0.3465 0.8370
vn 0.3037 0.3465 0.8875
vn 0.3384 0.3518 0.8728
vn 0.4007 -0.3508 0.8464
vn -0.0263 0.9202 0.3907
vn -0.2978 0.9203 -0.2538
vn -0.2159 0.9330 -0.2880
vn 0.0564 0.9330 0.3555
vn -0.4231 0.3466 -0.8372
vn -0.3035 -0.3464 -0.8876
vn -0.3287 -0.3511 -0.8767
vn -0.3910 0.3515 -0.8506
vn 0.0350 -0.9176 -0.3959
vn 0.3076 -0.9178 0.2512
vn 0.3062 -0.9182 0.2514
vn 0.0338 -0.9181 -0.3950
vn 0.4277 -0.3443 0.8358
vn 0.2991 0.3440 0.8901
vn 0.2987 0.3443 0.8901
vn 0.4276 -0.3447 0.8357
vn -0.0355 0.9175 0.3960
vn -0.3080 0.9177 -0.2511
vn -0.3093 0.9175 -0.2501
vn -0.0370 0.9174 0.3963
vn -0.4278 0.3443 -0.8357
vn -0.2992 -0.3440 -0.8900
vn -0.2993 -0.3444 -0.8898
vn -0.4280 0.3446 -0.8355
vn 0.0352 -0.9176 -0.3960
vn 0.3078 -0.9177 0.2512
vn 0.4278 -0.3443 0.8358
vn -0.0352 0.9176 0.3960
vn -0.3078 0.9177 -0.2512
vn -0.3079 0.9177 -0.2512
vn -0.4278 0.3443 -0.8358
vn -0.2991 -0.3440 -0.8901
vn 0.3079 -0.9177 0.2512
vn 0.0355 -0.9170 -0.3973
vn 0.3085 -0.9173 0.2518
vn 0.3079 -0.9176 0.2513
vn 0.0353 -0.9175 -0.3961
vn 0.4310 -0.3425 0.8348
vn 0.3029 0.3439 0.8888
vn 0.2997 0.3440 0.8899
vn 0.4282 -0.3441 0.8356
vn -0.0340 0.9173 0.3966
vn -0.3077 0.9175 -0.2522
vn -0.3078 0.9177 -0.2513
vn -0.0351 0.9176 0.3961
vn -0.4243 0.3440 -0.8377
vn -0.2956 -0.3423 -0.8919
vn -0.2986 -0.3437 -0.8903
vn -0.4273 0.3443 -0.8360
vn -0.0123 -0.9259 -0.3776
vn 0.3720 -0.9022 0.2181
vn 0.3194 -0.9144 0.2487
vn 0.0281 -0.9174 -0.3970
vn 0.5868 -0.3048 0.7502
vn 0.4654 0.3778 0.8004
vn 0.3328 0.3488 0.8761
vn 0.4590 -0.3342 0.8232
vn 0.0462 0.9338 0.3548
vn -0.3382 0.9097 -0.2407
vn -0.3123 0.9158 -0.2524
vn -0.0198 0.9195 0.3926
vn -0.5506 0.3128 -0.7740
vn -0.4290 -0.3694 -0.8243
vn -0.3120 -0.3438 -0.8857
vn -0.4393 0.3381 -0.8323
vn 0.2146 -0.9245 -0.3150
vn -0.0087 -0.9395 0.3423
vn 0.2211 -0.9286 0.2980
vn 0.3385 -0.8811 -0.3301
vn -0.2560 -0.3053 0.9172
vn -0.2808 0.3632 0.8884
vn -0.0670 0.3748 0.9247
vn -0.0173 -0.2304 0.9729
vn -0.0494 0.9481 0.3140
vn 0.1766 0.9188 -0.3530
vn 0.3090 0.8842 -0.3502
vn 0.2569 0.9528 0.1616
vn 0.3662 0.3641 -0.8563
vn 0.3987 -0.3224 -0.8585
vn 0.5032 -0.2067 -0.8391
vn 0.4661 0.3655 -0.8057
vn 0.2525 -0.9250 -0.2839
vn 0.0259 -0.9255 0.3778
vn -0.0067 -0.9315 0.3637
vn 0.2246 -0.9278 -0.2978
vn -0.1991 -0.3422 0.9183
vn -0.2400 0.3551 0.9035
vn -0.2724 0.3565 0.8937
vn -0.2396 -0.3358 0.9110
vn -0.0816 0.9365 0.3411
vn 0.1453 0.9358 -0.3213
vn 0.1486 0.9317 -0.3313
vn -0.0844 0.9378 0.3366
vn 0.3670 0.3552 -0.8598
vn 0.4083 -0.3428 -0.8460
vn 0.3957 -0.3420 -0.8523
vn 0.3597 0.3574 -0.8619
vn 0.2583 -0.9241 -0.2816
vn 0.0321 -0.9244 0.3800
vn 0.0322 -0.9243 0.3803
vn 0.2580 -0.9243 -0.2813
vn -0.1916 -0.3430 0.9196
vn -0.2341 0.3550 0.9051
vn -0.2338 0.3549 0.9052
vn -0.1913 -0.3428 0.9197
vn -0.0810 0.9364 0.3415
vn 0.1452 0.9362 -0.3202
vn 0.1449 0.9363 -0.3200
vn -0.0810 0.9363 0.3417
vn 0.3690 0.3548 -0.8591
vn 0.4113 -0.3426 -0.8446
vn 0.4109 -0.3428 -0.8448
vn 0.3684 0.3549 -0.8593
vn 0.2301 -0.9276 -0.2942
vn 0.0195 -0.9271 0.3743
vn 0.0304 -0.9250 0.3787
vn 0.2550 -0.9244 -0.2838
vn -0.1917 -0.3435 0.9194
vn -0.2350 0.3557 0.9046
vn -0.2346 0.3552 0.9049
vn -0.1920 -0.3432 0.9194
vn -0.0958 0.9374 0.3349
vn 0.1149 0.9357 -0.3335
vn 0.1417 0.9359 -0.3225
vn -0.0830 0.9368 0.3400
vn 0.3261 0.3523 -0.8772
vn 0.3693 -0.3459 -0.8626
vn 0.4065 -0.3427 -0.8470
vn 0.3640 0.3542 -0.8614
vn -0.0910 -0.9415 -0.3245
vn 0.1563 -0.9248 0.3469
vn 0.2004 -0.9312 0.3045
vn -0.2172 -0.9379 -0.2705
vn 0.3724 -0.3095 0.8750
vn 0.3924 0.3758 0.8396
vn 0.7199 0.3205 0.6156
vn 0.6318 -0.3429 0.6952
vn 0.2232 0.9360 0.2723
vn -0.0198 0.9155 -0.4019
vn -0.0028 0.9051 -0.4251
vn 0.4337 0.8913 0.1321
vn -0.2424 0.2994 -0.9228
vn -0.2668 -0.3820 -0.8848
vn -0.4812 -0.3676 -0.7958
vn -0.4099 0.3181 -0.8549
vn -0.2399 -0.9364 -0.2562
vn 0.1920 -0.9356 0.2963
vn 0.1657 -0.9369 0.3080
vn -0.2631 -0.9335 -0.2437
vn 0.6277 -0.3592 0.6906
vn 0.7158 0.3226 0.6193
vn 0.6895 0.3261 0.6467
vn 0.5992 -0.3633 0.7134
vn 0.4276 0.8965 0.1156
vn -0.0083 0.9021 -0.4315
vn -0.0207 0.9073 -0.4200
vn 0.4063 0.9042 0.1320
vn -0.4379 0.3261 -0.8378
vn -0.5220 -0.3625 -0.7721
vn -0.5414 -0.3575 -0.7609
vn -0.4507 0.3349 -0.8275
vn -0.2808 -0.9274 -0.2470
vn 0.1363 -0.9432 0.3028
vn 0.1340 -0.9701 0.2022
vn -0.2195 -0.9172 -0.3325
vn 0.5840 -0.3758 0.7196
vn 0.6875 0.3146 0.6545
vn 0.7671 0.2682 0.5828
vn 0.6306 -0.4089 0.6596
vn 0.4103 0.9008 0.1422
vn -0.0085 0.9148 -0.4039
vn 0.1308 0.9074 -0.3993
vn 0.5149 0.8509 0.1046
vn -0.4421 0.3496 -0.8260
vn -0.5407 -0.3487 -0.7656
vn -0.4164 -0.3410 -0.8428
vn -0.3199 0.3554 -0.8783
vn -0.1455 -0.8986 -0.4140
vn -0.3218 -0.9121 0.2541
vn -0.4347 -0.8737 0.2184
vn -0.2929 -0.8467 -0.4442
vn -0.2833 -0.3553 0.8908
vn -0.0478 0.3122 0.9488
vn 0.0950 0.2712 0.9578
vn -0.2388 -0.3624 0.9009
vn 0.3090 0.8367 0.4522
vn 0.5033 0.8399 -0.2032
vn 0.6346 0.7564 -0.1588
vn 0.4585 0.7446 0.4851
vn 0.4528 0.3111 -0.8356
vn 0.2005 -0.3504 -0.9149
vn 0.1356 -0.3448 -0.9288
vn 0.5022 0.2683 -0.8221
vn -0.0356 -0.9379 -0.3451
vn 0.1467 -0.9303 0.3360
vn 0.2173 -0.9317 0.2910
vn -0.0796 -0.9356 -0.3439
vn 0.3242 -0.3393 0.8830
vn 0.3619 0.3528 0.8629
vn 0.5601 0.3203 0.7640
vn 0.5027 -0.3649 0.7836
vn 0.2420 0.9276 0.2847
vn 0.0593 0.9163 -0.3960
vn 0.0287 0.9211 -0.3882
vn 0.3309 0.9139 0.2353
vn -0.1188 0.3221 -0.9392
vn -0.1545 -0.3661 -0.9177
vn -0.2853 -0.3626 -0.8872
vn -0.2437 0.3348 -0.9102
vn -0.0620 -0.9333 -0.3537
vn 0.2293 -0.9386 0.2578
vn 0.3059 -0.9429 0.1315
vn 0.0749 -0.9276 -0.3661
vn 0.5193 -0.4057 0.7521
vn 0.5895 0.2865 0.7552
vn 0.7128 0.1804 0.6778
vn 0.6149 -0.4621 0.6391
vn 0.3336 0.9168 0.2194
vn 0.0373 0.9280 -0.3706
vn 0.1647 0.9152 -0.3677
vn 0.4218 0.8935 0.1542
vn -0.2355 0.3333 -0.9129
vn -0.2715 -0.3681 -0.8893
vn -0.1006 -0.3800 -0.9195
vn -0.0711 0.2829 -0.9565
vn -0.2382 -0.9358 -0.2598
vn 0.0104 -0.9297 0.3681
vn 0.1259 -0.9432 0.3074
vn -0.1154 -0.9537 -0.2779
vn 0.3007 -0.3458 0.8888
vn 0.3664 0.3700 0.8537
vn 0.4413 0.3494 0.8265
vn 0.3990 -0.3766 0.8360
vn 0.1801 0.9481 0.2621
vn -0.0638 0.9311 -0.3591
vn 0.1083 0.9228 -0.3697
vn 0.2511 0.9505 0.1830
vn -0.3008 0.3367 -0.8923
vn -0.3725 -0.3817 -0.8459
vn -0.2367 -0.4161 -0.8779
vn -0.1039 0.1462 -0.9838
vn -0.2442 -0.9294 -0.2768
vn 0.0304 -0.9291 0.3687
vn 0.0149 -0.9275 0.3734
vn -0.2499 -0.9299 -0.2698
vn 0.3355 -0.3495 0.8748
vn 0.4253 0.3464 0.8361
vn 0.3955 0.3556 0.8469
vn 0.3141 -0.3462 0.8840
vn 0.2692 0.9258 0.2655
vn -0.0058 0.9251 -0.3797
vn -0.0390 0.9290 -0.3681
vn 0.2286 0.9345 0.2730
vn -0.3075 0.3453 -0.8867
vn -0.3970 -0.3510 -0.8480
vn -0.3949 -0.3583 -0.8460
vn -0.3147 0.3474 -0.8834
vn -0.2432 -0.9293 -0.2778
vn 0.0331 -0.9294 0.3677
vn 0.0331 -0.9293 0.3677
vn 0.3393 -0.3501 0.8731
vn 0.4306 0.3450 0.8340
vn 0.2764 0.9242 0.2636
vn 0.0001 0.9242 -0.3819
vn -0.3062 0.3450 -0.8873
vn -0.3974 -0.3501 -0.8482
vn -0.2432 -0.9294 -0.2778
vn 0.3394 -0.3501 0.8731
vn -0.2420 -0.9296 -0.2780
vn 0.0340 -0.9296 0.3670
vn 0.0332 -0.9294 0.3676
vn -0.2430 -0.9294 -0.2778
vn 0.3394 -0.3503 0.8730
vn 0.4310 0.3456 0.8336
vn 0.2781 0.9240 0.2623
vn 0.0021 0.9241 -0.3822
vn 0.0003 0.9242 -0.3820
vn 0.2766 0.9242 0.2634
vn -0.3056 0.3455 -0.8872
vn -0.3973 -0.3503 -0.8482
vn -0.3061 0.3450 -0.8873
vn -0.1639 -0.9365 -0.3098
vn 0.1100 -0.9365 0.3330
vn 0.0456 -0.9314 0.3611
vn -0.2295 -0.9314 -0.2824
vn 0.3638 -0.3526 0.8622
vn 0.3951 0.3525 0.8483
vn 0.4265 0.3479 0.8349
vn 0.3428 -0.3511 0.8714
vn 0.1934 0.9351 0.2970
vn -0.0803 0.9351 -0.3453
vn -0.0064 0.9261 -0.3772
vn 0.2685 0.9261 0.2652
vn -0.3384 0.3521 -0.8727
vn -0.3698 -0.3530 -0.8594
vn -0.3933 -0.3512 -0.8497
vn -0.3094 0.3478 -0.8851
vn 0.0832 -0.9172 -0.3895
vn 0.2075 -0.9268 0.3129
vn 0.3370 -0.9085 0.2470
vn 0.0641 -0.9146 -0.3994
vn 0.2843 -0.3576 0.8896
vn 0.2467 0.3221 0.9140
vn 0.4477 0.3404 0.8269
vn 0.5159 -0.3320 0.7897
vn 0.1125 0.9265 0.3592
vn -0.0055 0.9386 -0.3449
vn -0.1139 0.9379 -0.3277
vn 0.1510 0.9336 0.3251
vn -0.0639 0.3705 -0.9266
vn -0.0326 -0.3135 -0.9490
vn -0.1832 -0.3304 -0.9259
vn -0.2470 0.3694 -0.8958
vn 0.0679 -0.9086 -0.4122
vn 0.3237 -0.9229 0.2084
vn 0.3825 -0.9194 0.0920
vn 0.2136 -0.8550 -0.4725
vn 0.5192 -0.3494 0.7800
vn 0.4579 0.3538 0.8156
vn 0.5891 0.3776 0.7144
vn 0.6205 -0.3859 0.6827
vn 0.1379 0.9472 0.2894
vn -0.1222 0.9367 -0.3281
vn 0.0242 0.9202 -0.3906
vn 0.2122 0.9664 0.1452
vn -0.2397 0.3845 -0.8915
vn -0.1653 -0.3369 -0.9269
vn 0.0763 -0.2991 -0.9512
vn 0.0021 0.3948 -0.9188
vn -0.1454 -0.9161 -0.3738
vn -0.2286 -0.9188 0.3217
vn -0.1872 -0.9262 0.3271
vn -0.0896 -0.9264 -0.3657
vn -0.1554 -0.3517 0.9232
vn 0.0133 0.3311 0.9435
vn -0.0349 0.3449 0.9380
vn -0.1615 -0.3482 0.9234
vn 0.2223 0.8966 0.3830
vn 0.3086 0.8995 -0.3094
vn 0.2518 0.9149 -0.3155
vn 0.1512 0.9149 0.3744
vn 0.2406 0.3345 -0.9112
vn 0.0688 -0.3486 -0.9347
vn 0.1014 -0.3545 -0.9295
vn 0.2310 0.3390 -0.9120
vn -0.1529 -0.9144 -0.3749
vn -0.2349 -0.9172 0.3218
vn -0.2352 -0.9172 0.3216
vn -0.1537 -0.9142 -0.3749
vn -0.1549 -0.3543 0.9222
vn 0.0228 0.3240 0.9458
vn 0.0219 0.3255 0.9453
vn -0.1547 -0.3537 0.9225
vn 0.2391 0.8914 0.3849
vn 0.3213 0.8942 -0.3116
vn 0.3198 0.8951 -0.3107
vn 0.2368 0.8922 0.3846
vn 0.2418 0.3313 -0.9120
vn 0.0638 -0.3469 -0.9357
vn 0.0637 -0.3470 -0.9357
vn 0.2419 0.3321 -0.9117
vn -0.1528 -0.9144 -0.3749
vn -0.2348 -0.9172 0.3219
vn -0.1549 -0.3544 0.9222
vn 0.0230 0.3238 0.9458
vn 0.2396 0.8913 0.3850
vn 0.3216 0.8941 -0.3117
vn 0.3216 0.8941 -0.3118
vn 0.2417 0.3312 -0.9120
vn -0.1528 -0.9144 -0.3748
vn -0.1527 -0.9144 -0.3748
vn 0.3217 0.8941 -0.3117
vn 0.0639 -0.3469 -0.9357
vn 0.2397 0.8913 0.3850
vn 0.3217 0.8941 -0.3118
vn 0.2417 0.3313 -0.9120
vn -0.1527 -0.9144 -0.3749
vn -0.2349 -0.9172 0.3219
vn 0.2397 0.8913 0.3849
vn 0.3217 0.8940 -0.3117
vn 0.2418 0.3312 -0.9121
vn 0.0638 -0.3470 -0.9357
vn 0.2418 0.3312 -0.9120
vn -0.2348 -0.9172 0.3218
vn 0.2396 0.8913 0.3849
vn -0.2347 -0.9172 0.3219
vn 0.0230 0.3238 0.9459
vn 0.2417 0.3312 -0.9121
vn 0.1178 -0.9459 -0.3022
vn 0.0452 -0.9484 0.3138
vn -0.2037 -0.9234 0.3253
vn -0.1217 -0.9206 -0.3710
vn 0.1252 -0.3856 0.9141
vn 0.2824 0.2141 0.9351
vn 0.0538 0.3154 0.9474
vn -0.1240 -0.3623 0.9238
vn 0.4991 0.7816 0.3742
vn 0.5717 0.7840 -0.2419
vn 0.3517 0.8840 -0.3081
vn 0.2697 0.8812 0.3883
vn 0.4917 0.2212 -0.8422
vn 0.3344 -0.3785 -0.8631
vn 0.0942 -0.3549 -0.9301
vn 0.2721 0.3229 -0.9065
vn 0.0237 -0.9434 -0.3309
vn 0.0370 -0.9271 0.3729
vn 0.0599 -0.9251 0.3749
vn 0.1254 -0.9370 -0.3259
vn 0.0400 -0.3215 0.9461
vn 0.0292 0.3784 0.9252
vn -0.1048 0.3714 0.9225
vn -0.0440 -0.3262 0.9443
vn 0.0063 0.9440 0.3300
vn -0.0100 0.9274 -0.3739
vn -0.0551 0.9255 -0.3747
vn -0.1108 0.9386 0.3267
vn -0.0119 0.3215 -0.9468
vn 0.0020 -0.3781 -0.9258
vn 0.1229 -0.3699 -0.9209
vn 0.0524 0.3266 -0.9437
vn 0.1390 -0.9365 -0.3219
vn 0.0634 -0.9242 0.3767
vn 0.0631 -0.9240 0.3772
vn 0.1368 -0.9371 -0.3211
vn -0.0595 -0.3301 0.9421
vn -0.1321 0.3675 0.9206
vn -0.1347 0.3667 0.9205
vn -0.0602 -0.3312 0.9416
vn -0.1341 0.9371 0.3224
vn -0.0630 0.9242 -0.3767
vn -0.0631 0.9240 -0.3772
vn -0.1361 0.9372 0.3212
vn 0.0615 0.3303 -0.9419
vn 0.1386 -0.3668 -0.9199
vn 0.1357 -0.3666 -0.9204
vn 0.0605 0.3312 -0.9416
vn 0.1364 -0.9372 -0.3210
vn 0.0631 -0.9239 0.3773
vn -0.0604 -0.3313 0.9416
vn -0.1352 0.3666 0.9205
vn -0.0603 -0.3313 0.9416
vn -0.1364 0.9372 0.3210
vn -0.0631 0.9239 -0.3773
vn -0.0631 0.9240 -0.3773
vn 0.0604 0.3313 -0.9416
vn 0.1352 -0.3666 -0.9205
vn 0.0631 -0.9240 0.3773
vn 0.0603 0.3313 -0.9416
vn 0.1359 -0.9371 -0.3215
vn 0.0630 -0.9238 0.3776
vn 0.1326 -0.9364 -0.3248
vn -0.0613 -0.3310 0.9416
vn -0.1367 0.3664 0.9204
vn -0.1460 0.3650 0.9195
vn -0.0673 -0.3284 0.9421
vn -0.1371 0.9370 0.3214
vn -0.0631 0.9238 -0.3777
vn -0.1410 0.9354 0.3242
vn 0.0595 0.3308 -0.9418
vn 0.1337 -0.3667 -0.9207
vn 0.1254 -0.3673 -0.9216
vn 0.0549 0.3273 -0.9433
vn 0.1200 -0.9346 -0.3347
vn 0.0660 -0.9232 0.3786
vn 0.0903 -0.9223 0.3758
vn 0.0611 -0.9358 -0.3473
vn -0.0665 -0.3178 0.9458
vn -0.1491 0.3636 0.9196
vn -0.0440 0.3727 0.9269
vn 0.0261 -0.2997 0.9537
vn -0.1377 0.9322 0.3348
vn -0.0614 0.9235 -0.3788
vn -0.0492 0.9221 -0.3837
vn -0.0575 0.9362 0.3468
vn 0.0376 0.3168 -0.9477
vn 0.0985 -0.3692 -0.9241
vn -0.0083 -0.3769 -0.9262
vn -0.0411 0.3003 -0.9530
vn 0.6692 -0.6475 -0.3644
vn 0.7639 -0.6448 -0.0264
vn 0.0958 -0.9350 0.3414
vn -0.0914 -0.9404 -0.3277
vn 0.9084 -0.3098 0.2807
vn 0.9643 0.0361 0.2623
vn 0.4538 0.3231 0.8305
vn 0.3433 -0.3617 0.8668
vn 0.9271 0.3661 -0.0802
vn 0.8325 0.3635 -0.4180
vn 0.2029 0.8825 -0.4244
vn 0.3901 0.8878 0.2445
vn 0.6879 0.0284 -0.7252
vn 0.6322 -0.3176 -0.7068
vn -0.1551 -0.3758 -0.9137
vn -0.0444 0.3090 -0.9500
vn -0.2069 -0.9315 -0.2991
vn -0.0179 -0.9262 0.3767
vn -0.2070 -0.9315 -0.2991
vn 0.2329 -0.3452 0.9092
vn 0.3446 0.3466 0.8724
vn 0.3446 0.3465 0.8725
vn 0.2328 -0.3452 0.9092
vn 0.2803 0.9186 0.2786
vn 0.0911 0.9133 -0.3970
vn 0.0909 0.9133 -0.3970
vn 0.2800 0.9187 0.2787
vn -0.1598 0.3323 -0.9295
vn -0.2716 -0.3594 -0.8928
vn -0.2715 -0.3595 -0.8928
vn -0.1597 0.3324 -0.9295
vn -0.2070 -0.9315 -0.2992
vn -0.0179 -0.9262 0.3766
vn 0.3445 0.3466 0.8725
vn 0.2801 0.9186 0.2787
vn 0.0910 0.9133 -0.3971
vn 0.0908 0.9133 -0.3970
vn 0.2800 0.9186 0.2788
vn -0.2714 -0.3595 -0.8928
vn -0.2714 -0.3594 -0.8928
vn -0.2069 -0.9315 -0.2990
vn -0.0178 -0.9262 0.3767
vn 0.2328 -0.3453 0.9092
vn 0.0910 0.9133 -0.3970
vn 0.2800 0.9186 0.2787
vn -0.2715 -0.3594 -0.8928
vn -0.2070 -0.9315 -0.2990
vn 0.2801 0.9186 0.2788
vn 0.0909 0.9133 -0.3971
vn -0.1597 0.3323 -0.9295
vn 0.3446 0.3466 0.8725
vn -0.2072 -0.9314 -0.2991
vn -0.0178 -0.9261 0.3768
vn -0.2084 -0.9311 -0.2995
vn 0.2327 -0.3450 0.9093
vn 0.3440 0.3468 0.8726
vn 0.3411 0.3481 0.8732
vn 0.2320 -0.3431 0.9102
vn 0.2797 0.9186 0.2791
vn 0.0910 0.9134 -0.3968
vn 0.0911 0.9139 -0.3955
vn 0.2777 0.9186 0.2812
vn -0.2717 -0.3595 -0.8927
vn -0.2733 -0.3596 -0.8922
vn -0.1602 0.3319 -0.9296
vn -0.1992 -0.9317 -0.3037
vn -0.0149 -0.9263 0.3765
vn 0.0027 -0.9273 0.3743
vn -0.1263 -0.9393 -0.3190
vn 0.2221 -0.3369 0.9150
vn 0.3216 0.3536 0.8784
vn 0.2226 0.3690 0.9024
vn 0.1614 -0.3263 0.9314
vn 0.2617 0.9206 0.2897
vn 0.0868 0.9164 -0.3907
vn 0.0551 0.9229 -0.3811
vn 0.1757 0.9337 0.3120
vn -0.1538 0.3295 -0.9315
vn -0.2626 -0.3623 -0.8943
vn -0.1763 -0.3729 -0.9110
vn -0.1068 0.3237 -0.9401
vn 0.1797 -0.9317 -0.3158
vn 0.0032 -0.9351 0.3543
vn -0.1421 -0.9400 0.3101
vn 0.0346 -0.9335 -0.3570
vn -0.1972 -0.3586 0.9124
vn -0.2708 0.3492 0.8971
vn -0.1739 0.3461 0.9219
vn -0.2399 -0.3626 0.9006
vn -0.1926 0.9304 0.3118
vn -0.0164 0.9337 -0.3578
vn 0.2247 0.9302 -0.2902
vn 0.0380 0.9259 0.3757
vn 0.2053 0.3592 -0.9104
vn 0.2790 -0.3487 -0.8947
vn 0.2467 -0.3533 -0.9024
vn 0.3217 0.3555 -0.8776
vn 0.2193 -0.9251 -0.3098
vn 0.0414 -0.9285 0.3691
vn 0.0369 -0.9296 0.3667
vn 0.2144 -0.9263 -0.3097
vn -0.1881 -0.3521 0.9169
vn -0.2865 0.3432 0.8945
vn -0.2872 0.3443 0.8938
vn -0.1888 -0.3536 0.9161
vn -0.2209 0.9249 0.3094
vn -0.0432 0.9282 -0.3696
vn -0.0489 0.9278 -0.3698
vn -0.2256 0.9247 0.3066
vn 0.1878 0.3520 -0.9169
vn 0.2863 -0.3432 -0.8946
vn 0.2858 -0.3445 -0.8942
vn 0.1865 0.3534 -0.9167
vn 0.2201 -0.9250 -0.3098
vn 0.0422 -0.9283 0.3695
vn -0.1880 -0.3519 0.9170
vn -0.2864 0.3431 0.8946
vn -0.2201 0.9250 0.3098
vn -0.0422 0.9283 -0.3695
vn 0.1880 0.3519 -0.9170
vn 0.2864 -0.3431 -0.8946
vn 0.2202 -0.9250 -0.3098
vn 0.0423 -0.9283 0.3695
vn -0.2202 0.9250 0.3098
vn 0.2201 -0.9249 -0.3099
vn 0.0424 -0.9281 0.3698
vn 0.0422 -0.9282 0.3696
vn -0.1872 -0.3517 0.9172
vn -0.2858 0.3429 0.8948
vn -0.2863 0.3431 0.8946
vn -0.1879 -0.3519 0.9170
vn -0.2201 0.9249 0.3099
vn -0.0419 0.9282 -0.3697
vn 0.1888 0.3519 -0.9168
vn 0.2869 -0.3428 -0.8945
vn 0.2865 -0.3430 -0.8946
vn 0.1881 0.3519 -0.9169
vn 0.2462 -0.9212 -0.3014
vn 0.0138 -0.9319 0.3624
vn 0.0380 -0.9286 0.3692
vn 0.2244 -0.9243 -0.3088
vn -0.2511 -0.3606 0.8983
vn -0.3373 0.3348 0.8799
vn -0.2934 0.3412 0.8930
vn -0.1966 -0.3529 0.9148
vn -0.2159 0.9252 0.3121
vn 0.0165 0.9359 -0.3517
vn -0.0321 0.9295 -0.3675
vn -0.2194 0.9250 0.3103
vn 0.2815 0.3647 -0.8876
vn 0.3677 -0.3307 -0.8692
vn 0.3005 -0.3403 -0.8910
vn 0.2046 0.3541 -0.9125
vn 0.2839 -0.9163 -0.2826
vn -0.0296 -0.9376 0.3464
vn -0.0159 -0.9359 0.3518
vn 0.2724 -0.9175 -0.2898
vn -0.3479 -0.3729 0.8602
vn -0.4155 0.3251 0.8495
vn -0.3910 0.3278 0.8600
vn -0.3177 -0.3692 0.8733
vn -0.2103 0.9250 0.3166
vn 0.1025 0.9445 -0.3123
vn 0.0758 0.9420 -0.3270
vn -0.2117 0.9253 0.3147
vn 0.4181 0.3799 -0.8252
vn 0.4865 -0.3163 -0.8144
vn 0.4491 -0.3199 -0.8342
vn 0.3750 0.3755 -0.8476
vn 0.2854 -0.9167 -0.2798
vn -0.0322 -0.9378 0.3455
vn -0.0321 -0.9379 0.3455
vn 0.2855 -0.9165 -0.2803
vn -0.3526 -0.3735 0.8580
vn -0.4195 0.3249 0.8476
vn -0.4195 0.3248 0.8476
vn -0.3528 -0.3735 0.8579
vn -0.2106 0.9244 0.3179
vn 0.1069 0.9455 -0.3075
vn 0.1068 0.9453 -0.3083
vn -0.2104 0.9246 0.3176
vn 0.4271 0.3812 -0.8199
vn 0.4941 -0.3171 -0.8095
vn 0.4934 -0.3167 -0.8101
vn 0.4262 0.3810 -0.8205
vn 0.2853 -0.9167 -0.2797
vn -0.0322 -0.9378 0.3456
vn -0.0322 -0.9379 0.3455
vn 0.2854 -0.9167 -0.2797
vn -0.2107 0.9244 0.3179
vn 0.1069 0.9456 -0.3074
vn 0.4273 0.3812 -0.8198
vn 0.4942 -0.3171 -0.8094
vn 0.1070 0.9456 -0.3074
vn -0.2107 0.9244 0.3180
vn 0.4943 -0.3171 -0.8094
vn 0.1069 0.9456 -0.3073
vn 0.1069 0.9455 -0.3074
vn 0.1070 0.9455 -0.3074
vn -0.2106 0.9244 0.3180
vn 0.4944 -0.8597 -0.1283
vn 0.2118 -0.8785 0.4282
vn -0.0060 -0.9334 0.3589
vn 0.3114 -0.9122 -0.2661
vn -0.1108 -0.3103 0.9442
vn -0.1704 0.3113 0.9349
vn -0.3923 0.3275 0.8595
vn -0.3255 -0.3706 0.8699
vn 0.0399 0.9149 0.4016
vn 0.3227 0.9337 -0.1551
vn 0.1335 0.9465 -0.2939
vn -0.1841 0.9254 0.3314
vn 0.6452 0.3656 -0.6709
vn 0.7047 -0.2560 -0.6617
vn 0.5198 -0.3143 -0.7944
vn 0.4529 0.3838 -0.8047
vn 0.8732 -0.4749 -0.1095
vn 0.8608 -0.4664 0.2038
vn 0.1435 -0.9151 0.3769
vn 0.1714 -0.9334 -0.3153
vn 0.8533 -0.1571 0.4972
vn 0.8580 0.1564 0.4892
vn 0.1401 0.3683 0.9191
vn 0.1294 -0.3244 0.9370
vn 0.8747 0.4500 0.1802
vn 0.8872 0.4417 -0.1333
vn 0.1995 0.9102 -0.3630
vn 0.1719 0.9285 0.3292
vn 0.8947 0.1322 -0.4267
vn 0.8899 -0.1814 -0.4185
vn 0.2030 -0.3731 -0.9053
vn 0.2138 0.3195 -0.9232
vn 0.0322 -0.9451 -0.3251
vn 0.0044 -0.9266 0.3761
vn 0.0045 -0.9266 0.3761
vn 0.0325 -0.9451 -0.3251
vn -0.0100 -0.3265 0.9451
vn 0.0007 0.3750 0.9270
vn 0.0331 0.9442 0.3277
vn 0.0612 0.9257 -0.3734
vn 0.0611 0.9257 -0.3734
vn 0.0755 0.3256 -0.9425
vn 0.0648 -0.3760 -0.9244
vn 0.0043 -0.9266 0.3761
vn 0.0323 -0.9451 -0.3251
vn 0.0330 0.9442 0.3276
vn 0.0610 0.9257 -0.3734
vn 0.0331 0.9442 0.3276
vn 0.0325 -0.9452 -0.3250
vn 0.0044 -0.9266 0.3760
vn 0.0324 -0.9452 -0.3250
vn 0.0007 0.3751 0.9270
vn -0.0101 -0.3265 0.9451
vn 0.0330 0.9442 0.3277
vn 0.0611 0.9257 -0.3733
vn 0.0755 0.3255 -0.9425
vn 0.0647 -0.3760 -0.9244
vn 0.0325 -0.9451 -0.3250
vn 0.0324 -0.9451 -0.3250
vn 0.0648 -0.3760 -0.9243
vn 0.0045 -0.9266 0.3760
vn 0.0324 -0.9451 -0.3251
vn -0.0100 -0.3265 0.9452
vn 0.0323 -0.9451 -0.3253
vn 0.0044 -0.9266 0.3759
vn 0.0313 -0.9445 -0.3271
vn -0.0103 -0.3264 0.9452
vn 0.0004 0.3750 0.9270
vn -0.0018 0.3746 0.9272
vn -0.0120 -0.3255 0.9455
vn 0.0610 0.9256 -0.3736
vn 0.0607 0.9251 -0.3749
vn 0.0326 0.9440 0.3283
vn 0.0750 0.3254 -0.9426
vn 0.0641 -0.3759 -0.9244
vn 0.0607 -0.3751 -0.9250
vn 0.0721 0.3240 -0.9433
vn 0.0276 -0.9427 -0.3325
vn 0.0096 -0.9267 0.3756
vn 0.0459 -0.9279 0.3700
vn 0.0111 -0.9399 -0.3412
vn -0.0038 -0.3231 0.9464
vn 0.0063 0.3730 0.9278
vn 0.0914 0.3696 0.9247
vn 0.0760 -0.3233 0.9432
vn 0.0394 0.9432 0.3298
vn 0.0607 0.9235 -0.3788
vn 0.0630 0.9201 -0.3867
vn 0.0927 0.9407 0.3262
vn 0.0610 0.3201 -0.9454
vn 0.0478 -0.3730 -0.9266
vn -0.0083 -0.3698 -0.9291
vn 0.0121 0.3162 -0.9486
s 0
usemtl Tree_Trunk
f 385//1 2764//1 6463//1 2763//1
f 2764//2 386//2 2765//2 6463//2
f 6463//3 2765//3 382//3 2456//3
f 2763//4 6463//4 2456//4 381//4
f 12//5 2762//5 6464//5 2761//5
f 2762//6 9//6 2755//6 6464//6
f 6464//7 2755//7 377//7 2754//7
f 2761//8 6464//8 2754//8 380//8
f 861//9 2158//9 6465//9 2157//9
f 788//10 2159//10 6465//10 2158//10
f 785//11 2157//11 6465//11 2159//11
f 11//12 2760//12 6466//12 2759//12
f 2760//13 12//13 2761//13 6466//13
f 6466//14 2761//14 380//14 2752//14
f 2759//15 6466//15 2752//15 379//15
f 786//16 2162//16 6467//16 2161//16
f 1882//17 2163//17 6467//17 2162//17
f 785//18 2161//18 6467//18 2163//18
f 10//19 2758//19 6468//19 2757//19
f 2758//20 11//20 2759//20 6468//20
f 6468//21 2759//21 379//21 2750//21
f 2757//22 6468//22 2750//22 378//22
f 9//23 2756//23 6469//23 2755//23
f 2756//24 10//24 2757//24 6469//24
f 6469//25 2757//25 378//25 2748//25
f 2755//26 6469//26 2748//26 377//26
f 380//27 2754//27 6470//27 2753//27
f 2754//28 377//28 2747//28 6470//28
f 6470//29 2747//29 373//29 2746//29
f 2753//30 6470//30 2746//30 376//30
f 379//31 2752//31 6471//31 2751//31
f 2752//32 380//32 2753//32 6471//32
f 6471//33 2753//33 376//33 2744//33
f 2751//34 6471//34 2744//34 375//34
f 378//35 2750//35 6472//35 2749//35
f 2750//36 379//36 2751//36 6472//36
f 6472//37 2751//37 375//37 2742//37
f 2749//35 6472//35 2742//35 374//35
f 404//38 2210//38 6473//38 2211//38
f 1247//39 2203//39 6473//39 2210//39
f 1568//40 2211//40 6473//40 2203//40
f 377//41 2748//41 6474//41 2747//41
f 2748//42 378//42 2749//42 6474//42
f 6474//43 2749//43 374//43 2740//43
f 2747//44 6474//44 2740//44 373//44
f 376//30 2746//30 6475//30 2745//30
f 2746//29 373//29 2739//29 6475//29
f 6475//29 2739//29 369//29 2738//29
f 2745//30 6475//30 2738//30 372//30
f 375//34 2744//34 6476//34 2743//34
f 2744//33 376//33 2745//33 6476//33
f 6476//33 2745//33 372//33 2736//33
f 2743//34 6476//34 2736//34 371//34
f 1549//45 2409//45 6477//45 2323//45
f 2409//46 2144//46 2389//46 6477//46
f 6477//47 2389//47 2143//47 2413//47
f 2323//48 6477//48 2413//48 1090//48
f 1359//49 2248//49 6478//49 2258//49
f 2248//50 1356//50 2244//50 6478//50
f 6478//51 2244//51 1879//51 2256//51
f 2258//52 6478//52 2256//52 1880//52
f 787//53 2181//53 6479//53 2180//53
f 1884//54 2182//54 6479//54 2181//54
f 786//55 2180//55 6479//55 2182//55
f 374//35 2742//35 6480//35 2741//35
f 2742//56 375//56 2743//56 6480//56
f 6480//56 2743//56 371//56 2734//56
f 2741//35 6480//35 2734//35 370//35
f 400//57 2205//57 6481//57 2204//57
f 399//58 2206//58 6481//58 2205//58
f 1567//59 2204//59 6481//59 2206//59
f 373//60 2740//60 6482//60 2739//60
f 2740//61 374//61 2741//61 6482//61
f 6482//61 2741//61 370//61 2732//61
f 2739//60 6482//60 2732//60 369//60
f 372//30 2738//30 6483//30 2737//30
f 2738//29 369//29 2731//29 6483//29
f 6483//29 2731//29 365//29 2730//29
f 2737//30 6483//30 2730//30 368//30
f 371//34 2736//34 6484//34 2735//34
f 2736//33 372//33 2737//33 6484//33
f 6484//33 2737//33 368//33 2728//33
f 2735//34 6484//34 2728//34 367//34
f 370//35 2734//35 6485//35 2733//35
f 2734//56 371//56 2735//56 6485//56
f 6485//56 2735//56 367//56 2726//56
f 2733//35 6485//35 2726//35 366//35
f 369//60 2732//60 6486//60 2731//60
f 2732//61 370//61 2733//61 6486//61
f 6486//61 2733//61 366//61 2724//61
f 2731//60 6486//60 2724//60 365//60
f 368//30 2730//30 6487//30 2729//30
f 2730//29 365//29 2723//29 6487//29
f 6487//29 2723//29 361//29 2722//29
f 2729//30 6487//30 2722//30 364//30
f 367//34 2728//34 6488//34 2727//34
f 2728//33 368//33 2729//33 6488//33
f 6488//33 2729//33 364//33 2720//33
f 2727//34 6488//34 2720//34 363//34
f 366//35 2726//35 6489//35 2725//35
f 2726//56 367//56 2727//56 6489//56
f 6489//56 2727//56 363//56 2718//56
f 2725//35 6489//35 2718//35 362//35
f 365//60 2724//60 6490//60 2723//60
f 2724//61 366//61 2725//61 6490//61
f 6490//61 2725//61 362//61 2716//61
f 2723//60 6490//60 2716//60 361//60
f 364//30 2722//30 6491//30 2721//30
f 2722//29 361//29 2715//29 6491//29
f 6491//29 2715//29 357//29 2714//29
f 2721//30 6491//30 2714//30 360//30
f 363//34 2720//34 6492//34 2719//34
f 2720//33 364//33 2721//33 6492//33
f 6492//33 2721//33 360//33 2712//33
f 2719//34 6492//34 2712//34 359//34
f 362//35 2718//35 6493//35 2717//35
f 2718//56 363//56 2719//56 6493//56
f 6493//56 2719//56 359//56 2710//56
f 2717//35 6493//35 2710//35 358//35
f 361//60 2716//60 6494//60 2715//60
f 2716//61 362//61 2717//61 6494//61
f 6494//61 2717//61 358//61 2708//61
f 2715//60 6494//60 2708//60 357//60
f 360//30 2714//30 6495//30 2713//30
f 2714//29 357//29 2707//29 6495//29
f 6495//29 2707//29 353//29 2706//29
f 2713//30 6495//30 2706//30 356//30
f 359//34 2712//34 6496//34 2711//34
f 2712//33 360//33 2713//33 6496//33
f 6496//33 2713//33 356//33 2704//33
f 2711//34 6496//34 2704//34 355//34
f 358//35 2710//35 6497//35 2709//35
f 2710//56 359//56 2711//56 6497//56
f 6497//56 2711//56 355//56 2702//56
f 2709//35 6497//35 2702//35 354//35
f 357//60 2708//60 6498//60 2707//60
f 2708//61 358//61 2709//61 6498//61
f 6498//61 2709//61 354//61 2700//61
f 2707//60 6498//60 2700//60 353//60
f 356//30 2706//30 6499//30 2705//30
f 2706//29 353//29 2699//29 6499//29
f 6499//29 2699//29 349//29 2698//29
f 2705//30 6499//30 2698//30 352//30
f 355//34 2704//34 6500//34 2703//34
f 2704//33 356//33 2705//33 6500//33
f 6500//33 2705//33 352//33 2696//33
f 2703//34 6500//34 2696//34 351//34
f 1297//62 2266//62 6501//62 2267//62
f 1298//63 2257//63 6501//63 2266//63
f 407//64 2267//64 6501//64 2257//64
f 354//35 2702//35 6502//35 2701//35
f 2702//56 355//56 2703//56 6502//56
f 6502//56 2703//56 351//56 2694//56
f 2701//35 6502//35 2694//35 350//35
f 353//60 2700//60 6503//60 2699//60
f 2700//61 354//61 2701//61 6503//61
f 6503//61 2701//61 350//61 2692//61
f 2699//60 6503//60 2692//60 349//60
f 352//30 2698//30 6504//30 2697//30
f 2698//29 349//29 2691//29 6504//29
f 6504//29 2691//29 345//29 2690//29
f 2697//30 6504//30 2690//30 348//30
f 1358//65 2228//65 6505//65 2227//65
f 403//66 2229//66 6505//66 2228//66
f 1569//67 2227//67 6505//67 2229//67
f 351//34 2696//34 6506//34 2695//34
f 2696//33 352//33 2697//33 6506//33
f 6506//33 2697//33 348//33 2688//33
f 2695//34 6506//34 2688//34 347//34
f 350//35 2694//35 6507//35 2693//35
f 2694//56 351//56 2695//56 6507//56
f 6507//56 2695//56 347//56 2686//56
f 2693//35 6507//35 2686//35 346//35
f 349//60 2692//60 6508//60 2691//60
f 2692//61 350//61 2693//61 6508//61
f 6508//61 2693//61 346//61 2684//61
f 2691//60 6508//60 2684//60 345//60
f 348//30 2690//30 6509//30 2689//30
f 2690//29 345//29 2683//29 6509//29
f 6509//29 2683//29 341//29 2682//29
f 2689//30 6509//30 2682//30 344//30
f 401//68 2236//68 6510//68 2231//68
f 1881//69 2237//69 6510//69 2236//69
f 1246//70 2231//70 6510//70 2237//70
f 347//34 2688//34 6511//34 2687//34
f 2688//71 348//71 2689//71 6511//71
f 6511//33 2689//33 344//33 2680//33
f 2687//34 6511//34 2680//34 343//34
f 346//35 2686//35 6512//35 2685//35
f 2686//56 347//56 2687//56 6512//56
f 6512//56 2687//56 343//56 2678//56
f 2685//35 6512//35 2678//35 342//35
f 345//60 2684//60 6513//60 2683//60
f 2684//61 346//61 2685//61 6513//61
f 6513//61 2685//61 342//61 2676//61
f 2683//60 6513//60 2676//60 341//60
f 1878//72 2242//72 6514//72 2241//72
f 1879//73 2243//73 6514//73 2242//73
f 397//74 2241//74 6514//74 2243//74
f 344//30 2682//30 6515//30 2681//30
f 2682//29 341//29 2675//29 6515//29
f 6515//29 2675//29 337//29 2674//29
f 2681//30 6515//30 2674//30 340//30
f 343//34 2680//34 6516//34 2679//34
f 2680//33 344//33 2681//33 6516//33
f 6516//33 2681//33 340//33 2672//33
f 2679//34 6516//34 2672//34 339//34
f 342//35 2678//35 6517//35 2677//35
f 2678//56 343//56 2679//56 6517//56
f 6517//56 2679//56 339//56 2670//56
f 2677//35 6517//35 2670//35 338//35
f 341//60 2676//60 6518//60 2675//60
f 2676//61 342//61 2677//61 6518//61
f 6518//61 2677//61 338//61 2668//61
f 2675//60 6518//60 2668//60 337//60
f 340//30 2674//30 6519//30 2673//30
f 2674//29 337//29 2667//29 6519//29
f 6519//29 2667//29 333//29 2666//29
f 2673//30 6519//30 2666//30 336//30
f 339//34 2672//34 6520//34 2671//34
f 2672//33 340//33 2673//33 6520//33
f 6520//33 2673//33 336//33 2664//33
f 2671//34 6520//34 2664//34 335//34
f 338//35 2670//35 6521//35 2669//35
f 2670//56 339//56 2671//56 6521//56
f 6521//56 2671//56 335//56 2662//56
f 2669//75 6521//75 2662//75 334//75
f 337//60 2668//60 6522//60 2667//60
f 2668//61 338//61 2669//61 6522//61
f 6522//61 2669//61 334//61 2660//61
f 2667//44 6522//44 2660//44 333//44
f 336//76 2666//76 6523//76 2665//76
f 2666//77 333//77 2659//77 6523//77
f 6523//78 2659//78 5//78 2658//78
f 2665//79 6523//79 2658//79 8//79
f 335//80 2664//80 6524//80 2663//80
f 2664//81 336//81 2665//81 6524//81
f 6524//82 2665//82 8//82 2656//82
f 2663//83 6524//83 2656//83 7//83
f 334//84 2662//84 6525//84 2661//84
f 2662//85 335//85 2663//85 6525//85
f 6525//86 2663//86 7//86 2654//86
f 2661//87 6525//87 2654//87 6//87
f 333//88 2660//88 6526//88 2659//88
f 2660//89 334//89 2661//89 6526//89
f 6526//90 2661//90 6//90 2652//90
f 2659//91 6526//91 2652//91 5//91
f 8//92 2658//92 6527//92 2657//92
f 2658//93 5//93 2651//93 6527//93
f 6527//94 2651//94 329//94 2650//94
f 2657//95 6527//95 2650//95 332//95
f 1880//96 2253//96 6528//96 2258//96
f 402//97 2252//97 6528//97 2253//97
f 1359//98 2258//98 6528//98 2252//98
f 7//99 2656//99 6529//99 2655//99
f 2656//100 8//100 2657//100 6529//100
f 6529//101 2657//101 332//101 2648//101
f 2655//102 6529//102 2648//102 331//102
f 411//103 2279//103 6530//103 2278//103
f 1554//104 2221//104 6530//104 2279//104
f 1298//105 2278//105 6530//105 2221//105
f 6//106 2654//106 6531//106 2653//106
f 2654//107 7//107 2655//107 6531//107
f 6531//108 2655//108 331//108 2646//108
f 2653//109 6531//109 2646//109 330//109
f 5//110 2652//110 6532//110 2651//110
f 2652//111 6//111 2653//111 6532//111
f 6532//112 2653//112 330//112 2644//112
f 2651//113 6532//113 2644//113 329//113
f 412//114 2283//114 6533//114 2282//114
f 1164//115 2284//115 6533//115 2283//115
f 1553//116 2282//116 6533//116 2284//116
f 332//117 2650//117 6534//117 2649//117
f 2650//118 329//118 2643//118 6534//118
f 6534//118 2643//118 325//118 2642//118
f 2649//117 6534//117 2642//117 328//117
f 331//119 2648//119 6535//119 2647//119
f 2648//120 332//120 2649//120 6535//120
f 6535//120 2649//120 328//120 2640//120
f 2647//119 6535//119 2640//119 327//119
f 1161//121 2288//121 6536//121 2287//121
f 408//122 2263//122 6536//122 2288//122
f 1552//123 2287//123 6536//123 2263//123
f 330//124 2646//124 6537//124 2645//124
f 2646//125 331//125 2647//125 6537//125
f 6537//126 2647//126 327//126 2638//126
f 2645//127 6537//127 2638//127 326//127
f 329//128 2644//128 6538//128 2643//128
f 2644//129 330//129 2645//129 6538//129
f 6538//129 2645//129 326//129 2636//129
f 2643//128 6538//128 2636//128 325//128
f 328//117 2642//117 6539//117 2641//117
f 2642//118 325//118 2635//118 6539//118
f 6539//118 2635//118 321//118 2634//118
f 2641//117 6539//117 2634//117 324//117
f 327//119 2640//119 6540//119 2639//119
f 2640//120 328//120 2641//120 6540//120
f 6540//120 2641//120 324//120 2632//120
f 2639//119 6540//119 2632//119 323//119
f 326//127 2638//127 6541//127 2637//127
f 2638//126 327//126 2639//126 6541//126
f 6541//126 2639//126 323//126 2630//126
f 2637//127 6541//127 2630//127 322//127
f 325//128 2636//128 6542//128 2635//128
f 2636//130 326//130 2637//130 6542//130
f 6542//130 2637//130 322//130 2628//130
f 2635//128 6542//128 2628//128 321//128
f 1871//131 2298//131 6543//131 2297//131
f 1296//132 2290//132 6543//132 2298//132
f 406//133 2297//133 6543//133 2290//133
f 1296//134 2299//134 6544//134 2292//134
f 1872//135 2300//135 6544//135 2299//135
f 1299//136 2292//136 6544//136 2300//136
f 324//117 2634//117 6545//117 2633//117
f 2634//118 321//118 2627//118 6545//118
f 6545//118 2627//118 317//118 2626//118
f 2633//117 6545//117 2626//117 320//117
f 323//119 2632//119 6546//119 2631//119
f 2632//120 324//120 2633//120 6546//120
f 6546//120 2633//120 320//120 2624//120
f 2631//119 6546//119 2624//119 319//119
f 322//127 2630//127 6547//127 2629//127
f 2630//126 323//126 2631//126 6547//126
f 6547//126 2631//126 319//126 2622//126
f 2629//127 6547//127 2622//127 318//127
f 321//128 2628//128 6548//128 2627//128
f 2628//130 322//130 2629//130 6548//130
f 6548//130 2629//130 318//130 2620//130
f 2627//128 6548//128 2620//128 317//128
f 320//117 2626//117 6549//117 2625//117
f 2626//118 317//118 2619//118 6549//118
f 6549//118 2619//118 313//118 2618//118
f 2625//117 6549//117 2618//117 316//117
f 319//119 2624//119 6550//119 2623//119
f 2624//120 320//120 2625//120 6550//120
f 6550//120 2625//120 316//120 2616//120
f 2623//119 6550//119 2616//119 315//119
f 318//127 2622//127 6551//127 2621//127
f 2622//126 319//126 2623//126 6551//126
f 6551//126 2623//126 315//126 2614//126
f 2621//127 6551//127 2614//127 314//127
f 1092//137 2269//137 6552//137 2307//137
f 420//138 2260//138 6552//138 2269//138
f 1091//139 2307//139 6552//139 2260//139
f 317//128 2620//128 6553//128 2619//128
f 2620//130 318//130 2621//130 6553//130
f 6553//130 2621//130 314//130 2612//130
f 2619//128 6553//128 2612//128 313//128
f 316//117 2618//117 6554//117 2617//117
f 2618//118 313//118 2611//118 6554//118
f 6554//118 2611//118 309//118 2610//118
f 2617//117 6554//117 2610//117 312//117
f 315//119 2616//119 6555//119 2615//119
f 2616//120 316//120 2617//120 6555//120
f 6555//120 2617//120 312//120 2608//120
f 2615//119 6555//119 2608//119 311//119
f 314//127 2614//127 6556//127 2613//127
f 2614//126 315//126 2615//126 6556//126
f 6556//126 2615//126 311//126 2606//126
f 2613//127 6556//127 2606//127 310//127
f 313//128 2612//128 6557//128 2611//128
f 2612//130 314//130 2613//130 6557//130
f 6557//130 2613//130 310//130 2604//130
f 2611//128 6557//128 2604//128 309//128
f 312//117 2610//117 6558//117 2609//117
f 2610//118 309//118 2603//118 6558//118
f 6558//118 2603//118 305//118 2602//118
f 2609//117 6558//117 2602//117 308//117
f 311//119 2608//119 6559//119 2607//119
f 2608//120 312//120 2609//120 6559//120
f 6559//120 2609//120 308//120 2600//120
f 2607//119 6559//119 2600//119 307//119
f 310//127 2606//127 6560//127 2605//127
f 2606//126 311//126 2607//126 6560//126
f 6560//126 2607//126 307//126 2598//126
f 2605//127 6560//127 2598//127 306//127
f 428//140 2379//140 6561//140 2380//140
f 997//141 2369//141 6561//141 2379//141
f 1522//142 2380//142 6561//142 2369//142
f 309//128 2604//128 6562//128 2603//128
f 2604//130 310//130 2605//130 6562//130
f 6562//129 2605//129 306//129 2596//129
f 2603//143 6562//143 2596//143 305//143
f 308//117 2602//117 6563//117 2601//117
f 2602//118 305//118 2595//118 6563//118
f 6563//118 2595//118 301//118 2594//118
f 2601//117 6563//117 2594//117 304//117
f 307//119 2600//119 6564//119 2599//119
f 2600//120 308//120 2601//120 6564//120
f 6564//120 2601//120 304//120 2592//120
f 2599//119 6564//119 2592//119 303//119
f 1164//144 2286//144 6565//144 2284//144
f 2286//145 1161//145 2287//145 6565//145
f 6565//146 2287//146 1552//146 2261//146
f 2284//147 6565//147 2261//147 1553//147
f 306//127 2598//127 6566//127 2597//127
f 2598//126 307//126 2599//126 6566//126
f 6566//126 2599//126 303//126 2590//126
f 2597//127 6566//127 2590//127 302//127
f 305//128 2596//128 6567//128 2595//128
f 2596//130 306//130 2597//130 6567//130
f 6567//130 2597//130 302//130 2588//130
f 2595//128 6567//128 2588//128 301//128
f 304//117 2594//117 6568//117 2593//117
f 2594//118 301//118 2587//118 6568//118
f 6568//118 2587//118 297//118 2586//118
f 2593//117 6568//117 2586//117 300//117
f 303//119 2592//119 6569//119 2591//119
f 2592//120 304//120 2593//120 6569//120
f 6569//120 2593//120 300//120 2584//120
f 2591//119 6569//119 2584//119 299//119
f 302//127 2590//127 6570//127 2589//127
f 2590//126 303//126 2591//126 6570//126
f 6570//126 2591//126 299//126 2582//126
f 2589//127 6570//127 2582//127 298//127
f 415//148 2350//148 6571//148 2349//148
f 618//149 2351//149 6571//149 2350//149
f 1548//150 2349//150 6571//150 2351//150
f 301//128 2588//128 6572//128 2587//128
f 2588//130 302//130 2589//130 6572//130
f 6572//130 2589//130 298//130 2580//130
f 2587//128 6572//128 2580//128 297//128
f 300//117 2586//117 6573//117 2585//117
f 2586//118 297//118 2579//118 6573//118
f 6573//118 2579//118 293//118 2578//118
f 2585//117 6573//117 2578//117 296//117
f 299//119 2584//119 6574//119 2583//119
f 2584//120 300//120 2585//120 6574//120
f 6574//120 2585//120 296//120 2576//120
f 2583//119 6574//119 2576//119 295//119
f 619//151 2356//151 6575//151 2354//151
f 419//152 2336//152 6575//152 2356//152
f 1550//153 2354//153 6575//153 2336//153
f 298//127 2582//127 6576//127 2581//127
f 2582//126 299//126 2583//126 6576//126
f 6576//126 2583//126 295//126 2574//126
f 2581//127 6576//127 2574//127 294//127
f 297//128 2580//128 6577//128 2579//128
f 2580//130 298//130 2581//130 6577//130
f 6577//130 2581//130 294//130 2572//130
f 2579//128 6577//128 2572//128 293//128
f 620//154 2360//154 6578//154 2359//154
f 617//155 2361//155 6578//155 2360//155
f 418//156 2359//156 6578//156 2361//156
f 296//117 2578//117 6579//117 2577//117
f 2578//118 293//118 2571//118 6579//118
f 6579//118 2571//118 289//118 2570//118
f 2577//117 6579//117 2570//117 292//117
f 295//119 2576//119 6580//119 2575//119
f 2576//120 296//120 2577//120 6580//120
f 6580//120 2577//120 292//120 2568//120
f 2575//119 6580//119 2568//119 291//119
f 294//127 2574//127 6581//127 2573//127
f 2574//126 295//126 2575//126 6581//126
f 6581//126 2575//126 291//126 2566//126
f 2573//127 6581//127 2566//127 290//127
f 293//128 2572//128 6582//128 2571//128
f 2572//130 294//130 2573//130 6582//130
f 6582//130 2573//130 290//130 2564//130
f 2571//128 6582//128 2564//128 289//128
f 292//117 2570//117 6583//117 2569//117
f 2570//118 289//118 2563//118 6583//118
f 6583//118 2563//118 285//118 2562//118
f 2569//117 6583//117 2562//117 288//117
f 291//119 2568//119 6584//119 2567//119
f 2568//120 292//120 2569//120 6584//120
f 6584//120 2569//120 288//120 2560//120
f 2567//119 6584//119 2560//119 287//119
f 290//127 2566//127 6585//127 2565//127
f 2566//126 291//126 2567//126 6585//126
f 6585//126 2567//126 287//126 2558//126
f 2565//127 6585//127 2558//127 286//127
f 289//128 2564//128 6586//128 2563//128
f 2564//130 290//130 2565//130 6586//130
f 6586//130 2565//130 286//130 2556//130
f 2563//128 6586//128 2556//128 285//128
f 288//117 2562//117 6587//117 2561//117
f 2562//118 285//118 2555//118 6587//118
f 6587//118 2555//118 281//118 2554//118
f 2561//117 6587//117 2554//117 284//117
f 287//119 2560//119 6588//119 2559//119
f 2560//120 288//120 2561//120 6588//120
f 6588//120 2561//120 284//120 2552//120
f 2559//119 6588//119 2552//119 283//119
f 286//127 2558//127 6589//127 2557//127
f 2558//126 287//126 2559//126 6589//126
f 6589//126 2559//126 283//126 2550//126
f 2557//127 6589//127 2550//127 282//127
f 285//128 2556//128 6590//128 2555//128
f 2556//130 286//130 2557//130 6590//130
f 6590//130 2557//130 282//130 2548//130
f 2555//128 6590//128 2548//128 281//128
f 284//117 2554//117 6591//117 2553//117
f 2554//118 281//118 2547//118 6591//118
f 6591//118 2547//118 277//118 2546//118
f 2553//117 6591//117 2546//117 280//117
f 283//119 2552//119 6592//119 2551//119
f 2552//120 284//120 2553//120 6592//120
f 6592//120 2553//120 280//120 2544//120
f 2551//119 6592//119 2544//119 279//119
f 282//127 2550//127 6593//127 2549//127
f 2550//126 283//126 2551//126 6593//126
f 6593//126 2551//126 279//126 2542//126
f 2549//127 6593//127 2542//127 278//127
f 530//157 2395//157 6594//157 2393//157
f 1520//158 2374//158 6594//158 2395//158
f 423//159 2393//159 6594//159 2374//159
f 1163//160 2308//160 6595//160 2315//160
f 2308//161 409//161 2305//161 6595//161
f 6595//162 2305//162 410//162 2303//162
f 2315//163 6595//163 2303//163 1873//163
f 281//128 2548//128 6596//128 2547//128
f 2548//130 282//130 2549//130 6596//130
f 6596//130 2549//130 278//130 2540//130
f 2547//128 6596//128 2540//128 277//128
f 280//164 2546//164 6597//164 2545//164
f 2546//165 277//165 2539//165 6597//165
f 6597//166 2539//166 1//166 2481//166
f 2545//167 6597//167 2481//167 4//167
f 531//168 2400//168 6598//168 2399//168
f 427//169 2381//169 6598//169 2400//169
f 1523//170 2399//170 6598//170 2381//170
f 279//171 2544//171 6599//171 2543//171
f 2544//172 280//172 2545//172 6599//172
f 6599//173 2545//173 4//173 2469//173
f 2543//174 6599//174 2469//174 3//174
f 403//175 2230//175 6600//175 2229//175
f 2230//176 404//176 2211//176 6600//176
f 6600//177 2211//177 1568//177 2209//177
f 2229//178 6600//178 2209//178 1569//178
f 278//179 2542//179 6601//179 2541//179
f 2542//180 279//180 2543//180 6601//180
f 6601//181 2543//181 3//181 2472//181
f 2541//182 6601//182 2472//182 2//182
f 277//183 2540//183 6602//183 2539//183
f 2540//184 278//184 2541//184 6602//184
f 6602//185 2541//185 2//185 2478//185
f 2539//186 6602//186 2478//186 1//186
f 276//187 2536//187 6603//187 2535//187
f 2536//188 275//188 2537//188 6603//188
f 6603//189 2537//189 274//189 2538//189
f 2535//190 6603//190 2538//190 273//190
f 272//191 2532//191 6604//191 2531//191
f 2532//192 271//192 2533//192 6604//192
f 6604//193 2533//193 270//193 2534//193
f 2531//194 6604//194 2534//194 269//194
f 264//195 2528//195 6605//195 2527//195
f 2528//196 263//196 2529//196 6605//196
f 6605//197 2529//197 262//197 2530//197
f 2527//198 6605//198 2530//198 261//198
f 256//199 2524//199 6606//199 2523//199
f 2524//200 255//200 2525//200 6606//200
f 6606//201 2525//201 254//201 2526//201
f 2523//202 6606//202 2526//202 253//202
f 248//203 2520//203 6607//203 2519//203
f 2520//204 247//204 2521//204 6607//204
f 6607//205 2521//205 246//205 2522//205
f 2519//206 6607//206 2522//206 245//206
f 1845//207 2414//207 6608//207 2416//207
f 529//208 2415//208 6608//208 2414//208
f 422//209 2416//209 6608//209 2415//209
f 240//210 2516//210 6609//210 2515//210
f 2516//211 239//211 2517//211 6609//211
f 6609//212 2517//212 238//212 2518//212
f 2515//213 6609//213 2518//213 237//213
f 208//214 2512//214 6610//214 2511//214
f 2512//215 207//215 2513//215 6610//215
f 6610//216 2513//216 206//216 2514//216
f 2511//217 6610//217 2514//217 205//217
f 204//218 2508//218 6611//218 2507//218
f 2508//219 203//219 2509//219 6611//219
f 6611//220 2509//220 202//220 2510//220
f 2507//221 6611//221 2510//221 201//221
f 196//222 2504//222 6612//222 2503//222
f 2504//223 195//223 2505//223 6612//223
f 6612//224 2505//224 194//224 2506//224
f 2503//225 6612//225 2506//225 193//225
f 426//226 2421//226 6613//226 2408//226
f 1846//227 2422//227 6613//227 2421//227
f 425//228 2408//228 6613//228 2422//228
f 1846//229 2423//229 6614//229 2422//229
f 1844//230 2410//230 6614//230 2423//230
f 425//231 2422//231 6614//231 2410//231
f 188//232 2500//232 6615//232 2499//232
f 2500//233 187//233 2501//233 6615//233
f 6615//234 2501//234 186//234 2502//234
f 2499//235 6615//235 2502//235 185//235
f 180//236 2496//236 6616//236 2495//236
f 2496//237 179//237 2497//237 6616//237
f 6616//238 2497//238 178//238 2498//238
f 2495//239 6616//239 2498//239 177//239
f 172//240 2492//240 6617//240 2491//240
f 2492//241 171//241 2493//241 6617//241
f 6617//242 2493//242 170//242 2494//242
f 2491//243 6617//243 2494//243 169//243
f 140//244 2488//244 6618//244 2487//244
f 2488//245 139//245 2489//245 6618//245
f 6618//246 2489//246 138//246 2490//246
f 2487//247 6618//247 2490//247 137//247
f 132//248 2433//248 6619//248 2441//248
f 2433//249 131//249 2485//249 6619//249
f 6619//250 2485//250 130//250 2486//250
f 2441//251 6619//251 2486//251 129//251
f 124//252 2477//252 6620//252 2484//252
f 2477//253 123//253 2457//253 6620//253
f 6620//254 2457//254 122//254 2449//254
f 2484//255 6620//255 2449//255 121//255
f 112//256 2168//256 6621//256 2174//256
f 2168//257 111//257 2165//257 6621//257
f 6621//258 2165//258 110//258 2154//258
f 2174//259 6621//259 2154//259 109//259
f 401//260 2231//260 6622//260 2232//260
f 2231//261 1246//261 2215//261 6622//261
f 6622//262 2215//262 1247//262 2210//262
f 2232//263 6622//263 2210//263 404//263
f 1910//264 2482//264 6623//264 2473//264
f 2482//265 1911//265 2483//265 6623//265
f 6623//266 2483//266 716//266 2476//266
f 2473//267 6623//267 2476//267 713//267
f 100//268 2186//268 6624//268 2188//268
f 2186//269 99//269 2183//269 6624//269
f 6624//270 2183//270 98//270 2177//270
f 2188//271 6624//271 2177//271 97//271
f 92//272 2197//272 6625//272 2200//272
f 2197//273 91//273 2195//273 6625//273
f 6625//274 2195//274 90//274 2190//274
f 2200//275 6625//275 2190//275 89//275
f 80//276 2218//276 6626//276 2223//276
f 2218//277 79//277 2217//277 6626//277
f 6626//278 2217//278 78//278 2212//278
f 2223//279 6626//279 2212//279 77//279
f 72//280 2245//280 6627//280 2250//280
f 2245//281 71//281 2239//281 6627//281
f 6627//282 2239//282 70//282 2226//282
f 2250//283 6627//283 2226//283 69//283
f 1359//284 2252//284 6628//284 2249//284
f 2252//285 402//285 2233//285 6628//285
f 6628//286 2233//286 403//286 2228//286
f 2249//287 6628//287 2228//287 1358//287
f 619//288 2354//288 6629//288 2352//288
f 2354//289 1550//289 2329//289 6629//289
f 6629//290 2329//290 1548//290 2351//290
f 2352//291 6629//291 2351//291 618//291
f 64//292 2259//292 6630//292 2264//292
f 2259//293 63//293 2254//293 6630//293
f 6630//294 2254//294 62//294 2251//294
f 2264//295 6630//295 2251//295 61//295
f 56//296 2276//296 6631//296 2281//296
f 2276//297 55//297 2273//297 6631//297
f 6631//298 2273//298 54//298 2272//298
f 2281//299 6631//299 2272//299 53//299
f 48//300 2296//300 6632//300 2302//300
f 2296//301 47//301 2289//301 6632//301
f 6632//302 2289//302 46//302 2285//302
f 2302//303 6632//303 2285//303 45//303
f 36//304 2314//304 6633//304 2316//304
f 2314//305 35//305 2309//305 6633//305
f 6633//306 2309//306 34//306 2304//306
f 2316//307 6633//307 2304//307 33//307
f 1873//308 2338//308 6634//308 2313//308
f 2338//309 2149//309 2328//309 6634//309
f 6634//310 2328//310 2152//310 2353//310
f 2313//311 6634//311 2353//311 1871//311
f 1871//312 2353//312 6635//312 2298//312
f 2353//313 2152//313 2326//313 6635//313
f 6635//314 2326//314 2151//314 2345//314
f 2298//315 6635//315 2345//315 1296//315
f 1296//316 2345//316 6636//316 2299//316
f 2345//317 2151//317 2321//317 6636//317
f 6636//318 2321//318 2150//318 2331//318
f 2299//319 6636//319 2331//319 1872//319
f 921//320 2373//320 6637//320 2192//320
f 2373//321 2145//321 2365//321 6637//321
f 6637//322 2365//322 2148//322 2388//322
f 2192//323 6637//323 2388//323 1570//323
f 1570//324 2388//324 6638//324 2170//324
f 2388//325 2148//325 2362//325 6638//325
f 6638//326 2362//326 2147//326 2382//326
f 2170//327 6638//327 2382//327 1571//327
f 1571//328 2382//328 6639//328 2175//328
f 2382//329 2147//329 2358//329 6639//329
f 6639//330 2358//330 2146//330 2368//330
f 2175//331 6639//331 2368//331 862//331
f 1090//332 2413//332 6640//332 2322//332
f 2413//333 2143//333 2405//333 6640//333
f 6640//334 2405//334 2142//334 2424//334
f 2322//335 6640//335 2424//335 1091//335
f 1091//336 2424//336 6641//336 2307//336
f 2424//337 2142//337 2398//337 6641//337
f 6641//338 2398//338 2141//338 2420//338
f 2307//339 6641//339 2420//339 1092//339
f 1298//340 2221//340 6642//340 2257//340
f 2221//341 1554//341 2214//341 6642//341
f 6642//342 2214//342 1551//342 2235//342
f 2257//343 6642//343 2235//343 407//343
f 1358//344 2227//344 6643//344 2225//344
f 2227//345 1569//345 2207//345 6643//345
f 6643//346 2207//346 399//346 2224//346
f 2225//347 6643//347 2224//347 1357//347
f 1092//348 2420//348 6644//348 2312//348
f 2420//349 2141//349 2392//349 6644//349
f 6644//350 2392//350 2144//350 2409//350
f 2312//351 6644//351 2409//351 1549//351
f 862//352 2445//352 6645//352 2176//352
f 2445//353 2140//353 2436//353 6645//353
f 6645//354 2436//354 2137//354 2450//354
f 2176//355 6645//355 2450//355 788//355
f 788//356 2450//356 6646//356 2179//356
f 2450//357 2137//357 2435//357 6646//357
f 6646//358 2435//358 2138//358 2443//358
f 2179//359 6646//359 2443//359 787//359
f 1//360 2478//360 6647//360 2481//360
f 2478//361 2//361 2472//361 6647//361
f 6647//362 2472//362 3//362 2469//362
f 2481//363 6647//363 2469//363 4//363
f 425//364 2410//364 6648//364 2401//364
f 2410//365 1844//365 2411//365 6648//365
f 6648//366 2411//366 995//366 2384//366
f 2401//367 6648//367 2384//367 996//367
f 617//368 2363//368 6649//368 2361//368
f 2363//369 1868//369 2340//369 6649//369
f 6649//370 2340//370 1869//370 2337//370
f 2361//371 6649//371 2337//371 418//371
f 1910//372 2473//372 6650//372 2471//372
f 2473//373 713//373 2474//373 6650//373
f 6650//374 2474//374 430//374 2447//374
f 2471//375 6650//375 2447//375 429//375
f 436//376 2391//376 6651//376 2426//376
f 2391//377 433//377 2385//377 6651//377
f 6651//378 2385//378 1589//378 2403//378
f 2426//379 6651//379 2403//379 1590//379
f 1163//380 2310//380 6652//380 2308//380
f 2310//381 1164//381 2283//381 6652//381
f 6652//382 2283//382 412//382 2306//382
f 2308//383 6652//383 2306//383 409//383
f 410//384 2277//384 6653//384 2275//384
f 2277//385 411//385 2278//385 6653//385
f 6653//386 2278//386 1298//386 2274//386
f 2275//387 6653//387 2274//387 1299//387
f 1878//388 2240//388 6654//388 2238//388
f 2240//389 1245//389 2213//389 6654//389
f 6654//390 2213//390 1246//390 2237//390
f 2238//391 6654//391 2237//391 1881//391
f 429//392 2446//392 6655//392 2444//392
f 2446//393 432//393 2377//393 6655//393
f 6655//394 2377//394 433//394 2440//394
f 2444//395 6655//395 2440//395 434//395
f 1844//396 2418//396 6656//396 2412//396
f 2418//397 1845//397 2416//397 6656//397
f 6656//398 2416//398 422//398 2396//398
f 2412//399 6656//399 2396//399 421//399
f 713//400 2475//400 6657//400 2474//400
f 2475//401 714//401 2451//401 6657//401
f 6657//402 2451//402 431//402 2448//402
f 2474//403 6657//403 2448//403 430//403
f 1873//404 2313//404 6658//404 2315//404
f 2313//405 1871//405 2295//405 6658//405
f 6658//406 2295//406 1162//406 2311//406
f 2315//407 6658//407 2311//407 1163//407
f 417//408 2319//408 6659//408 2317//408
f 2319//409 1870//409 2320//409 6659//409
f 6659//410 2320//410 1091//410 2260//410
f 2317//411 6659//411 2260//411 420//411
f 1356//412 2246//412 6660//412 2244//412
f 2246//413 398//413 2220//413 6660//413
f 6660//414 2220//414 397//414 2243//414
f 2244//415 6660//415 2243//415 1879//415
f 1550//416 2336//416 6661//416 2330//416
f 2336//417 419//417 2335//417 6661//417
f 6661//418 2335//418 420//418 2269//418
f 2330//419 6661//419 2269//419 1092//419
f 381//420 2459//420 6662//420 2458//420
f 2459//421 435//421 2442//421 6662//421
f 6662//422 2442//422 436//422 2434//422
f 2458//423 6662//423 2434//423 384//423
f 532//424 2406//424 6663//424 2404//424
f 2406//425 426//425 2407//425 6663//425
f 6663//426 2407//426 427//426 2400//426
f 2404//427 6663//427 2400//427 531//427
f 529//428 2417//428 6664//428 2415//428
f 2417//429 530//429 2393//429 6664//429
f 6664//430 2393//430 423//430 2394//430
f 2415//431 6664//431 2394//431 422//431
f 414//432 2371//432 6665//432 2367//432
f 2371//433 617//433 2370//433 6665//433
f 6665//434 2370//434 618//434 2350//434
f 2367//435 6665//435 2350//435 415//435
f 531//436 2399//436 6666//436 2397//436
f 2399//437 1523//437 2376//437 6666//437
f 6666//438 2376//438 1520//438 2395//438
f 2397//439 6666//439 2395//439 530//439
f 425//440 2401//440 6667//440 2402//440
f 2401//441 996//441 2386//441 6667//441
f 6667//442 2386//442 997//442 2379//442
f 2402//443 6667//443 2379//443 428//443
f 414//444 2366//444 6668//444 2371//444
f 2366//445 413//445 2364//445 6668//445
f 6668//446 2364//446 1868//446 2363//446
f 2371//447 6668//447 2363//447 617//447
f 862//448 2368//448 6669//448 2193//448
f 2368//449 2146//449 2355//449 6669//449
f 6669//450 2355//450 2145//450 2373//450
f 2193//451 6669//451 2373//451 921//451
f 716//452 2463//452 6670//452 2461//452
f 2463//453 382//453 2455//453 6670//453
f 6670//454 2455//454 383//454 2460//454
f 2461//455 6670//455 2460//455 715//455
f 427//456 2383//456 6671//456 2381//456
f 2383//457 428//457 2380//457 6671//457
f 6671//458 2380//458 1522//458 2378//458
f 2381//459 6671//459 2378//459 1523//459
f 412//460 2282//460 6672//460 2280//460
f 2282//461 1553//461 2208//461 6672//461
f 6672//462 2208//462 1554//462 2279//462
f 2280//463 6672//463 2279//463 411//463
f 1867//464 2344//464 6673//464 2343//464
f 2344//465 1090//465 2322//465 6673//465
f 6673//466 2322//466 1091//466 2320//466
f 2343//467 6673//467 2320//467 1870//467
f 1880//468 2255//468 6674//468 2253//468
f 2255//469 1881//469 2236//469 6674//469
f 6674//470 2236//470 401//470 2234//470
f 2253//471 6674//471 2234//471 402//471
f 432//472 2428//472 6675//472 2377//472
f 2428//473 431//473 2429//473 6675//473
f 6675//474 2429//474 1589//474 2385//474
f 2377//475 6675//475 2385//475 433//475
f 383//476 2438//476 6676//476 2437//476
f 2438//477 384//477 2434//477 6676//477
f 6676//478 2434//478 436//478 2426//478
f 2437//479 6676//479 2426//479 1590//479
f 1161//480 2293//480 6677//480 2288//480
f 2293//481 1162//481 2294//481 6677//481
f 6677//482 2294//482 405//482 2268//482
f 2288//483 6677//483 2268//483 408//483
f 423//484 2374//484 6678//484 2372//484
f 2374//485 1520//485 2375//485 6678//485
f 6678//486 2375//486 1521//486 2324//486
f 2372//487 6678//487 2324//487 424//487
f 1909//488 2470//488 6679//488 2468//488
f 2470//489 1910//489 2471//489 6679//489
f 6679//490 2471//490 429//490 2444//490
f 2468//491 6679//491 2444//491 434//491
f 1247//492 2160//492 6680//492 2203//492
f 2160//493 400//493 2204//493 6680//493
f 6680//494 2204//494 1567//494 2173//494
f 2203//495 6680//495 2173//495 1568//495
f 1845//496 2425//496 6681//496 2414//496
f 2425//497 426//497 2406//497 6681//497
f 6681//498 2406//498 532//498 2419//498
f 2414//499 6681//499 2419//499 529//499
f 408//500 2265//500 6682//500 2263//500
f 2265//501 407//501 2235//501 6682//501
f 6682//502 2235//502 1551//502 2262//502
f 2263//503 6682//503 2262//503 1552//503
f 620//504 2359//504 6683//504 2357//504
f 2359//505 418//505 2332//505 6683//505
f 6683//506 2332//506 419//506 2356//506
f 2357//507 6683//507 2356//507 619//507
f 416//508 2348//508 6684//508 2327//508
f 2348//509 415//509 2349//509 6684//509
f 6684//510 2349//510 1548//510 2325//510
f 2327//511 6684//511 2325//511 1549//511
f 715//512 2454//512 6685//512 2453//512
f 2454//513 1591//513 2431//513 6685//513
f 6685//514 2431//514 1588//514 2452//514
f 2453//515 6685//515 2452//515 714//515
f 1909//516 2468//516 6686//516 2466//516
f 2468//517 434//517 2439//517 6686//517
f 6686//518 2439//518 435//518 2465//518
f 2466//519 6686//519 2465//519 1912//519
f 1878//520 2241//520 6687//520 2240//520
f 2241//521 397//521 2219//521 6687//521
f 6687//522 2219//522 400//522 2216//522
f 2240//523 6687//523 2216//523 1245//523
f 1871//524 2297//524 6688//524 2295//524
f 2297//525 406//525 2270//525 6688//525
f 6688//526 2270//526 405//526 2294//526
f 2295//527 6688//527 2294//527 1162//527
f 1873//528 2303//528 6689//528 2301//528
f 2303//529 410//529 2275//529 6689//529
f 6689//530 2275//530 1299//530 2300//530
f 2301//531 6689//531 2300//531 1872//531
f 997//532 2334//532 6690//532 2369//532
f 2334//533 424//533 2324//533 6690//533
f 6690//534 2324//534 1521//534 2342//534
f 2369//535 6690//535 2342//535 1522//535
f 24//536 2464//536 6691//536 2467//536
f 2464//537 23//537 2462//537 6691//537
f 6691//538 2462//538 22//538 2427//538
f 2467//539 6691//539 2427//539 21//539
f 413//540 2347//540 6692//540 2346//540
f 2347//541 416//541 2327//541 6692//541
f 6692//542 2327//542 1549//542 2323//542
f 2346//543 6692//543 2323//543 1090//543
f 714//544 2452//544 6693//544 2451//544
f 2452//545 1588//545 2430//545 6693//545
f 6693//546 2430//546 1589//546 2429//546
f 2451//547 6693//547 2429//547 431//547
f 1869//548 2339//548 6694//548 2337//548
f 2339//549 1870//549 2319//549 6694//549
f 6694//550 2319//550 417//550 2333//550
f 2337//551 6694//551 2333//551 418//551
f 715//552 2460//552 6695//552 2454//552
f 2460//553 383//553 2437//553 6695//553
f 6695//554 2437//554 1590//554 2432//554
f 2454//555 6695//555 2432//555 1591//555
f 406//556 2290//556 6696//556 2271//556
f 2290//557 1296//557 2291//557 6696//557
f 6696//558 2291//558 1297//558 2267//558
f 2271//559 6696//559 2267//559 407//559
f 1844//560 2412//560 6697//560 2411//560
f 2412//561 421//561 2390//561 6697//561
f 6697//562 2390//562 424//562 2387//562
f 2411//563 6697//563 2387//563 995//563
f 1872//564 2331//564 6698//564 2301//564
f 2331//565 2150//565 2318//565 6698//565
f 6698//566 2318//566 2149//566 2338//566
f 2301//567 6698//567 2338//567 1873//567
f 1911//568 2479//568 6699//568 2483//568
f 2479//569 381//569 2456//569 6699//569
f 6699//570 2456//570 382//570 2463//570
f 2483//571 6699//571 2463//571 716//571
f 1868//572 2364//572 6700//572 2341//572
f 2364//573 413//573 2346//573 6700//573
f 6700//574 2346//574 1090//574 2344//574
f 2341//575 6700//575 2344//575 1867//575
f 922//576 2196//576 6701//576 2194//576
f 2196//577 787//577 2178//577 6701//577
f 6701//578 2178//578 862//578 2193//578
f 2194//579 6701//579 2193//579 921//579
f 919//580 2202//580 6702//580 2201//580
f 2202//581 920//581 2189//581 6702//581
f 6702//582 2189//582 391//582 2172//582
f 2201//583 6702//583 2172//583 390//583
f 919//584 2201//584 6703//584 2199//584
f 2201//585 390//585 2187//585 6703//585
f 6703//586 2187//586 1883//586 2184//586
f 2199//587 6703//587 2184//587 1884//587
f 1911//588 2480//588 6704//588 2479//588
f 2480//589 1912//589 2465//589 6704//589
f 6704//590 2465//590 435//590 2459//590
f 2479//591 6704//591 2459//591 381//591
f 389//592 2166//592 6705//592 2164//592
f 2166//593 392//593 2155//593 6705//593
f 6705//594 2155//594 785//594 2163//594
f 2164//595 6705//595 2163//595 1882//595
f 1356//596 2247//596 6706//596 2246//596
f 2247//597 1357//597 2224//597 6706//597
f 6706//598 2224//598 399//598 2222//598
f 2246//599 6706//599 2222//599 398//599
f 922//600 2198//600 6707//600 2196//600
f 2198//601 919//601 2199//601 6707//601
f 6707//602 2199//602 1884//602 2181//602
f 2196//603 6707//603 2181//603 787//603
f 920//604 2191//604 6708//604 2189//604
f 2191//605 921//605 2192//605 6708//605
f 6708//606 2192//606 1570//606 2167//606
f 2189//607 6708//607 2167//607 391//607
f 1883//608 2187//608 6709//608 2185//608
f 2187//609 390//609 2171//609 6709//609
f 6709//610 2171//610 389//610 2164//610
f 2185//611 6709//611 2164//611 1882//611
f 1570//612 2170//612 6710//612 2167//612
f 2170//613 1571//613 2153//613 6710//613
f 6710//614 2153//614 392//614 2169//614
f 2167//615 6710//615 2169//615 391//615
f 1571//616 2156//616 6711//616 2153//616
f 2156//617 861//617 2157//617 6711//617
f 6711//618 2157//618 785//618 2155//618
f 2153//619 6711//619 2155//619 392//619
f 788//620 2158//620 6712//620 2176//620
f 2158//621 861//621 2156//621 6712//621
f 6712//622 2156//622 1571//622 2175//622
f 2176//623 6712//623 2175//623 862//623
f 386//624 2766//624 6713//624 2765//624
f 2766//625 387//625 2767//625 6713//625
f 6713//626 2767//626 383//626 2455//626
f 2765//627 6713//627 2455//627 382//627
f 387//628 2768//628 6714//628 2767//628
f 2768//629 388//629 2769//629 6714//629
f 6714//630 2769//630 384//630 2438//630
f 2767//631 6714//631 2438//631 383//631
f 388//632 2770//632 6715//632 2769//632
f 2770//633 385//633 2763//633 6715//633
f 6715//634 2763//634 381//634 2458//634
f 2769//635 6715//635 2458//635 384//635
f 389//636 2171//636 6716//636 2771//636
f 2171//637 390//637 2772//637 6716//637
f 6716//638 2772//638 386//638 2764//638
f 2771//639 6716//639 2764//639 385//639
f 390//640 2172//640 6717//640 2772//640
f 2172//641 391//641 2773//641 6717//641
f 6717//642 2773//642 387//642 2766//642
f 2772//643 6717//643 2766//643 386//643
f 391//644 2169//644 6718//644 2773//644
f 2169//645 392//645 2774//645 6718//645
f 6718//646 2774//646 388//646 2768//646
f 2773//647 6718//647 2768//647 387//647
f 392//648 2166//648 6719//648 2774//648
f 2166//649 389//649 2771//649 6719//649
f 6719//650 2771//650 385//650 2770//650
f 2774//651 6719//651 2770//651 388//651
f 393//652 2776//652 6720//652 2775//652
f 2776//653 394//653 2777//653 6720//653
f 6720//654 2777//654 10//654 2756//654
f 2775//655 6720//655 2756//655 9//655
f 394//656 2778//656 6721//656 2777//656
f 2778//657 395//657 2779//657 6721//657
f 6721//658 2779//658 11//658 2758//658
f 2777//659 6721//659 2758//659 10//659
f 395//660 2780//660 6722//660 2779//660
f 2780//661 396//661 2781//661 6722//661
f 6722//662 2781//662 12//662 2760//662
f 2779//663 6722//663 2760//663 11//663
f 396//664 2782//664 6723//664 2781//664
f 2782//665 393//665 2775//665 6723//665
f 6723//666 2775//666 9//666 2762//666
f 2781//667 6723//667 2762//667 12//667
f 397//668 2220//668 6724//668 2783//668
f 2220//669 398//669 2784//669 6724//669
f 6724//670 2784//670 394//670 2776//670
f 2783//671 6724//671 2776//671 393//671
f 398//672 2222//672 6725//672 2784//672
f 2222//673 399//673 2785//673 6725//673
f 6725//674 2785//674 395//674 2778//674
f 2784//675 6725//675 2778//675 394//675
f 399//676 2205//676 6726//676 2785//676
f 2205//677 400//677 2786//677 6726//677
f 6726//678 2786//678 396//678 2780//678
f 2785//679 6726//679 2780//679 395//679
f 400//680 2219//680 6727//680 2786//680
f 2219//681 397//681 2783//681 6727//681
f 6727//682 2783//682 393//682 2782//682
f 2786//683 6727//683 2782//683 396//683
f 405//684 2270//684 6728//684 2787//684
f 2270//685 406//685 2788//685 6728//685
f 6728//686 2788//686 402//686 2234//686
f 2787//687 6728//687 2234//687 401//687
f 406//688 2271//688 6729//688 2788//688
f 2271//689 407//689 2789//689 6729//689
f 6729//690 2789//690 403//690 2233//690
f 2788//691 6729//691 2233//691 402//691
f 407//692 2265//692 6730//692 2789//692
f 2265//693 408//693 2790//693 6730//693
f 6730//694 2790//694 404//694 2230//694
f 2789//695 6730//695 2230//695 403//695
f 408//696 2268//696 6731//696 2790//696
f 2268//697 405//697 2787//697 6731//697
f 6731//698 2787//698 401//698 2232//698
f 2790//699 6731//699 2232//699 404//699
f 413//700 2366//700 6732//700 2791//700
f 2366//701 414//701 2792//701 6732//701
f 6732//702 2792//702 410//702 2305//702
f 2791//703 6732//703 2305//703 409//703
f 414//704 2367//704 6733//704 2792//704
f 2367//705 415//705 2793//705 6733//705
f 6733//706 2793//706 411//706 2277//706
f 2792//707 6733//707 2277//707 410//707
f 415//708 2348//708 6734//708 2793//708
f 2348//709 416//709 2794//709 6734//709
f 6734//710 2794//710 412//710 2280//710
f 2793//711 6734//711 2280//711 411//711
f 416//712 2347//712 6735//712 2794//712
f 2347//713 413//713 2791//713 6735//713
f 6735//714 2791//714 409//714 2306//714
f 2794//715 6735//715 2306//715 412//715
f 421//716 2396//716 6736//716 2795//716
f 2396//717 422//717 2796//717 6736//717
f 6736//718 2796//718 418//718 2333//718
f 2795//719 6736//719 2333//719 417//719
f 422//720 2394//720 6737//720 2796//720
f 2394//721 423//721 2797//721 6737//721
f 6737//722 2797//722 419//722 2332//722
f 2796//723 6737//723 2332//723 418//723
f 423//724 2372//724 6738//724 2797//724
f 2372//725 424//725 2798//725 6738//725
f 6738//726 2798//726 420//726 2335//726
f 2797//727 6738//727 2335//727 419//727
f 424//728 2390//728 6739//728 2798//728
f 2390//729 421//729 2795//729 6739//729
f 6739//730 2795//730 417//730 2317//730
f 2798//731 6739//731 2317//731 420//731
f 429//732 2447//732 6740//732 2799//732
f 2447//733 430//733 2800//733 6740//733
f 6740//734 2800//734 426//734 2408//734
f 2799//735 6740//735 2408//735 425//735
f 430//736 2448//736 6741//736 2800//736
f 2448//737 431//737 2801//737 6741//737
f 6741//738 2801//738 427//738 2407//738
f 2800//739 6741//739 2407//739 426//739
f 431//740 2428//740 6742//740 2801//740
f 2428//741 432//741 2802//741 6742//741
f 6742//742 2802//742 428//742 2383//742
f 2801//743 6742//743 2383//743 427//743
f 432//744 2446//744 6743//744 2802//744
f 2446//745 429//745 2799//745 6743//745
f 6743//746 2799//746 425//746 2402//746
f 2802//747 6743//747 2402//747 428//747
f 437//748 2804//748 6744//748 2803//748
f 2804//749 438//749 2805//749 6744//749
f 6744//750 2805//750 434//750 2440//750
f 2803//751 6744//751 2440//751 433//751
f 438//752 2806//752 6745//752 2805//752
f 2806//753 439//753 2807//753 6745//753
f 6745//754 2807//754 435//754 2439//754
f 2805//755 6745//755 2439//755 434//755
f 439//756 2808//756 6746//756 2807//756
f 2808//757 440//757 2809//757 6746//757
f 6746//758 2809//758 436//758 2442//758
f 2807//759 6746//759 2442//759 435//759
f 440//760 2810//760 6747//760 2809//760
f 2810//761 437//761 2803//761 6747//761
f 6747//762 2803//762 433//762 2391//762
f 2809//763 6747//763 2391//763 436//763
f 441//764 2812//764 6748//764 2811//764
f 2812//765 442//765 2813//765 6748//765
f 6748//766 2813//766 438//766 2804//766
f 2811//767 6748//767 2804//767 437//767
f 442//768 2814//768 6749//768 2813//768
f 2814//769 443//769 2815//769 6749//769
f 6749//770 2815//770 439//770 2806//770
f 2813//771 6749//771 2806//771 438//771
f 443//772 2816//772 6750//772 2815//772
f 2816//773 444//773 2817//773 6750//773
f 6750//774 2817//774 440//774 2808//774
f 2815//775 6750//775 2808//775 439//775
f 444//776 2818//776 6751//776 2817//776
f 2818//777 441//777 2811//777 6751//777
f 6751//778 2811//778 437//778 2810//778
f 2817//779 6751//779 2810//779 440//779
f 445//780 2820//780 6752//780 2819//780
f 2820//781 446//781 2821//781 6752//781
f 6752//781 2821//781 442//781 2812//781
f 2819//780 6752//780 2812//780 441//780
f 446//782 2822//782 6753//782 2821//782
f 2822//783 447//783 2823//783 6753//783
f 6753//783 2823//783 443//783 2814//783
f 2821//782 6753//782 2814//782 442//782
f 447//784 2824//784 6754//784 2823//784
f 2824//785 448//785 2825//785 6754//785
f 6754//785 2825//785 444//785 2816//785
f 2823//784 6754//784 2816//784 443//784
f 448//786 2826//786 6755//786 2825//786
f 2826//787 445//787 2819//787 6755//787
f 6755//787 2819//787 441//787 2818//787
f 2825//786 6755//786 2818//786 444//786
f 449//780 2828//780 6756//780 2827//780
f 2828//781 450//781 2829//781 6756//781
f 6756//781 2829//781 446//781 2820//781
f 2827//780 6756//780 2820//780 445//780
f 450//782 2830//782 6757//782 2829//782
f 2830//788 451//788 2831//788 6757//788
f 6757//783 2831//783 447//783 2822//783
f 2829//782 6757//782 2822//782 446//782
f 451//784 2832//784 6758//784 2831//784
f 2832//785 452//785 2833//785 6758//785
f 6758//789 2833//789 448//789 2824//789
f 2831//784 6758//784 2824//784 447//784
f 452//786 2834//786 6759//786 2833//786
f 2834//787 449//787 2827//787 6759//787
f 6759//787 2827//787 445//787 2826//787
f 2833//786 6759//786 2826//786 448//786
f 453//790 2836//790 6760//790 2835//790
f 2836//781 454//781 2837//781 6760//781
f 6760//781 2837//781 450//781 2828//781
f 2835//791 6760//791 2828//791 449//791
f 454//782 2838//782 6761//782 2837//782
f 2838//783 455//783 2839//783 6761//783
f 6761//783 2839//783 451//783 2830//783
f 2837//782 6761//782 2830//782 450//782
f 455//784 2840//784 6762//784 2839//784
f 2840//785 456//785 2841//785 6762//785
f 6762//785 2841//785 452//785 2832//785
f 2839//784 6762//784 2832//784 451//784
f 456//786 2842//786 6763//786 2841//786
f 2842//787 453//787 2835//787 6763//787
f 6763//787 2835//787 449//787 2834//787
f 2841//786 6763//786 2834//786 452//786
f 457//792 2844//792 6764//792 2843//792
f 2844//793 458//793 2845//793 6764//793
f 6764//781 2845//781 454//781 2836//781
f 2843//794 6764//794 2836//794 453//794
f 458//795 2846//795 6765//795 2845//795
f 2846//796 459//796 2847//796 6765//796
f 6765//797 2847//797 455//797 2838//797
f 2845//798 6765//798 2838//798 454//798
f 459//799 2848//799 6766//799 2847//799
f 2848//800 460//800 2849//800 6766//800
f 6766//801 2849//801 456//801 2840//801
f 2847//802 6766//802 2840//802 455//802
f 460//803 2850//803 6767//803 2849//803
f 2850//804 457//804 2843//804 6767//804
f 6767//805 2843//805 453//805 2842//805
f 2849//786 6767//786 2842//786 456//786
f 13//806 2852//806 6768//806 2851//806
f 2852//807 14//807 2853//807 6768//807
f 6768//808 2853//808 458//808 2844//808
f 2851//809 6768//809 2844//809 457//809
f 14//810 2854//810 6769//810 2853//810
f 2854//811 15//811 2855//811 6769//811
f 6769//812 2855//812 459//812 2846//812
f 2853//813 6769//813 2846//813 458//813
f 15//814 2856//814 6770//814 2855//814
f 2856//815 16//815 2857//815 6770//815
f 6770//816 2857//816 460//816 2848//816
f 2855//817 6770//817 2848//817 459//817
f 16//818 2858//818 6771//818 2857//818
f 2858//819 13//819 2851//819 6771//819
f 6771//820 2851//820 457//820 2850//820
f 2857//821 6771//821 2850//821 460//821
f 461//822 2860//822 6772//822 2859//822
f 2860//823 462//823 2861//823 6772//823
f 6772//824 2861//824 14//824 2852//824
f 2859//825 6772//825 2852//825 13//825
f 462//826 2862//826 6773//826 2861//826
f 2862//827 463//827 2863//827 6773//827
f 6773//828 2863//828 15//828 2854//828
f 2861//829 6773//829 2854//829 14//829
f 463//830 2864//830 6774//830 2863//830
f 2864//831 464//831 2865//831 6774//831
f 6774//832 2865//832 16//832 2856//832
f 2863//833 6774//833 2856//833 15//833
f 464//834 2866//834 6775//834 2865//834
f 2866//835 461//835 2859//835 6775//835
f 6775//836 2859//836 13//836 2858//836
f 2865//837 6775//837 2858//837 16//837
f 465//838 2868//838 6776//838 2867//838
f 2868//839 466//839 2869//839 6776//839
f 6776//840 2869//840 462//840 2860//840
f 2867//841 6776//841 2860//841 461//841
f 466//842 2870//842 6777//842 2869//842
f 2870//843 467//843 2871//843 6777//843
f 6777//844 2871//844 463//844 2862//844
f 2869//845 6777//845 2862//845 462//845
f 467//846 2872//846 6778//846 2871//846
f 2872//847 468//847 2873//847 6778//847
f 6778//848 2873//848 464//848 2864//848
f 2871//849 6778//849 2864//849 463//849
f 468//850 2874//850 6779//850 2873//850
f 2874//851 465//851 2867//851 6779//851
f 6779//852 2867//852 461//852 2866//852
f 2873//853 6779//853 2866//853 464//853
f 469//854 2876//854 6780//854 2875//854
f 2876//855 470//855 2877//855 6780//855
f 6780//839 2877//839 466//839 2868//839
f 2875//856 6780//856 2868//856 465//856
f 470//857 2878//857 6781//857 2877//857
f 2878//858 471//858 2879//858 6781//858
f 6781//858 2879//858 467//858 2870//858
f 2877//857 6781//857 2870//857 466//857
f 471//859 2880//859 6782//859 2879//859
f 2880//860 472//860 2881//860 6782//860
f 6782//860 2881//860 468//860 2872//860
f 2879//859 6782//859 2872//859 467//859
f 472//861 2882//861 6783//861 2881//861
f 2882//862 469//862 2875//862 6783//862
f 6783//862 2875//862 465//862 2874//862
f 2881//861 6783//861 2874//861 468//861
f 473//856 2884//856 6784//856 2883//856
f 2884//855 474//855 2885//855 6784//855
f 6784//855 2885//855 470//855 2876//855
f 2883//854 6784//854 2876//854 469//854
f 474//857 2886//857 6785//857 2885//857
f 2886//858 475//858 2887//858 6785//858
f 6785//858 2887//858 471//858 2878//858
f 2885//857 6785//857 2878//857 470//857
f 475//863 2888//863 6786//863 2887//863
f 2888//860 476//860 2889//860 6786//860
f 6786//860 2889//860 472//860 2880//860
f 2887//859 6786//859 2880//859 471//859
f 476//861 2890//861 6787//861 2889//861
f 2890//862 473//862 2883//862 6787//862
f 6787//862 2883//862 469//862 2882//862
f 2889//861 6787//861 2882//861 472//861
f 477//856 2892//856 6788//856 2891//856
f 2892//839 478//839 2893//839 6788//839
f 6788//855 2893//855 474//855 2884//855
f 2891//854 6788//854 2884//854 473//854
f 478//857 2894//857 6789//857 2893//857
f 2894//858 479//858 2895//858 6789//858
f 6789//858 2895//858 475//858 2886//858
f 2893//857 6789//857 2886//857 474//857
f 479//859 2896//859 6790//859 2895//859
f 2896//864 480//864 2897//864 6790//864
f 6790//860 2897//860 476//860 2888//860
f 2895//863 6790//863 2888//863 475//863
f 480//861 2898//861 6791//861 2897//861
f 2898//862 477//862 2891//862 6791//862
f 6791//862 2891//862 473//862 2890//862
f 2897//861 6791//861 2890//861 476//861
f 481//856 2900//856 6792//856 2899//856
f 2900//839 482//839 2901//839 6792//839
f 6792//865 2901//865 478//865 2892//865
f 2899//856 6792//856 2892//856 477//856
f 482//857 2902//857 6793//857 2901//857
f 2902//858 483//858 2903//858 6793//858
f 6793//858 2903//858 479//858 2894//858
f 2901//857 6793//857 2894//857 478//857
f 483//863 2904//863 6794//863 2903//863
f 2904//864 484//864 2905//864 6794//864
f 6794//864 2905//864 480//864 2896//864
f 2903//863 6794//863 2896//863 479//863
f 484//861 2906//861 6795//861 2905//861
f 2906//862 481//862 2899//862 6795//862
f 6795//862 2899//862 477//862 2898//862
f 2905//861 6795//861 2898//861 480//861
f 485//854 2908//854 6796//854 2907//854
f 2908//855 486//855 2909//855 6796//855
f 6796//839 2909//839 482//839 2900//839
f 2907//854 6796//854 2900//854 481//854
f 486//857 2910//857 6797//857 2909//857
f 2910//858 487//858 2911//858 6797//858
f 6797//858 2911//858 483//858 2902//858
f 2909//857 6797//857 2902//857 482//857
f 487//859 2912//859 6798//859 2911//859
f 2912//860 488//860 2913//860 6798//860
f 6798//860 2913//860 484//860 2904//860
f 2911//859 6798//859 2904//859 483//859
f 488//861 2914//861 6799//861 2913//861
f 2914//862 485//862 2907//862 6799//862
f 6799//862 2907//862 481//862 2906//862
f 2913//861 6799//861 2906//861 484//861
f 489//866 2916//866 6800//866 2915//866
f 2916//867 490//867 2917//867 6800//867
f 6800//868 2917//868 486//868 2908//868
f 2915//869 6800//869 2908//869 485//869
f 490//870 2918//870 6801//870 2917//870
f 2918//871 491//871 2919//871 6801//871
f 6801//872 2919//872 487//872 2910//872
f 2917//857 6801//857 2910//857 486//857
f 491//873 2920//873 6802//873 2919//873
f 2920//874 492//874 2921//874 6802//874
f 6802//875 2921//875 488//875 2912//875
f 2919//876 6802//876 2912//876 487//876
f 492//877 2922//877 6803//877 2921//877
f 2922//878 489//878 2915//878 6803//878
f 6803//879 2915//879 485//879 2914//879
f 2921//861 6803//861 2914//861 488//861
f 17//880 2924//880 6804//880 2923//880
f 2924//881 18//881 2925//881 6804//881
f 6804//882 2925//882 490//882 2916//882
f 2923//883 6804//883 2916//883 489//883
f 18//884 2926//884 6805//884 2925//884
f 2926//885 19//885 2927//885 6805//885
f 6805//886 2927//886 491//886 2918//886
f 2925//887 6805//887 2918//887 490//887
f 19//888 2928//888 6806//888 2927//888
f 2928//889 20//889 2929//889 6806//889
f 6806//890 2929//890 492//890 2920//890
f 2927//891 6806//891 2920//891 491//891
f 20//892 2930//892 6807//892 2929//892
f 2930//893 17//893 2923//893 6807//893
f 6807//894 2923//894 489//894 2922//894
f 2929//895 6807//895 2922//895 492//895
f 493//896 2932//896 6808//896 2931//896
f 2932//897 494//897 2933//897 6808//897
f 6808//898 2933//898 18//898 2924//898
f 2931//899 6808//899 2924//899 17//899
f 494//900 2934//900 6809//900 2933//900
f 2934//901 495//901 2935//901 6809//901
f 6809//902 2935//902 19//902 2926//902
f 2933//903 6809//903 2926//903 18//903
f 495//904 2936//904 6810//904 2935//904
f 2936//905 496//905 2937//905 6810//905
f 6810//906 2937//906 20//906 2928//906
f 2935//907 6810//907 2928//907 19//907
f 496//908 2938//908 6811//908 2937//908
f 2938//909 493//909 2931//909 6811//909
f 6811//910 2931//910 17//910 2930//910
f 2937//911 6811//911 2930//911 20//911
f 497//912 2940//912 6812//912 2939//912
f 2940//913 498//913 2941//913 6812//913
f 6812//914 2941//914 494//914 2932//914
f 2939//915 6812//915 2932//915 493//915
f 498//916 2942//916 6813//916 2941//916
f 2942//917 499//917 2943//917 6813//917
f 6813//918 2943//918 495//918 2934//918
f 2941//919 6813//919 2934//919 494//919
f 499//920 2944//920 6814//920 2943//920
f 2944//921 500//921 2945//921 6814//921
f 6814//922 2945//922 496//922 2936//922
f 2943//923 6814//923 2936//923 495//923
f 500//924 2946//924 6815//924 2945//924
f 2946//925 497//925 2939//925 6815//925
f 6815//925 2939//925 493//925 2938//925
f 2945//926 6815//926 2938//926 496//926
f 501//927 2948//927 6816//927 2947//927
f 2948//928 502//928 2949//928 6816//928
f 6816//928 2949//928 498//928 2940//928
f 2947//929 6816//929 2940//929 497//929
f 502//930 2950//930 6817//930 2949//930
f 2950//931 503//931 2951//931 6817//931
f 6817//932 2951//932 499//932 2942//932
f 2949//930 6817//930 2942//930 498//930
f 503//933 2952//933 6818//933 2951//933
f 2952//934 504//934 2953//934 6818//934
f 6818//934 2953//934 500//934 2944//934
f 2951//933 6818//933 2944//933 499//933
f 504//935 2954//935 6819//935 2953//935
f 2954//936 501//936 2947//936 6819//936
f 6819//925 2947//925 497//925 2946//925
f 2953//935 6819//935 2946//935 500//935
f 505//927 2956//927 6820//927 2955//927
f 2956//928 506//928 2957//928 6820//928
f 6820//928 2957//928 502//928 2948//928
f 2955//937 6820//937 2948//937 501//937
f 506//930 2958//930 6821//930 2957//930
f 2958//932 507//932 2959//932 6821//932
f 6821//931 2959//931 503//931 2950//931
f 2957//930 6821//930 2950//930 502//930
f 507//933 2960//933 6822//933 2959//933
f 2960//934 508//934 2961//934 6822//934
f 6822//934 2961//934 504//934 2952//934
f 2959//933 6822//933 2952//933 503//933
f 508//935 2962//935 6823//935 2961//935
f 2962//936 505//936 2955//936 6823//936
f 6823//925 2955//925 501//925 2954//925
f 2961//935 6823//935 2954//935 504//935
f 509//937 2964//937 6824//937 2963//937
f 2964//938 510//938 2965//938 6824//938
f 6824//938 2965//938 506//938 2956//938
f 2963//927 6824//927 2956//927 505//927
f 510//939 2966//939 6825//939 2965//939
f 2966//932 511//932 2967//932 6825//932
f 6825//932 2967//932 507//932 2958//932
f 2965//930 6825//930 2958//930 506//930
f 511//933 2968//933 6826//933 2967//933
f 2968//934 512//934 2969//934 6826//934
f 6826//934 2969//934 508//934 2960//934
f 2967//933 6826//933 2960//933 507//933
f 512//935 2970//935 6827//935 2969//935
f 2970//925 509//925 2963//925 6827//925
f 6827//936 2963//936 505//936 2962//936
f 2969//935 6827//935 2962//935 508//935
f 513//927 2972//927 6828//927 2971//927
f 2972//928 514//928 2973//928 6828//928
f 6828//938 2973//938 510//938 2964//938
f 2971//927 6828//927 2964//927 509//927
f 514//930 2974//930 6829//930 2973//930
f 2974//931 515//931 2975//931 6829//931
f 6829//932 2975//932 511//932 2966//932
f 2973//930 6829//930 2966//930 510//930
f 515//933 2976//933 6830//933 2975//933
f 2976//934 516//934 2977//934 6830//934
f 6830//934 2977//934 512//934 2968//934
f 2975//933 6830//933 2968//933 511//933
f 516//935 2978//935 6831//935 2977//935
f 2978//936 513//936 2971//936 6831//936
f 6831//925 2971//925 509//925 2970//925
f 2977//935 6831//935 2970//935 512//935
f 517//940 2980//940 6832//940 2979//940
f 2980//913 518//913 2981//913 6832//913
f 6832//941 2981//941 514//941 2972//941
f 2979//929 6832//929 2972//929 513//929
f 518//930 2982//930 6833//930 2981//930
f 2982//931 519//931 2983//931 6833//931
f 6833//932 2983//932 515//932 2974//932
f 2981//916 6833//916 2974//916 514//916
f 519//933 2984//933 6834//933 2983//933
f 2984//934 520//934 2985//934 6834//934
f 6834//942 2985//942 516//942 2976//942
f 2983//943 6834//943 2976//943 515//943
f 520//935 2986//935 6835//935 2985//935
f 2986//936 517//936 2979//936 6835//936
f 6835//936 2979//936 513//936 2978//936
f 2985//935 6835//935 2978//935 516//935
f 521//929 2988//929 6836//929 2987//929
f 2988//913 522//913 2989//913 6836//913
f 6836//928 2989//928 518//928 2980//928
f 2987//929 6836//929 2980//929 517//929
f 522//916 2990//916 6837//916 2989//916
f 2990//932 523//932 2991//932 6837//932
f 6837//932 2991//932 519//932 2982//932
f 2989//930 6837//930 2982//930 518//930
f 523//933 2992//933 6838//933 2991//933
f 2992//934 524//934 2993//934 6838//934
f 6838//944 2993//944 520//944 2984//944
f 2991//933 6838//933 2984//933 519//933
f 524//935 2994//935 6839//935 2993//935
f 2994//936 521//936 2987//936 6839//936
f 6839//936 2987//936 517//936 2986//936
f 2993//935 6839//935 2986//935 520//935
f 525//927 2996//927 6840//927 2995//927
f 2996//928 526//928 2997//928 6840//928
f 6840//938 2997//938 522//938 2988//938
f 2995//945 6840//945 2988//945 521//945
f 526//916 2998//916 6841//916 2997//916
f 2998//932 527//932 2999//932 6841//932
f 6841//932 2999//932 523//932 2990//932
f 2997//930 6841//930 2990//930 522//930
f 527//933 3000//933 6842//933 2999//933
f 3000//946 528//946 3001//946 6842//946
f 6842//944 3001//944 524//944 2992//944
f 2999//933 6842//933 2992//933 523//933
f 528//935 3002//935 6843//935 3001//935
f 3002//947 525//947 2995//947 6843//947
f 6843//936 2995//936 521//936 2994//936
f 3001//935 6843//935 2994//935 524//935
f 21//948 2427//948 6844//948 3003//948
f 2427//949 22//949 3004//949 6844//949
f 6844//950 3004//950 526//950 2996//950
f 3003//951 6844//951 2996//951 525//951
f 22//952 2462//952 6845//952 3004//952
f 2462//953 23//953 3005//953 6845//953
f 6845//954 3005//954 527//954 2998//954
f 3004//955 6845//955 2998//955 526//955
f 23//956 2464//956 6846//956 3005//956
f 2464//957 24//957 3006//957 6846//957
f 6846//958 3006//958 528//958 3000//958
f 3005//959 6846//959 3000//959 527//959
f 24//960 2467//960 6847//960 3006//960
f 2467//961 21//961 3003//961 6847//961
f 6847//962 3003//962 525//962 3002//962
f 3006//963 6847//963 3002//963 528//963
f 533//964 3008//964 6848//964 3007//964
f 3008//965 534//965 3009//965 6848//965
f 6848//966 3009//966 530//966 2417//966
f 3007//967 6848//967 2417//967 529//967
f 534//968 3010//968 6849//968 3009//968
f 3010//969 535//969 3011//969 6849//969
f 6849//970 3011//970 531//970 2397//970
f 3009//971 6849//971 2397//971 530//971
f 535//972 3012//972 6850//972 3011//972
f 3012//973 536//973 3013//973 6850//973
f 6850//974 3013//974 532//974 2404//974
f 3011//975 6850//975 2404//975 531//975
f 536//976 3014//976 6851//976 3013//976
f 3014//977 533//977 3007//977 6851//977
f 6851//978 3007//978 529//978 2419//978
f 3013//979 6851//979 2419//979 532//979
f 537//980 3016//980 6852//980 3015//980
f 3016//981 538//981 3017//981 6852//981
f 6852//982 3017//982 534//982 3008//982
f 3015//983 6852//983 3008//983 533//983
f 538//984 3018//984 6853//984 3017//984
f 3018//985 539//985 3019//985 6853//985
f 6853//986 3019//986 535//986 3010//986
f 3017//987 6853//987 3010//987 534//987
f 539//988 3020//988 6854//988 3019//988
f 3020//989 540//989 3021//989 6854//989
f 6854//990 3021//990 536//990 3012//990
f 3019//991 6854//991 3012//991 535//991
f 540//992 3022//992 6855//992 3021//992
f 3022//993 537//993 3015//993 6855//993
f 6855//994 3015//994 533//994 3014//994
f 3021//995 6855//995 3014//995 536//995
f 541//996 3024//996 6856//996 3023//996
f 3024//997 542//997 3025//997 6856//997
f 6856//997 3025//997 538//997 3016//997
f 3023//996 6856//996 3016//996 537//996
f 542//998 3026//998 6857//998 3025//998
f 3026//999 543//999 3027//999 6857//999
f 6857//999 3027//999 539//999 3018//999
f 3025//998 6857//998 3018//998 538//998
f 543//1000 3028//1000 6858//1000 3027//1000
f 3028//1001 544//1001 3029//1001 6858//1001
f 6858//1002 3029//1002 540//1002 3020//1002
f 3027//1000 6858//1000 3020//1000 539//1000
f 544//1003 3030//1003 6859//1003 3029//1003
f 3030//1004 541//1004 3023//1004 6859//1004
f 6859//1004 3023//1004 537//1004 3022//1004
f 3029//1003 6859//1003 3022//1003 540//1003
f 545//1005 3032//1005 6860//1005 3031//1005
f 3032//1006 546//1006 3033//1006 6860//1006
f 6860//997 3033//997 542//997 3024//997
f 3031//996 6860//996 3024//996 541//996
f 546//998 3034//998 6861//998 3033//998
f 3034//999 547//999 3035//999 6861//999
f 6861//1007 3035//1007 543//1007 3026//1007
f 3033//998 6861//998 3026//998 542//998
f 547//1008 3036//1008 6862//1008 3035//1008
f 3036//1001 548//1001 3037//1001 6862//1001
f 6862//1001 3037//1001 544//1001 3028//1001
f 3035//1009 6862//1009 3028//1009 543//1009
f 548//1010 3038//1010 6863//1010 3037//1010
f 3038//1004 545//1004 3031//1004 6863//1004
f 6863//1004 3031//1004 541//1004 3030//1004
f 3037//1010 6863//1010 3030//1010 544//1010
f 549//1011 3040//1011 6864//1011 3039//1011
f 3040//1012 550//1012 3041//1012 6864//1012
f 6864//1006 3041//1006 546//1006 3032//1006
f 3039//996 6864//996 3032//996 545//996
f 550//1013 3042//1013 6865//1013 3041//1013
f 3042//1014 551//1014 3043//1014 6865//1014
f 6865//1015 3043//1015 547//1015 3034//1015
f 3041//1016 6865//1016 3034//1016 546//1016
f 551//1017 3044//1017 6866//1017 3043//1017
f 3044//1018 552//1018 3045//1018 6866//1018
f 6866//1019 3045//1019 548//1019 3036//1019
f 3043//1020 6866//1020 3036//1020 547//1020
f 552//1021 3046//1021 6867//1021 3045//1021
f 3046//1022 549//1022 3039//1022 6867//1022
f 6867//1023 3039//1023 545//1023 3038//1023
f 3045//1024 6867//1024 3038//1024 548//1024
f 25//1025 3048//1025 6868//1025 3047//1025
f 3048//1026 26//1026 3049//1026 6868//1026
f 6868//1027 3049//1027 550//1027 3040//1027
f 3047//1028 6868//1028 3040//1028 549//1028
f 26//1029 3050//1029 6869//1029 3049//1029
f 3050//1030 27//1030 3051//1030 6869//1030
f 6869//1031 3051//1031 551//1031 3042//1031
f 3049//1032 6869//1032 3042//1032 550//1032
f 27//1033 3052//1033 6870//1033 3051//1033
f 3052//1034 28//1034 3053//1034 6870//1034
f 6870//1035 3053//1035 552//1035 3044//1035
f 3051//1036 6870//1036 3044//1036 551//1036
f 28//1037 3054//1037 6871//1037 3053//1037
f 3054//1038 25//1038 3047//1038 6871//1038
f 6871//1039 3047//1039 549//1039 3046//1039
f 3053//1040 6871//1040 3046//1040 552//1040
f 553//1041 3056//1041 6872//1041 3055//1041
f 3056//1042 554//1042 3057//1042 6872//1042
f 6872//1043 3057//1043 26//1043 3048//1043
f 3055//1044 6872//1044 3048//1044 25//1044
f 554//1045 3058//1045 6873//1045 3057//1045
f 3058//1046 555//1046 3059//1046 6873//1046
f 6873//1047 3059//1047 27//1047 3050//1047
f 3057//1048 6873//1048 3050//1048 26//1048
f 555//1049 3060//1049 6874//1049 3059//1049
f 3060//1050 556//1050 3061//1050 6874//1050
f 6874//1051 3061//1051 28//1051 3052//1051
f 3059//1052 6874//1052 3052//1052 27//1052
f 556//1053 3062//1053 6875//1053 3061//1053
f 3062//1054 553//1054 3055//1054 6875//1054
f 6875//1055 3055//1055 25//1055 3054//1055
f 3061//1056 6875//1056 3054//1056 28//1056
f 557//1057 3064//1057 6876//1057 3063//1057
f 3064//1058 558//1058 3065//1058 6876//1058
f 6876//1059 3065//1059 554//1059 3056//1059
f 3063//1060 6876//1060 3056//1060 553//1060
f 558//1061 3066//1061 6877//1061 3065//1061
f 3066//1062 559//1062 3067//1062 6877//1062
f 6877//1063 3067//1063 555//1063 3058//1063
f 3065//1064 6877//1064 3058//1064 554//1064
f 559//1065 3068//1065 6878//1065 3067//1065
f 3068//1066 560//1066 3069//1066 6878//1066
f 6878//1067 3069//1067 556//1067 3060//1067
f 3067//1068 6878//1068 3060//1068 555//1068
f 560//1069 3070//1069 6879//1069 3069//1069
f 3070//1070 557//1070 3063//1070 6879//1070
f 6879//1071 3063//1071 553//1071 3062//1071
f 3069//1072 6879//1072 3062//1072 556//1072
f 561//1073 3072//1073 6880//1073 3071//1073
f 3072//1074 562//1074 3073//1074 6880//1074
f 6880//1074 3073//1074 558//1074 3064//1074
f 3071//1075 6880//1075 3064//1075 557//1075
f 562//1076 3074//1076 6881//1076 3073//1076
f 3074//1077 563//1077 3075//1077 6881//1077
f 6881//1077 3075//1077 559//1077 3066//1077
f 3073//1076 6881//1076 3066//1076 558//1076
f 563//1078 3076//1078 6882//1078 3075//1078
f 3076//1079 564//1079 3077//1079 6882//1079
f 6882//1080 3077//1080 560//1080 3068//1080
f 3075//1078 6882//1078 3068//1078 559//1078
f 564//1069 3078//1069 6883//1069 3077//1069
f 3078//1081 561//1081 3071//1081 6883//1081
f 6883//1081 3071//1081 557//1081 3070//1081
f 3077//1069 6883//1069 3070//1069 560//1069
f 565//1073 3080//1073 6884//1073 3079//1073
f 3080//1082 566//1082 3081//1082 6884//1082
f 6884//1074 3081//1074 562//1074 3072//1074
f 3079//1073 6884//1073 3072//1073 561//1073
f 566//1076 3082//1076 6885//1076 3081//1076
f 3082//1077 567//1077 3083//1077 6885//1077
f 6885//1077 3083//1077 563//1077 3074//1077
f 3081//1076 6885//1076 3074//1076 562//1076
f 567//1078 3084//1078 6886//1078 3083//1078
f 3084//1079 568//1079 3085//1079 6886//1079
f 6886//1079 3085//1079 564//1079 3076//1079
f 3083//1078 6886//1078 3076//1078 563//1078
f 568//1069 3086//1069 6887//1069 3085//1069
f 3086//1081 565//1081 3079//1081 6887//1081
f 6887//1081 3079//1081 561//1081 3078//1081
f 3085//1069 6887//1069 3078//1069 564//1069
f 569//1073 3088//1073 6888//1073 3087//1073
f 3088//1074 570//1074 3089//1074 6888//1074
f 6888//1074 3089//1074 566//1074 3080//1074
f 3087//1083 6888//1083 3080//1083 565//1083
f 570//1061 3090//1061 6889//1061 3089//1061
f 3090//1077 571//1077 3091//1077 6889//1077
f 6889//1077 3091//1077 567//1077 3082//1077
f 3089//1076 6889//1076 3082//1076 566//1076
f 571//1078 3092//1078 6890//1078 3091//1078
f 3092//1079 572//1079 3093//1079 6890//1079
f 6890//1079 3093//1079 568//1079 3084//1079
f 3091//1078 6890//1078 3084//1078 567//1078
f 572//1069 3094//1069 6891//1069 3093//1069
f 3094//1081 569//1081 3087//1081 6891//1081
f 6891//1081 3087//1081 565//1081 3086//1081
f 3093//1069 6891//1069 3086//1069 568//1069
f 573//1084 3096//1084 6892//1084 3095//1084
f 3096//1085 574//1085 3097//1085 6892//1085
f 6892//1086 3097//1086 570//1086 3088//1086
f 3095//1087 6892//1087 3088//1087 569//1087
f 574//1088 3098//1088 6893//1088 3097//1088
f 3098//1089 575//1089 3099//1089 6893//1089
f 6893//1090 3099//1090 571//1090 3090//1090
f 3097//1091 6893//1091 3090//1091 570//1091
f 575//1092 3100//1092 6894//1092 3099//1092
f 3100//1093 576//1093 3101//1093 6894//1093
f 6894//1094 3101//1094 572//1094 3092//1094
f 3099//1095 6894//1095 3092//1095 571//1095
f 576//1096 3102//1096 6895//1096 3101//1096
f 3102//1097 573//1097 3095//1097 6895//1097
f 6895//1098 3095//1098 569//1098 3094//1098
f 3101//1099 6895//1099 3094//1099 572//1099
f 29//1100 3104//1100 6896//1100 3103//1100
f 3104//1101 30//1101 3105//1101 6896//1101
f 6896//1102 3105//1102 574//1102 3096//1102
f 3103//1103 6896//1103 3096//1103 573//1103
f 30//1104 3106//1104 6897//1104 3105//1104
f 3106//1105 31//1105 3107//1105 6897//1105
f 6897//1106 3107//1106 575//1106 3098//1106
f 3105//1107 6897//1107 3098//1107 574//1107
f 31//1108 3108//1108 6898//1108 3107//1108
f 3108//1109 32//1109 3109//1109 6898//1109
f 6898//1110 3109//1110 576//1110 3100//1110
f 3107//1111 6898//1111 3100//1111 575//1111
f 32//1112 3110//1112 6899//1112 3109//1112
f 3110//1113 29//1113 3103//1113 6899//1113
f 6899//1114 3103//1114 573//1114 3102//1114
f 3109//1115 6899//1115 3102//1115 576//1115
f 577//1116 3112//1116 6900//1116 3111//1116
f 3112//1117 578//1117 3113//1117 6900//1117
f 6900//1118 3113//1118 30//1118 3104//1118
f 3111//1119 6900//1119 3104//1119 29//1119
f 578//1120 3114//1120 6901//1120 3113//1120
f 3114//1121 579//1121 3115//1121 6901//1121
f 6901//1122 3115//1122 31//1122 3106//1122
f 3113//1123 6901//1123 3106//1123 30//1123
f 579//1124 3116//1124 6902//1124 3115//1124
f 3116//1125 580//1125 3117//1125 6902//1125
f 6902//1126 3117//1126 32//1126 3108//1126
f 3115//1127 6902//1127 3108//1127 31//1127
f 580//1128 3118//1128 6903//1128 3117//1128
f 3118//1129 577//1129 3111//1129 6903//1129
f 6903//1130 3111//1130 29//1130 3110//1130
f 3117//1131 6903//1131 3110//1131 32//1131
f 581//1132 3120//1132 6904//1132 3119//1132
f 3120//1133 582//1133 3121//1133 6904//1133
f 6904//1134 3121//1134 578//1134 3112//1134
f 3119//1135 6904//1135 3112//1135 577//1135
f 582//1136 3122//1136 6905//1136 3121//1136
f 3122//1137 583//1137 3123//1137 6905//1137
f 6905//1138 3123//1138 579//1138 3114//1138
f 3121//1136 6905//1136 3114//1136 578//1136
f 583//1139 3124//1139 6906//1139 3123//1139
f 3124//1140 584//1140 3125//1140 6906//1140
f 6906//1141 3125//1141 580//1141 3116//1141
f 3123//1142 6906//1142 3116//1142 579//1142
f 584//1143 3126//1143 6907//1143 3125//1143
f 3126//1144 581//1144 3119//1144 6907//1144
f 6907//1144 3119//1144 577//1144 3118//1144
f 3125//1145 6907//1145 3118//1145 580//1145
f 585//1146 3128//1146 6908//1146 3127//1146
f 3128//1147 586//1147 3129//1147 6908//1147
f 6908//1147 3129//1147 582//1147 3120//1147
f 3127//1146 6908//1146 3120//1146 581//1146
f 586//1148 3130//1148 6909//1148 3129//1148
f 3130//1149 587//1149 3131//1149 6909//1149
f 6909//1150 3131//1150 583//1150 3122//1150
f 3129//1136 6909//1136 3122//1136 582//1136
f 587//1151 3132//1151 6910//1151 3131//1151
f 3132//1152 588//1152 3133//1152 6910//1152
f 6910//1152 3133//1152 584//1152 3124//1152
f 3131//1151 6910//1151 3124//1151 583//1151
f 588//1153 3134//1153 6911//1153 3133//1153
f 3134//1144 585//1144 3127//1144 6911//1144
f 6911//1144 3127//1144 581//1144 3126//1144
f 3133//1153 6911//1153 3126//1153 584//1153
f 589//1146 3136//1146 6912//1146 3135//1146
f 3136//1147 590//1147 3137//1147 6912//1147
f 6912//1147 3137//1147 586//1147 3128//1147
f 3135//1146 6912//1146 3128//1146 585//1146
f 590//1136 3138//1136 6913//1136 3137//1136
f 3138//1150 591//1150 3139//1150 6913//1150
f 6913//1150 3139//1150 587//1150 3130//1150
f 3137//1136 6913//1136 3130//1136 586//1136
f 591//1151 3140//1151 6914//1151 3139//1151
f 3140//1152 592//1152 3141//1152 6914//1152
f 6914//1154 3141//1154 588//1154 3132//1154
f 3139//1155 6914//1155 3132//1155 587//1155
f 592//1153 3142//1153 6915//1153 3141//1153
f 3142//1144 589//1144 3135//1144 6915//1144
f 6915//1144 3135//1144 585//1144 3134//1144
f 3141//1153 6915//1153 3134//1153 588//1153
f 593//1156 3144//1156 6916//1156 3143//1156
f 3144//1157 594//1157 3145//1157 6916//1157
f 6916//1157 3145//1157 590//1157 3136//1157
f 3143//1156 6916//1156 3136//1156 589//1156
f 594//1148 3146//1148 6917//1148 3145//1148
f 3146//1150 595//1150 3147//1150 6917//1150
f 6917//1150 3147//1150 591//1150 3138//1150
f 3145//1136 6917//1136 3138//1136 590//1136
f 595//1158 3148//1158 6918//1158 3147//1158
f 3148//1159 596//1159 3149//1159 6918//1159
f 6918//1160 3149//1160 592//1160 3140//1160
f 3147//1155 6918//1155 3140//1155 591//1155
f 596//1153 3150//1153 6919//1153 3149//1153
f 3150//1144 593//1144 3143//1144 6919//1144
f 6919//1144 3143//1144 589//1144 3142//1144
f 3149//1153 6919//1153 3142//1153 592//1153
f 597//1146 3152//1146 6920//1146 3151//1146
f 3152//1147 598//1147 3153//1147 6920//1147
f 6920//1157 3153//1157 594//1157 3144//1157
f 3151//1146 6920//1146 3144//1146 593//1146
f 598//1136 3154//1136 6921//1136 3153//1136
f 3154//1150 599//1150 3155//1150 6921//1150
f 6921//1150 3155//1150 595//1150 3146//1150
f 3153//1136 6921//1136 3146//1136 594//1136
f 599//1151 3156//1151 6922//1151 3155//1151
f 3156//1159 600//1159 3157//1159 6922//1159
f 6922//1152 3157//1152 596//1152 3148//1152
f 3155//1158 6922//1158 3148//1158 595//1158
f 600//1153 3158//1153 6923//1153 3157//1153
f 3158//1144 597//1144 3151//1144 6923//1144
f 6923//1144 3151//1144 593//1144 3150//1144
f 3157//1153 6923//1153 3150//1153 596//1153
f 601//1161 3160//1161 6924//1161 3159//1161
f 3160//1147 602//1147 3161//1147 6924//1147
f 6924//1147 3161//1147 598//1147 3152//1147
f 3159//1146 6924//1146 3152//1146 597//1146
f 602//1136 3162//1136 6925//1136 3161//1136
f 3162//1150 603//1150 3163//1150 6925//1150
f 6925//1150 3163//1150 599//1150 3154//1150
f 3161//1136 6925//1136 3154//1136 598//1136
f 603//1155 3164//1155 6926//1155 3163//1155
f 3164//1152 604//1152 3165//1152 6926//1152
f 6926//1159 3165//1159 600//1159 3156//1159
f 3163//1158 6926//1158 3156//1158 599//1158
f 604//1153 3166//1153 6927//1153 3165//1153
f 3166//1144 601//1144 3159//1144 6927//1144
f 6927//1144 3159//1144 597//1144 3158//1144
f 3165//1153 6927//1153 3158//1153 600//1153
f 605//1156 3168//1156 6928//1156 3167//1156
f 3168//1157 606//1157 3169//1157 6928//1157
f 6928//1157 3169//1157 602//1157 3160//1157
f 3167//1156 6928//1156 3160//1156 601//1156
f 606//1148 3170//1148 6929//1148 3169//1148
f 3170//1150 607//1150 3171//1150 6929//1150
f 6929//1150 3171//1150 603//1150 3162//1150
f 3169//1136 6929//1136 3162//1136 602//1136
f 607//1162 3172//1162 6930//1162 3171//1162
f 3172//1159 608//1159 3173//1159 6930//1159
f 6930//1159 3173//1159 604//1159 3164//1159
f 3171//1163 6930//1163 3164//1163 603//1163
f 608//1153 3174//1153 6931//1153 3173//1153
f 3174//1144 605//1144 3167//1144 6931//1144
f 6931//1144 3167//1144 601//1144 3166//1144
f 3173//1164 6931//1164 3166//1164 604//1164
f 609//1156 3176//1156 6932//1156 3175//1156
f 3176//1147 610//1147 3177//1147 6932//1147
f 6932//1147 3177//1147 606//1147 3168//1147
f 3175//1156 6932//1156 3168//1156 605//1156
f 610//1136 3178//1136 6933//1136 3177//1136
f 3178//1150 611//1150 3179//1150 6933//1150
f 6933//1150 3179//1150 607//1150 3170//1150
f 3177//1136 6933//1136 3170//1136 606//1136
f 611//1151 3180//1151 6934//1151 3179//1151
f 3180//1152 612//1152 3181//1152 6934//1152
f 6934//1154 3181//1154 608//1154 3172//1154
f 3179//1151 6934//1151 3172//1151 607//1151
f 612//1153 3182//1153 6935//1153 3181//1153
f 3182//1165 609//1165 3175//1165 6935//1165
f 6935//1165 3175//1165 605//1165 3174//1165
f 3181//1166 6935//1166 3174//1166 608//1166
f 613//1146 3184//1146 6936//1146 3183//1146
f 3184//1167 614//1167 3185//1167 6936//1167
f 6936//1147 3185//1147 610//1147 3176//1147
f 3183//1156 6936//1156 3176//1156 609//1156
f 614//1136 3186//1136 6937//1136 3185//1136
f 3186//1168 615//1168 3187//1168 6937//1168
f 6937//1149 3187//1149 611//1149 3178//1149
f 3185//1136 6937//1136 3178//1136 610//1136
f 615//1151 3188//1151 6938//1151 3187//1151
f 3188//1152 616//1152 3189//1152 6938//1152
f 6938//1154 3189//1154 612//1154 3180//1154
f 3187//1151 6938//1151 3180//1151 611//1151
f 616//1153 3190//1153 6939//1153 3189//1153
f 3190//1144 613//1144 3183//1144 6939//1144
f 6939//1144 3183//1144 609//1144 3182//1144
f 3189//1153 6939//1153 3182//1153 612//1153
f 33//1169 2304//1169 6940//1169 3191//1169
f 2304//1170 34//1170 3192//1170 6940//1170
f 6940//1171 3192//1171 614//1171 3184//1171
f 3191//1172 6940//1172 3184//1172 613//1172
f 34//1173 2309//1173 6941//1173 3192//1173
f 2309//1174 35//1174 3193//1174 6941//1174
f 6941//1175 3193//1175 615//1175 3186//1175
f 3192//1176 6941//1176 3186//1176 614//1176
f 35//1177 2314//1177 6942//1177 3193//1177
f 2314//1178 36//1178 3194//1178 6942//1178
f 6942//1179 3194//1179 616//1179 3188//1179
f 3193//1180 6942//1180 3188//1180 615//1180
f 36//1181 2316//1181 6943//1181 3194//1181
f 2316//1182 33//1182 3191//1182 6943//1182
f 6943//1183 3191//1183 613//1183 3190//1183
f 3194//1184 6943//1184 3190//1184 616//1184
f 621//1185 3196//1185 6944//1185 3195//1185
f 3196//1186 622//1186 3197//1186 6944//1186
f 6944//1187 3197//1187 618//1187 2370//1187
f 3195//1188 6944//1188 2370//1188 617//1188
f 622//1189 3198//1189 6945//1189 3197//1189
f 3198//1190 623//1190 3199//1190 6945//1190
f 6945//1191 3199//1191 619//1191 2352//1191
f 3197//1192 6945//1192 2352//1192 618//1192
f 623//1193 3200//1193 6946//1193 3199//1193
f 3200//1194 624//1194 3201//1194 6946//1194
f 6946//1195 3201//1195 620//1195 2357//1195
f 3199//1196 6946//1196 2357//1196 619//1196
f 624//1197 3202//1197 6947//1197 3201//1197
f 3202//1198 621//1198 3195//1198 6947//1198
f 6947//1199 3195//1199 617//1199 2360//1199
f 3201//1200 6947//1200 2360//1200 620//1200
f 625//1201 3204//1201 6948//1201 3203//1201
f 3204//1202 626//1202 3205//1202 6948//1202
f 6948//1203 3205//1203 622//1203 3196//1203
f 3203//1204 6948//1204 3196//1204 621//1204
f 626//1205 3206//1205 6949//1205 3205//1205
f 3206//1206 627//1206 3207//1206 6949//1206
f 6949//1207 3207//1207 623//1207 3198//1207
f 3205//1208 6949//1208 3198//1208 622//1208
f 627//1209 3208//1209 6950//1209 3207//1209
f 3208//1210 628//1210 3209//1210 6950//1210
f 6950//1211 3209//1211 624//1211 3200//1211
f 3207//1212 6950//1212 3200//1212 623//1212
f 628//1213 3210//1213 6951//1213 3209//1213
f 3210//1214 625//1214 3203//1214 6951//1214
f 6951//1215 3203//1215 621//1215 3202//1215
f 3209//1216 6951//1216 3202//1216 624//1216
f 629//1217 3212//1217 6952//1217 3211//1217
f 3212//1218 630//1218 3213//1218 6952//1218
f 6952//1219 3213//1219 626//1219 3204//1219
f 3211//1220 6952//1220 3204//1220 625//1220
f 630//1221 3214//1221 6953//1221 3213//1221
f 3214//1222 631//1222 3215//1222 6953//1222
f 6953//1223 3215//1223 627//1223 3206//1223
f 3213//1224 6953//1224 3206//1224 626//1224
f 631//1225 3216//1225 6954//1225 3215//1225
f 3216//1226 632//1226 3217//1226 6954//1226
f 6954//1227 3217//1227 628//1227 3208//1227
f 3215//1228 6954//1228 3208//1228 627//1228
f 632//1229 3218//1229 6955//1229 3217//1229
f 3218//1230 629//1230 3211//1230 6955//1230
f 6955//1231 3211//1231 625//1231 3210//1231
f 3217//1232 6955//1232 3210//1232 628//1232
f 37//1233 3220//1233 6956//1233 3219//1233
f 3220//1234 38//1234 3221//1234 6956//1234
f 6956//1235 3221//1235 630//1235 3212//1235
f 3219//1236 6956//1236 3212//1236 629//1236
f 38//1237 3222//1237 6957//1237 3221//1237
f 3222//1238 39//1238 3223//1238 6957//1238
f 6957//1239 3223//1239 631//1239 3214//1239
f 3221//1240 6957//1240 3214//1240 630//1240
f 39//1241 3224//1241 6958//1241 3223//1241
f 3224//1242 40//1242 3225//1242 6958//1242
f 6958//1243 3225//1243 632//1243 3216//1243
f 3223//1244 6958//1244 3216//1244 631//1244
f 40//1245 3226//1245 6959//1245 3225//1245
f 3226//1246 37//1246 3219//1246 6959//1246
f 6959//1247 3219//1247 629//1247 3218//1247
f 3225//1248 6959//1248 3218//1248 632//1248
f 633//1249 3228//1249 6960//1249 3227//1249
f 3228//1250 634//1250 3229//1250 6960//1250
f 6960//1251 3229//1251 38//1251 3220//1251
f 3227//1252 6960//1252 3220//1252 37//1252
f 634//1253 3230//1253 6961//1253 3229//1253
f 3230//1254 635//1254 3231//1254 6961//1254
f 6961//1255 3231//1255 39//1255 3222//1255
f 3229//1256 6961//1256 3222//1256 38//1256
f 635//1257 3232//1257 6962//1257 3231//1257
f 3232//1258 636//1258 3233//1258 6962//1258
f 6962//1259 3233//1259 40//1259 3224//1259
f 3231//1260 6962//1260 3224//1260 39//1260
f 636//1261 3234//1261 6963//1261 3233//1261
f 3234//1262 633//1262 3227//1262 6963//1262
f 6963//1263 3227//1263 37//1263 3226//1263
f 3233//1264 6963//1264 3226//1264 40//1264
f 637//1265 3236//1265 6964//1265 3235//1265
f 3236//1266 638//1266 3237//1266 6964//1266
f 6964//1267 3237//1267 634//1267 3228//1267
f 3235//1268 6964//1268 3228//1268 633//1268
f 638//1269 3238//1269 6965//1269 3237//1269
f 3238//1270 639//1270 3239//1270 6965//1270
f 6965//1271 3239//1271 635//1271 3230//1271
f 3237//1272 6965//1272 3230//1272 634//1272
f 639//1273 3240//1273 6966//1273 3239//1273
f 3240//1274 640//1274 3241//1274 6966//1274
f 6966//1275 3241//1275 636//1275 3232//1275
f 3239//1276 6966//1276 3232//1276 635//1276
f 640//1277 3242//1277 6967//1277 3241//1277
f 3242//1278 637//1278 3235//1278 6967//1278
f 6967//1279 3235//1279 633//1279 3234//1279
f 3241//1280 6967//1280 3234//1280 636//1280
f 641//1281 3244//1281 6968//1281 3243//1281
f 3244//1282 642//1282 3245//1282 6968//1282
f 6968//1283 3245//1283 638//1283 3236//1283
f 3243//1281 6968//1281 3236//1281 637//1281
f 642//1269 3246//1269 6969//1269 3245//1269
f 3246//1284 643//1284 3247//1284 6969//1284
f 6969//1284 3247//1284 639//1284 3238//1284
f 3245//1269 6969//1269 3238//1269 638//1269
f 643//1285 3248//1285 6970//1285 3247//1285
f 3248//1286 644//1286 3249//1286 6970//1286
f 6970//1287 3249//1287 640//1287 3240//1287
f 3247//1288 6970//1288 3240//1288 639//1288
f 644//1289 3250//1289 6971//1289 3249//1289
f 3250//1278 641//1278 3243//1278 6971//1278
f 6971//1278 3243//1278 637//1278 3242//1278
f 3249//1289 6971//1289 3242//1289 640//1289
f 645//1290 3252//1290 6972//1290 3251//1290
f 3252//1283 646//1283 3253//1283 6972//1283
f 6972//1283 3253//1283 642//1283 3244//1283
f 3251//1290 6972//1290 3244//1290 641//1290
f 646//1269 3254//1269 6973//1269 3253//1269
f 3254//1284 647//1284 3255//1284 6973//1284
f 6973//1284 3255//1284 643//1284 3246//1284
f 3253//1269 6973//1269 3246//1269 642//1269
f 647//1285 3256//1285 6974//1285 3255//1285
f 3256//1287 648//1287 3257//1287 6974//1287
f 6974//1287 3257//1287 644//1287 3248//1287
f 3255//1285 6974//1285 3248//1285 643//1285
f 648//1289 3258//1289 6975//1289 3257//1289
f 3258//1278 645//1278 3251//1278 6975//1278
f 6975//1278 3251//1278 641//1278 3250//1278
f 3257//1289 6975//1289 3250//1289 644//1289
f 649//1291 3260//1291 6976//1291 3259//1291
f 3260//1292 650//1292 3261//1292 6976//1292
f 6976//1282 3261//1282 646//1282 3252//1282
f 3259//1281 6976//1281 3252//1281 645//1281
f 650//1269 3262//1269 6977//1269 3261//1269
f 3262//1284 651//1284 3263//1284 6977//1284
f 6977//1284 3263//1284 647//1284 3254//1284
f 3261//1269 6977//1269 3254//1269 646//1269
f 651//1285 3264//1285 6978//1285 3263//1285
f 3264//1286 652//1286 3265//1286 6978//1286
f 6978//1287 3265//1287 648//1287 3256//1287
f 3263//1288 6978//1288 3256//1288 647//1288
f 652//1289 3266//1289 6979//1289 3265//1289
f 3266//1278 649//1278 3259//1278 6979//1278
f 6979//1278 3259//1278 645//1278 3258//1278
f 3265//1289 6979//1289 3258//1289 648//1289
f 653//1290 3268//1290 6980//1290 3267//1290
f 3268//1283 654//1283 3269//1283 6980//1283
f 6980//1282 3269//1282 650//1282 3260//1282
f 3267//1281 6980//1281 3260//1281 649//1281
f 654//1269 3270//1269 6981//1269 3269//1269
f 3270//1284 655//1284 3271//1284 6981//1284
f 6981//1284 3271//1284 651//1284 3262//1284
f 3269//1293 6981//1293 3262//1293 650//1293
f 655//1285 3272//1285 6982//1285 3271//1285
f 3272//1287 656//1287 3273//1287 6982//1287
f 6982//1286 3273//1286 652//1286 3264//1286
f 3271//1285 6982//1285 3264//1285 651//1285
f 656//1289 3274//1289 6983//1289 3273//1289
f 3274//1278 653//1278 3267//1278 6983//1278
f 6983//1278 3267//1278 649//1278 3266//1278
f 3273//1289 6983//1289 3266//1289 652//1289
f 657//1290 3276//1290 6984//1290 3275//1290
f 3276//1294 658//1294 3277//1294 6984//1294
f 6984//1283 3277//1283 654//1283 3268//1283
f 3275//1281 6984//1281 3268//1281 653//1281
f 658//1269 3278//1269 6985//1269 3277//1269
f 3278//1284 659//1284 3279//1284 6985//1284
f 6985//1284 3279//1284 655//1284 3270//1284
f 3277//1269 6985//1269 3270//1269 654//1269
f 659//1295 3280//1295 6986//1295 3279//1295
f 3280//1287 660//1287 3281//1287 6986//1287
f 6986//1287 3281//1287 656//1287 3272//1287
f 3279//1285 6986//1285 3272//1285 655//1285
f 660//1289 3282//1289 6987//1289 3281//1289
f 3282//1278 657//1278 3275//1278 6987//1278
f 6987//1278 3275//1278 653//1278 3274//1278
f 3281//1289 6987//1289 3274//1289 656//1289
f 661//1290 3284//1290 6988//1290 3283//1290
f 3284//1283 662//1283 3285//1283 6988//1283
f 6988//1282 3285//1282 658//1282 3276//1282
f 3283//1281 6988//1281 3276//1281 657//1281
f 662//1269 3286//1269 6989//1269 3285//1269
f 3286//1284 663//1284 3287//1284 6989//1284
f 6989//1284 3287//1284 659//1284 3278//1284
f 3285//1269 6989//1269 3278//1269 658//1269
f 663//1285 3288//1285 6990//1285 3287//1285
f 3288//1286 664//1286 3289//1286 6990//1286
f 6990//1287 3289//1287 660//1287 3280//1287
f 3287//1295 6990//1295 3280//1295 659//1295
f 664//1289 3290//1289 6991//1289 3289//1289
f 3290//1278 661//1278 3283//1278 6991//1278
f 6991//1278 3283//1278 657//1278 3282//1278
f 3289//1289 6991//1289 3282//1289 660//1289
f 665//1296 3292//1296 6992//1296 3291//1296
f 3292//1283 666//1283 3293//1283 6992//1283
f 6992//1282 3293//1282 662//1282 3284//1282
f 3291//1281 6992//1281 3284//1281 661//1281
f 666//1269 3294//1269 6993//1269 3293//1269
f 3294//1284 667//1284 3295//1284 6993//1284
f 6993//1284 3295//1284 663//1284 3286//1284
f 3293//1269 6993//1269 3286//1269 662//1269
f 667//1288 3296//1288 6994//1288 3295//1288
f 3296//1286 668//1286 3297//1286 6994//1286
f 6994//1287 3297//1287 664//1287 3288//1287
f 3295//1285 6994//1285 3288//1285 663//1285
f 668//1289 3298//1289 6995//1289 3297//1289
f 3298//1278 665//1278 3291//1278 6995//1278
f 6995//1278 3291//1278 661//1278 3290//1278
f 3297//1289 6995//1289 3290//1289 664//1289
f 669//1297 3300//1297 6996//1297 3299//1297
f 3300//1298 670//1298 3301//1298 6996//1298
f 6996//1282 3301//1282 666//1282 3292//1282
f 3299//1281 6996//1281 3292//1281 665//1281
f 670//1299 3302//1299 6997//1299 3301//1299
f 3302//1300 671//1300 3303//1300 6997//1300
f 6997//1284 3303//1284 667//1284 3294//1284
f 3301//1269 6997//1269 3294//1269 666//1269
f 671//1301 3304//1301 6998//1301 3303//1301
f 3304//1302 672//1302 3305//1302 6998//1302
f 6998//1303 3305//1303 668//1303 3296//1303
f 3303//1304 6998//1304 3296//1304 667//1304
f 672//1305 3306//1305 6999//1305 3305//1305
f 3306//1306 669//1306 3299//1306 6999//1306
f 6999//1307 3299//1307 665//1307 3298//1307
f 3305//1289 6999//1289 3298//1289 668//1289
f 41//1308 3308//1308 7000//1308 3307//1308
f 3308//1309 42//1309 3309//1309 7000//1309
f 7000//1310 3309//1310 670//1310 3300//1310
f 3307//1311 7000//1311 3300//1311 669//1311
f 42//1312 3310//1312 7001//1312 3309//1312
f 3310//1313 43//1313 3311//1313 7001//1313
f 7001//1314 3311//1314 671//1314 3302//1314
f 3309//1315 7001//1315 3302//1315 670//1315
f 43//1316 3312//1316 7002//1316 3311//1316
f 3312//1317 44//1317 3313//1317 7002//1317
f 7002//1318 3313//1318 672//1318 3304//1318
f 3311//1319 7002//1319 3304//1319 671//1319
f 44//1320 3314//1320 7003//1320 3313//1320
f 3314//1321 41//1321 3307//1321 7003//1321
f 7003//1322 3307//1322 669//1322 3306//1322
f 3313//1323 7003//1323 3306//1323 672//1323
f 673//1324 3316//1324 7004//1324 3315//1324
f 3316//1325 674//1325 3317//1325 7004//1325
f 7004//1326 3317//1326 42//1326 3308//1326
f 3315//1327 7004//1327 3308//1327 41//1327
f 674//1328 3318//1328 7005//1328 3317//1328
f 3318//1329 675//1329 3319//1329 7005//1329
f 7005//1330 3319//1330 43//1330 3310//1330
f 3317//1331 7005//1331 3310//1331 42//1331
f 675//1332 3320//1332 7006//1332 3319//1332
f 3320//1333 676//1333 3321//1333 7006//1333
f 7006//1334 3321//1334 44//1334 3312//1334
f 3319//1335 7006//1335 3312//1335 43//1335
f 676//1336 3322//1336 7007//1336 3321//1336
f 3322//1337 673//1337 3315//1337 7007//1337
f 7007//1338 3315//1338 41//1338 3314//1338
f 3321//1339 7007//1339 3314//1339 44//1339
f 677//1340 3324//1340 7008//1340 3323//1340
f 3324//1341 678//1341 3325//1341 7008//1341
f 7008//1342 3325//1342 674//1342 3316//1342
f 3323//1343 7008//1343 3316//1343 673//1343
f 678//1344 3326//1344 7009//1344 3325//1344
f 3326//1345 679//1345 3327//1345 7009//1345
f 7009//1346 3327//1346 675//1346 3318//1346
f 3325//1347 7009//1347 3318//1347 674//1347
f 679//1348 3328//1348 7010//1348 3327//1348
f 3328//1349 680//1349 3329//1349 7010//1349
f 7010//1350 3329//1350 676//1350 3320//1350
f 3327//1351 7010//1351 3320//1351 675//1351
f 680//1352 3330//1352 7011//1352 3329//1352
f 3330//1353 677//1353 3323//1353 7011//1353
f 7011//1354 3323//1354 673//1354 3322//1354
f 3329//1355 7011//1355 3322//1355 676//1355
f 681//1356 3332//1356 7012//1356 3331//1356
f 3332//1357 682//1357 3333//1357 7012//1357
f 7012//1358 3333//1358 678//1358 3324//1358
f 3331//1359 7012//1359 3324//1359 677//1359
f 682//1360 3334//1360 7013//1360 3333//1360
f 3334//1361 683//1361 3335//1361 7013//1361
f 7013//1361 3335//1361 679//1361 3326//1361
f 3333//1360 7013//1360 3326//1360 678//1360
f 683//1348 3336//1348 7014//1348 3335//1348
f 3336//1349 684//1349 3337//1349 7014//1349
f 7014//1362 3337//1362 680//1362 3328//1362
f 3335//1348 7014//1348 3328//1348 679//1348
f 684//1363 3338//1363 7015//1363 3337//1363
f 3338//1364 681//1364 3331//1364 7015//1364
f 7015//1364 3331//1364 677//1364 3330//1364
f 3337//1363 7015//1363 3330//1363 680//1363
f 685//1356 3340//1356 7016//1356 3339//1356
f 3340//1357 686//1357 3341//1357 7016//1357
f 7016//1357 3341//1357 682//1357 3332//1357
f 3339//1356 7016//1356 3332//1356 681//1356
f 686//1360 3342//1360 7017//1360 3341//1360
f 3342//1365 687//1365 3343//1365 7017//1365
f 7017//1365 3343//1365 683//1365 3334//1365
f 3341//1360 7017//1360 3334//1360 682//1360
f 687//1348 3344//1348 7018//1348 3343//1348
f 3344//1349 688//1349 3345//1349 7018//1349
f 7018//1362 3345//1362 684//1362 3336//1362
f 3343//1366 7018//1366 3336//1366 683//1366
f 688//1363 3346//1363 7019//1363 3345//1363
f 3346//1364 685//1364 3339//1364 7019//1364
f 7019//1364 3339//1364 681//1364 3338//1364
f 3345//1363 7019//1363 3338//1363 684//1363
f 689//1356 3348//1356 7020//1356 3347//1356
f 3348//1357 690//1357 3349//1357 7020//1357
f 7020//1358 3349//1358 686//1358 3340//1358
f 3347//1359 7020//1359 3340//1359 685//1359
f 690//1360 3350//1360 7021//1360 3349//1360
f 3350//1365 691//1365 3351//1365 7021//1365
f 7021//1365 3351//1365 687//1365 3342//1365
f 3349//1360 7021//1360 3342//1360 686//1360
f 691//1367 3352//1367 7022//1367 3351//1367
f 3352//1349 692//1349 3353//1349 7022//1349
f 7022//1362 3353//1362 688//1362 3344//1362
f 3351//1348 7022//1348 3344//1348 687//1348
f 692//1363 3354//1363 7023//1363 3353//1363
f 3354//1353 689//1353 3347//1353 7023//1353
f 7023//1364 3347//1364 685//1364 3346//1364
f 3353//1368 7023//1368 3346//1368 688//1368
f 693//1356 3356//1356 7024//1356 3355//1356
f 3356//1357 694//1357 3357//1357 7024//1357
f 7024//1357 3357//1357 690//1357 3348//1357
f 3355//1356 7024//1356 3348//1356 689//1356
f 694//1360 3358//1360 7025//1360 3357//1360
f 3358//1365 695//1365 3359//1365 7025//1365
f 7025//1361 3359//1361 691//1361 3350//1361
f 3357//1360 7025//1360 3350//1360 690//1360
f 695//1367 3360//1367 7026//1367 3359//1367
f 3360//1349 696//1349 3361//1349 7026//1349
f 7026//1349 3361//1349 692//1349 3352//1349
f 3359//1348 7026//1348 3352//1348 691//1348
f 696//1363 3362//1363 7027//1363 3361//1363
f 3362//1364 693//1364 3355//1364 7027//1364
f 7027//1353 3355//1353 689//1353 3354//1353
f 3361//1363 7027//1363 3354//1363 692//1363
f 697//1359 3364//1359 7028//1359 3363//1359
f 3364//1358 698//1358 3365//1358 7028//1358
f 7028//1358 3365//1358 694//1358 3356//1358
f 3363//1356 7028//1356 3356//1356 693//1356
f 698//1369 3366//1369 7029//1369 3365//1369
f 3366//1365 699//1365 3367//1365 7029//1365
f 7029//1365 3367//1365 695//1365 3358//1365
f 3365//1360 7029//1360 3358//1360 694//1360
f 699//1348 3368//1348 7030//1348 3367//1348
f 3368//1362 700//1362 3369//1362 7030//1362
f 7030//1349 3369//1349 696//1349 3360//1349
f 3367//1366 7030//1366 3360//1366 695//1366
f 700//1363 3370//1363 7031//1363 3369//1363
f 3370//1364 697//1364 3363//1364 7031//1364
f 7031//1364 3363//1364 693//1364 3362//1364
f 3369//1368 7031//1368 3362//1368 696//1368
f 701//1359 3372//1359 7032//1359 3371//1359
f 3372//1357 702//1357 3373//1357 7032//1357
f 7032//1370 3373//1370 698//1370 3364//1370
f 3371//1356 7032//1356 3364//1356 697//1356
f 702//1360 3374//1360 7033//1360 3373//1360
f 3374//1365 703//1365 3375//1365 7033//1365
f 7033//1365 3375//1365 699//1365 3366//1365
f 3373//1369 7033//1369 3366//1369 698//1369
f 703//1348 3376//1348 7034//1348 3375//1348
f 3376//1349 704//1349 3377//1349 7034//1349
f 7034//1362 3377//1362 700//1362 3368//1362
f 3375//1366 7034//1366 3368//1366 699//1366
f 704//1363 3378//1363 7035//1363 3377//1363
f 3378//1364 701//1364 3371//1364 7035//1364
f 7035//1364 3371//1364 697//1364 3370//1364
f 3377//1363 7035//1363 3370//1363 700//1363
f 705//1359 3380//1359 7036//1359 3379//1359
f 3380//1358 706//1358 3381//1358 7036//1358
f 7036//1358 3381//1358 702//1358 3372//1358
f 3379//1359 7036//1359 3372//1359 701//1359
f 706//1344 3382//1344 7037//1344 3381//1344
f 3382//1371 707//1371 3383//1371 7037//1371
f 7037//1365 3383//1365 703//1365 3374//1365
f 3381//1360 7037//1360 3374//1360 702//1360
f 707//1348 3384//1348 7038//1348 3383//1348
f 3384//1349 708//1349 3385//1349 7038//1349
f 7038//1372 3385//1372 704//1372 3376//1372
f 3383//1366 7038//1366 3376//1366 703//1366
f 708//1373 3386//1373 7039//1373 3385//1373
f 3386//1364 705//1364 3379//1364 7039//1364
f 7039//1374 3379//1374 701//1374 3378//1374
f 3385//1368 7039//1368 3378//1368 704//1368
f 709//1359 3388//1359 7040//1359 3387//1359
f 3388//1358 710//1358 3389//1358 7040//1358
f 7040//1357 3389//1357 706//1357 3380//1357
f 3387//1375 7040//1375 3380//1375 705//1375
f 710//1360 3390//1360 7041//1360 3389//1360
f 3390//1365 711//1365 3391//1365 7041//1365
f 7041//1376 3391//1376 707//1376 3382//1376
f 3389//1360 7041//1360 3382//1360 706//1360
f 711//1366 3392//1366 7042//1366 3391//1366
f 3392//1362 712//1362 3393//1362 7042//1362
f 7042//1349 3393//1349 708//1349 3384//1349
f 3391//1367 7042//1367 3384//1367 707//1367
f 712//1363 3394//1363 7043//1363 3393//1363
f 3394//1364 709//1364 3387//1364 7043//1364
f 7043//1353 3387//1353 705//1353 3386//1353
f 3393//1363 7043//1363 3386//1363 708//1363
f 45//1377 2285//1377 7044//1377 3395//1377
f 2285//1378 46//1378 3396//1378 7044//1378
f 7044//1379 3396//1379 710//1379 3388//1379
f 3395//1380 7044//1380 3388//1380 709//1380
f 46//1381 2289//1381 7045//1381 3396//1381
f 2289//1382 47//1382 3397//1382 7045//1382
f 7045//1383 3397//1383 711//1383 3390//1383
f 3396//1384 7045//1384 3390//1384 710//1384
f 47//1385 2296//1385 7046//1385 3397//1385
f 2296//1386 48//1386 3398//1386 7046//1386
f 7046//1387 3398//1387 712//1387 3392//1387
f 3397//1388 7046//1388 3392//1388 711//1388
f 48//1389 2302//1389 7047//1389 3398//1389
f 2302//1390 45//1390 3395//1390 7047//1390
f 7047//1391 3395//1391 709//1391 3394//1391
f 3398//1392 7047//1392 3394//1392 712//1392
f 717//1393 3400//1393 7048//1393 3399//1393
f 3400//1394 718//1394 3401//1394 7048//1394
f 7048//1395 3401//1395 714//1395 2475//1395
f 3399//1396 7048//1396 2475//1396 713//1396
f 718//1397 3402//1397 7049//1397 3401//1397
f 3402//1398 719//1398 3403//1398 7049//1398
f 7049//1399 3403//1399 715//1399 2453//1399
f 3401//1400 7049//1400 2453//1400 714//1400
f 719//1401 3404//1401 7050//1401 3403//1401
f 3404//1402 720//1402 3405//1402 7050//1402
f 7050//1403 3405//1403 716//1403 2461//1403
f 3403//1404 7050//1404 2461//1404 715//1404
f 720//1405 3406//1405 7051//1405 3405//1405
f 3406//1406 717//1406 3399//1406 7051//1406
f 7051//1407 3399//1407 713//1407 2476//1407
f 3405//1408 7051//1408 2476//1408 716//1408
f 721//1409 3408//1409 7052//1409 3407//1409
f 3408//1410 722//1410 3409//1410 7052//1410
f 7052//1411 3409//1411 718//1411 3400//1411
f 3407//1412 7052//1412 3400//1412 717//1412
f 722//1413 3410//1413 7053//1413 3409//1413
f 3410//1414 723//1414 3411//1414 7053//1414
f 7053//1415 3411//1415 719//1415 3402//1415
f 3409//1416 7053//1416 3402//1416 718//1416
f 723//1417 3412//1417 7054//1417 3411//1417
f 3412//1418 724//1418 3413//1418 7054//1418
f 7054//1419 3413//1419 720//1419 3404//1419
f 3411//1420 7054//1420 3404//1420 719//1420
f 724//1421 3414//1421 7055//1421 3413//1421
f 3414//1422 721//1422 3407//1422 7055//1422
f 7055//1423 3407//1423 717//1423 3406//1423
f 3413//1424 7055//1424 3406//1424 720//1424
f 725//1425 3416//1425 7056//1425 3415//1425
f 3416//1426 726//1426 3417//1426 7056//1426
f 7056//1427 3417//1427 722//1427 3408//1427
f 3415//1428 7056//1428 3408//1428 721//1428
f 726//1429 3418//1429 7057//1429 3417//1429
f 3418//1430 727//1430 3419//1430 7057//1430
f 7057//1431 3419//1431 723//1431 3410//1431
f 3417//1432 7057//1432 3410//1432 722//1432
f 727//1433 3420//1433 7058//1433 3419//1433
f 3420//1434 728//1434 3421//1434 7058//1434
f 7058//1435 3421//1435 724//1435 3412//1435
f 3419//1436 7058//1436 3412//1436 723//1436
f 728//1437 3422//1437 7059//1437 3421//1437
f 3422//1438 725//1438 3415//1438 7059//1438
f 7059//1439 3415//1439 721//1439 3414//1439
f 3421//1440 7059//1440 3414//1440 724//1440
f 49//1441 3424//1441 7060//1441 3423//1441
f 3424//1442 50//1442 3425//1442 7060//1442
f 7060//1443 3425//1443 726//1443 3416//1443
f 3423//1444 7060//1444 3416//1444 725//1444
f 50//1445 3426//1445 7061//1445 3425//1445
f 3426//1446 51//1446 3427//1446 7061//1446
f 7061//1447 3427//1447 727//1447 3418//1447
f 3425//1448 7061//1448 3418//1448 726//1448
f 51//1449 3428//1449 7062//1449 3427//1449
f 3428//1450 52//1450 3429//1450 7062//1450
f 7062//1451 3429//1451 728//1451 3420//1451
f 3427//1452 7062//1452 3420//1452 727//1452
f 52//1453 3430//1453 7063//1453 3429//1453
f 3430//1454 49//1454 3423//1454 7063//1454
f 7063//1455 3423//1455 725//1455 3422//1455
f 3429//1456 7063//1456 3422//1456 728//1456
f 729//1457 3432//1457 7064//1457 3431//1457
f 3432//1458 730//1458 3433//1458 7064//1458
f 7064//1459 3433//1459 50//1459 3424//1459
f 3431//1460 7064//1460 3424//1460 49//1460
f 730//1461 3434//1461 7065//1461 3433//1461
f 3434//1462 731//1462 3435//1462 7065//1462
f 7065//1463 3435//1463 51//1463 3426//1463
f 3433//1464 7065//1464 3426//1464 50//1464
f 731//1465 3436//1465 7066//1465 3435//1465
f 3436//1466 732//1466 3437//1466 7066//1466
f 7066//1467 3437//1467 52//1467 3428//1467
f 3435//1468 7066//1468 3428//1468 51//1468
f 732//1469 3438//1469 7067//1469 3437//1469
f 3438//1470 729//1470 3431//1470 7067//1470
f 7067//1471 3431//1471 49//1471 3430//1471
f 3437//1472 7067//1472 3430//1472 52//1472
f 733//1473 3440//1473 7068//1473 3439//1473
f 3440//1474 734//1474 3441//1474 7068//1474
f 7068//1475 3441//1475 730//1475 3432//1475
f 3439//1476 7068//1476 3432//1476 729//1476
f 734//1477 3442//1477 7069//1477 3441//1477
f 3442//1478 735//1478 3443//1478 7069//1478
f 7069//1479 3443//1479 731//1479 3434//1479
f 3441//1480 7069//1480 3434//1480 730//1480
f 735//1481 3444//1481 7070//1481 3443//1481
f 3444//1482 736//1482 3445//1482 7070//1482
f 7070//1483 3445//1483 732//1483 3436//1483
f 3443//1484 7070//1484 3436//1484 731//1484
f 736//1485 3446//1485 7071//1485 3445//1485
f 3446//1486 733//1486 3439//1486 7071//1486
f 7071//1487 3439//1487 729//1487 3438//1487
f 3445//1488 7071//1488 3438//1488 732//1488
f 737//1489 3448//1489 7072//1489 3447//1489
f 3448//1490 738//1490 3449//1490 7072//1490
f 7072//1491 3449//1491 734//1491 3440//1491
f 3447//1489 7072//1489 3440//1489 733//1489
f 738//1477 3450//1477 7073//1477 3449//1477
f 3450//1492 739//1492 3451//1492 7073//1492
f 7073//1492 3451//1492 735//1492 3442//1492
f 3449//1477 7073//1477 3442//1477 734//1477
f 739//1481 3452//1481 7074//1481 3451//1481
f 3452//1493 740//1493 3453//1493 7074//1493
f 7074//1494 3453//1494 736//1494 3444//1494
f 3451//1495 7074//1495 3444//1495 735//1495
f 740//1496 3454//1496 7075//1496 3453//1496
f 3454//1486 737//1486 3447//1486 7075//1486
f 7075//1486 3447//1486 733//1486 3446//1486
f 3453//1485 7075//1485 3446//1485 736//1485
f 741//1489 3456//1489 7076//1489 3455//1489
f 3456//1491 742//1491 3457//1491 7076//1491
f 7076//1474 3457//1474 738//1474 3448//1474
f 3455//1497 7076//1497 3448//1497 737//1497
f 742//1498 3458//1498 7077//1498 3457//1498
f 3458//1492 743//1492 3459//1492 7077//1492
f 7077//1492 3459//1492 739//1492 3450//1492
f 3457//1499 7077//1499 3450//1499 738//1499
f 743//1484 3460//1484 7078//1484 3459//1484
f 3460//1483 744//1483 3461//1483 7078//1483
f 7078//1483 3461//1483 740//1483 3452//1483
f 3459//1500 7078//1500 3452//1500 739//1500
f 744//1496 3462//1496 7079//1496 3461//1496
f 3462//1486 741//1486 3455//1486 7079//1486
f 7079//1486 3455//1486 737//1486 3454//1486
f 3461//1485 7079//1485 3454//1485 740//1485
f 745//1489 3464//1489 7080//1489 3463//1489
f 3464//1491 746//1491 3465//1491 7080//1491
f 7080//1474 3465//1474 742//1474 3456//1474
f 3463//1497 7080//1497 3456//1497 741//1497
f 746//1498 3466//1498 7081//1498 3465//1498
f 3466//1492 747//1492 3467//1492 7081//1492
f 7081//1492 3467//1492 743//1492 3458//1492
f 3465//1498 7081//1498 3458//1498 742//1498
f 747//1495 3468//1495 7082//1495 3467//1495
f 3468//1494 748//1494 3469//1494 7082//1494
f 7082//1501 3469//1501 744//1501 3460//1501
f 3467//1500 7082//1500 3460//1500 743//1500
f 748//1485 3470//1485 7083//1485 3469//1485
f 3470//1502 745//1502 3463//1502 7083//1502
f 7083//1486 3463//1486 741//1486 3462//1486
f 3469//1496 7083//1496 3462//1496 744//1496
f 749//1497 3472//1497 7084//1497 3471//1497
f 3472//1474 750//1474 3473//1474 7084//1474
f 7084//1474 3473//1474 746//1474 3464//1474
f 3471//1503 7084//1503 3464//1503 745//1503
f 750//1477 3474//1477 7085//1477 3473//1477
f 3474//1492 751//1492 3475//1492 7085//1492
f 7085//1492 3475//1492 747//1492 3466//1492
f 3473//1498 7085//1498 3466//1498 746//1498
f 751//1481 3476//1481 7086//1481 3475//1481
f 3476//1482 752//1482 3477//1482 7086//1482
f 7086//1482 3477//1482 748//1482 3468//1482
f 3475//1481 7086//1481 3468//1481 747//1481
f 752//1496 3478//1496 7087//1496 3477//1496
f 3478//1502 749//1502 3471//1502 7087//1502
f 7087//1502 3471//1502 745//1502 3470//1502
f 3477//1485 7087//1485 3470//1485 748//1485
f 753//1497 3480//1497 7088//1497 3479//1497
f 3480//1474 754//1474 3481//1474 7088//1474
f 7088//1491 3481//1491 750//1491 3472//1491
f 3479//1489 7088//1489 3472//1489 749//1489
f 754//1477 3482//1477 7089//1477 3481//1477
f 3482//1492 755//1492 3483//1492 7089//1492
f 7089//1492 3483//1492 751//1492 3474//1492
f 3481//1477 7089//1477 3474//1477 750//1477
f 755//1481 3484//1481 7090//1481 3483//1481
f 3484//1482 756//1482 3485//1482 7090//1482
f 7090//1494 3485//1494 752//1494 3476//1494
f 3483//1495 7090//1495 3476//1495 751//1495
f 756//1485 3486//1485 7091//1485 3485//1485
f 3486//1486 753//1486 3479//1486 7091//1486
f 7091//1486 3479//1486 749//1486 3478//1486
f 3485//1496 7091//1496 3478//1496 752//1496
f 757//1503 3488//1503 7092//1503 3487//1503
f 3488//1490 758//1490 3489//1490 7092//1490
f 7092//1490 3489//1490 754//1490 3480//1490
f 3487//1489 7092//1489 3480//1489 753//1489
f 758//1498 3490//1498 7093//1498 3489//1498
f 3490//1478 759//1478 3491//1478 7093//1478
f 7093//1478 3491//1478 755//1478 3482//1478
f 3489//1498 7093//1498 3482//1498 754//1498
f 759//1481 3492//1481 7094//1481 3491//1481
f 3492//1482 760//1482 3493//1482 7094//1482
f 7094//1494 3493//1494 756//1494 3484//1494
f 3491//1495 7094//1495 3484//1495 755//1495
f 760//1496 3494//1496 7095//1496 3493//1496
f 3494//1486 757//1486 3487//1486 7095//1486
f 7095//1502 3487//1502 753//1502 3486//1502
f 3493//1485 7095//1485 3486//1485 756//1485
f 761//1497 3496//1497 7096//1497 3495//1497
f 3496//1474 762//1474 3497//1474 7096//1474
f 7096//1491 3497//1491 758//1491 3488//1491
f 3495//1489 7096//1489 3488//1489 757//1489
f 762//1477 3498//1477 7097//1477 3497//1477
f 3498//1492 763//1492 3499//1492 7097//1492
f 7097//1478 3499//1478 759//1478 3490//1478
f 3497//1477 7097//1477 3490//1477 758//1477
f 763//1495 3500//1495 7098//1495 3499//1495
f 3500//1482 764//1482 3501//1482 7098//1482
f 7098//1494 3501//1494 760//1494 3492//1494
f 3499//1495 7098//1495 3492//1495 759//1495
f 764//1496 3502//1496 7099//1496 3501//1496
f 3502//1502 761//1502 3495//1502 7099//1502
f 7099//1486 3495//1486 757//1486 3494//1486
f 3501//1485 7099//1485 3494//1485 760//1485
f 765//1489 3504//1489 7100//1489 3503//1489
f 3504//1491 766//1491 3505//1491 7100//1491
f 7100//1491 3505//1491 762//1491 3496//1491
f 3503//1489 7100//1489 3496//1489 761//1489
f 766//1498 3506//1498 7101//1498 3505//1498
f 3506//1492 767//1492 3507//1492 7101//1492
f 7101//1492 3507//1492 763//1492 3498//1492
f 3505//1498 7101//1498 3498//1498 762//1498
f 767//1495 3508//1495 7102//1495 3507//1495
f 3508//1482 768//1482 3509//1482 7102//1482
f 7102//1494 3509//1494 764//1494 3500//1494
f 3507//1495 7102//1495 3500//1495 763//1495
f 768//1496 3510//1496 7103//1496 3509//1496
f 3510//1486 765//1486 3503//1486 7103//1486
f 7103//1502 3503//1502 761//1502 3502//1502
f 3509//1496 7103//1496 3502//1496 764//1496
f 769//1497 3512//1497 7104//1497 3511//1497
f 3512//1490 770//1490 3513//1490 7104//1490
f 7104//1474 3513//1474 766//1474 3504//1474
f 3511//1497 7104//1497 3504//1497 765//1497
f 770//1477 3514//1477 7105//1477 3513//1477
f 3514//1478 771//1478 3515//1478 7105//1478
f 7105//1492 3515//1492 767//1492 3506//1492
f 3513//1477 7105//1477 3506//1477 766//1477
f 771//1504 3516//1504 7106//1504 3515//1504
f 3516//1493 772//1493 3517//1493 7106//1493
f 7106//1505 3517//1505 768//1505 3508//1505
f 3515//1506 7106//1506 3508//1506 767//1506
f 772//1496 3518//1496 7107//1496 3517//1496
f 3518//1486 769//1486 3511//1486 7107//1486
f 7107//1486 3511//1486 765//1486 3510//1486
f 3517//1496 7107//1496 3510//1496 768//1496
f 773//1507 3520//1507 7108//1507 3519//1507
f 3520//1490 774//1490 3521//1490 7108//1490
f 7108//1474 3521//1474 770//1474 3512//1474
f 3519//1497 7108//1497 3512//1497 769//1497
f 774//1498 3522//1498 7109//1498 3521//1498
f 3522//1492 775//1492 3523//1492 7109//1492
f 7109//1492 3523//1492 771//1492 3514//1492
f 3521//1498 7109//1498 3514//1498 770//1498
f 775//1481 3524//1481 7110//1481 3523//1481
f 3524//1494 776//1494 3525//1494 7110//1494
f 7110//1494 3525//1494 772//1494 3516//1494
f 3523//1495 7110//1495 3516//1495 771//1495
f 776//1485 3526//1485 7111//1485 3525//1485
f 3526//1502 773//1502 3519//1502 7111//1502
f 7111//1502 3519//1502 769//1502 3518//1502
f 3525//1496 7111//1496 3518//1496 772//1496
f 777//1497 3528//1497 7112//1497 3527//1497
f 3528//1490 778//1490 3529//1490 7112//1490
f 7112//1508 3529//1508 774//1508 3520//1508
f 3527//1497 7112//1497 3520//1497 773//1497
f 778//1477 3530//1477 7113//1477 3529//1477
f 3530//1492 779//1492 3531//1492 7113//1492
f 7113//1478 3531//1478 775//1478 3522//1478
f 3529//1477 7113//1477 3522//1477 774//1477
f 779//1481 3532//1481 7114//1481 3531//1481
f 3532//1494 780//1494 3533//1494 7114//1494
f 7114//1494 3533//1494 776//1494 3524//1494
f 3531//1495 7114//1495 3524//1495 775//1495
f 780//1496 3534//1496 7115//1496 3533//1496
f 3534//1486 777//1486 3527//1486 7115//1486
f 7115//1486 3527//1486 773//1486 3526//1486
f 3533//1496 7115//1496 3526//1496 776//1496
f 781//1489 3536//1489 7116//1489 3535//1489
f 3536//1474 782//1474 3537//1474 7116//1474
f 7116//1474 3537//1474 778//1474 3528//1474
f 3535//1497 7116//1497 3528//1497 777//1497
f 782//1499 3538//1499 7117//1499 3537//1499
f 3538//1492 783//1492 3539//1492 7117//1492
f 7117//1492 3539//1492 779//1492 3530//1492
f 3537//1477 7117//1477 3530//1477 778//1477
f 783//1509 3540//1509 7118//1509 3539//1509
f 3540//1482 784//1482 3541//1482 7118//1482
f 7118//1482 3541//1482 780//1482 3532//1482
f 3539//1495 7118//1495 3532//1495 779//1495
f 784//1485 3542//1485 7119//1485 3541//1485
f 3542//1510 781//1510 3535//1510 7119//1510
f 7119//1486 3535//1486 777//1486 3534//1486
f 3541//1485 7119//1485 3534//1485 780//1485
f 53//1511 2272//1511 7120//1511 3543//1511
f 2272//1512 54//1512 3544//1512 7120//1512
f 7120//1513 3544//1513 782//1513 3536//1513
f 3543//1514 7120//1514 3536//1514 781//1514
f 54//1515 2273//1515 7121//1515 3544//1515
f 2273//1516 55//1516 3545//1516 7121//1516
f 7121//1517 3545//1517 783//1517 3538//1517
f 3544//1518 7121//1518 3538//1518 782//1518
f 55//1519 2276//1519 7122//1519 3545//1519
f 2276//1520 56//1520 3546//1520 7122//1520
f 7122//1521 3546//1521 784//1521 3540//1521
f 3545//1522 7122//1522 3540//1522 783//1522
f 56//1523 2281//1523 7123//1523 3546//1523
f 2281//1524 53//1524 3543//1524 7123//1524
f 7123//1525 3543//1525 781//1525 3542//1525
f 3546//1526 7123//1526 3542//1526 784//1526
f 789//1527 3548//1527 7124//1527 3547//1527
f 3548//1528 790//1528 3549//1528 7124//1528
f 7124//1529 3549//1529 786//1529 2161//1529
f 3547//1530 7124//1530 2161//1530 785//1530
f 790//1531 3550//1531 7125//1531 3549//1531
f 3550//1532 791//1532 3551//1532 7125//1532
f 7125//1533 3551//1533 787//1533 2180//1533
f 3549//1534 7125//1534 2180//1534 786//1534
f 791//1535 3552//1535 7126//1535 3551//1535
f 3552//1536 792//1536 3553//1536 7126//1536
f 7126//1537 3553//1537 788//1537 2179//1537
f 3551//1538 7126//1538 2179//1538 787//1538
f 792//1539 3554//1539 7127//1539 3553//1539
f 3554//1540 789//1540 3547//1540 7127//1540
f 7127//1541 3547//1541 785//1541 2159//1541
f 3553//1542 7127//1542 2159//1542 788//1542
f 793//1543 3556//1543 7128//1543 3555//1543
f 3556//1544 794//1544 3557//1544 7128//1544
f 7128//1545 3557//1545 790//1545 3548//1545
f 3555//1546 7128//1546 3548//1546 789//1546
f 794//1547 3558//1547 7129//1547 3557//1547
f 3558//1548 795//1548 3559//1548 7129//1548
f 7129//1549 3559//1549 791//1549 3550//1549
f 3557//1550 7129//1550 3550//1550 790//1550
f 795//1551 3560//1551 7130//1551 3559//1551
f 3560//1552 796//1552 3561//1552 7130//1552
f 7130//1553 3561//1553 792//1553 3552//1553
f 3559//1554 7130//1554 3552//1554 791//1554
f 796//1555 3562//1555 7131//1555 3561//1555
f 3562//1556 793//1556 3555//1556 7131//1556
f 7131//1557 3555//1557 789//1557 3554//1557
f 3561//1558 7131//1558 3554//1558 792//1558
f 797//1559 3564//1559 7132//1559 3563//1559
f 3564//1560 798//1560 3565//1560 7132//1560
f 7132//1560 3565//1560 794//1560 3556//1560
f 3563//1559 7132//1559 3556//1559 793//1559
f 798//1561 3566//1561 7133//1561 3565//1561
f 3566//1562 799//1562 3567//1562 7133//1562
f 7133//1563 3567//1563 795//1563 3558//1563
f 3565//1561 7133//1561 3558//1561 794//1561
f 799//1564 3568//1564 7134//1564 3567//1564
f 3568//1565 800//1565 3569//1565 7134//1565
f 7134//1566 3569//1566 796//1566 3560//1566
f 3567//1567 7134//1567 3560//1567 795//1567
f 800//1568 3570//1568 7135//1568 3569//1568
f 3570//1569 797//1569 3563//1569 7135//1569
f 7135//1569 3563//1569 793//1569 3562//1569
f 3569//1568 7135//1568 3562//1568 796//1568
f 801//1559 3572//1559 7136//1559 3571//1559
f 3572//1560 802//1560 3573//1560 7136//1560
f 7136//1570 3573//1570 798//1570 3564//1570
f 3571//1559 7136//1559 3564//1559 797//1559
f 802//1561 3574//1561 7137//1561 3573//1561
f 3574//1562 803//1562 3575//1562 7137//1562
f 7137//1562 3575//1562 799//1562 3566//1562
f 3573//1561 7137//1561 3566//1561 798//1561
f 803//1564 3576//1564 7138//1564 3575//1564
f 3576//1566 804//1566 3577//1566 7138//1566
f 7138//1566 3577//1566 800//1566 3568//1566
f 3575//1564 7138//1564 3568//1564 799//1564
f 804//1571 3578//1571 7139//1571 3577//1571
f 3578//1572 801//1572 3571//1572 7139//1572
f 7139//1569 3571//1569 797//1569 3570//1569
f 3577//1571 7139//1571 3570//1571 800//1571
f 805//1559 3580//1559 7140//1559 3579//1559
f 3580//1570 806//1570 3581//1570 7140//1570
f 7140//1560 3581//1560 802//1560 3572//1560
f 3579//1559 7140//1559 3572//1559 801//1559
f 806//1561 3582//1561 7141//1561 3581//1561
f 3582//1563 807//1563 3583//1563 7141//1563
f 7141//1563 3583//1563 803//1563 3574//1563
f 3581//1561 7141//1561 3574//1561 802//1561
f 807//1567 3584//1567 7142//1567 3583//1567
f 3584//1566 808//1566 3585//1566 7142//1566
f 7142//1566 3585//1566 804//1566 3576//1566
f 3583//1573 7142//1573 3576//1573 803//1573
f 808//1571 3586//1571 7143//1571 3585//1571
f 3586//1569 805//1569 3579//1569 7143//1569
f 7143//1569 3579//1569 801//1569 3578//1569
f 3585//1568 7143//1568 3578//1568 804//1568
f 809//1559 3588//1559 7144//1559 3587//1559
f 3588//1560 810//1560 3589//1560 7144//1560
f 7144//1560 3589//1560 806//1560 3580//1560
f 3587//1559 7144//1559 3580//1559 805//1559
f 810//1561 3590//1561 7145//1561 3589//1561
f 3590//1562 811//1562 3591//1562 7145//1562
f 7145//1562 3591//1562 807//1562 3582//1562
f 3589//1561 7145//1561 3582//1561 806//1561
f 811//1564 3592//1564 7146//1564 3591//1564
f 3592//1566 812//1566 3593//1566 7146//1566
f 7146//1566 3593//1566 808//1566 3584//1566
f 3591//1573 7146//1573 3584//1573 807//1573
f 812//1568 3594//1568 7147//1568 3593//1568
f 3594//1574 809//1574 3587//1574 7147//1574
f 7147//1572 3587//1572 805//1572 3586//1572
f 3593//1571 7147//1571 3586//1571 808//1571
f 813//1575 3596//1575 7148//1575 3595//1575
f 3596//1576 814//1576 3597//1576 7148//1576
f 7148//1577 3597//1577 810//1577 3588//1577
f 3595//1578 7148//1578 3588//1578 809//1578
f 814//1579 3598//1579 7149//1579 3597//1579
f 3598//1580 815//1580 3599//1580 7149//1580
f 7149//1581 3599//1581 811//1581 3590//1581
f 3597//1561 7149//1561 3590//1561 810//1561
f 815//1582 3600//1582 7150//1582 3599//1582
f 3600//1583 816//1583 3601//1583 7150//1583
f 7150//1566 3601//1566 812//1566 3592//1566
f 3599//1584 7150//1584 3592//1584 811//1584
f 816//1585 3602//1585 7151//1585 3601//1585
f 3602//1586 813//1586 3595//1586 7151//1586
f 7151//1587 3595//1587 809//1587 3594//1587
f 3601//1588 7151//1588 3594//1588 812//1588
f 57//1589 3604//1589 7152//1589 3603//1589
f 3604//1590 58//1590 3605//1590 7152//1590
f 7152//1591 3605//1591 814//1591 3596//1591
f 3603//1592 7152//1592 3596//1592 813//1592
f 58//1593 3606//1593 7153//1593 3605//1593
f 3606//1594 59//1594 3607//1594 7153//1594
f 7153//1595 3607//1595 815//1595 3598//1595
f 3605//1596 7153//1596 3598//1596 814//1596
f 59//1597 3608//1597 7154//1597 3607//1597
f 3608//1598 60//1598 3609//1598 7154//1598
f 7154//1599 3609//1599 816//1599 3600//1599
f 3607//1600 7154//1600 3600//1600 815//1600
f 60//1601 3610//1601 7155//1601 3609//1601
f 3610//1602 57//1602 3603//1602 7155//1602
f 7155//1603 3603//1603 813//1603 3602//1603
f 3609//1604 7155//1604 3602//1604 816//1604
f 817//1605 3612//1605 7156//1605 3611//1605
f 3612//1606 818//1606 3613//1606 7156//1606
f 7156//1607 3613//1607 58//1607 3604//1607
f 3611//1608 7156//1608 3604//1608 57//1608
f 818//1609 3614//1609 7157//1609 3613//1609
f 3614//1610 819//1610 3615//1610 7157//1610
f 7157//1611 3615//1611 59//1611 3606//1611
f 3613//1612 7157//1612 3606//1612 58//1612
f 819//1613 3616//1613 7158//1613 3615//1613
f 3616//1614 820//1614 3617//1614 7158//1614
f 7158//1615 3617//1615 60//1615 3608//1615
f 3615//1616 7158//1616 3608//1616 59//1616
f 820//1617 3618//1617 7159//1617 3617//1617
f 3618//1618 817//1618 3611//1618 7159//1618
f 7159//1619 3611//1619 57//1619 3610//1619
f 3617//1620 7159//1620 3610//1620 60//1620
f 821//1621 3620//1621 7160//1621 3619//1621
f 3620//1622 822//1622 3621//1622 7160//1622
f 7160//1623 3621//1623 818//1623 3612//1623
f 3619//1624 7160//1624 3612//1624 817//1624
f 822//1625 3622//1625 7161//1625 3621//1625
f 3622//1626 823//1626 3623//1626 7161//1626
f 7161//1627 3623//1627 819//1627 3614//1627
f 3621//1628 7161//1628 3614//1628 818//1628
f 823//1629 3624//1629 7162//1629 3623//1629
f 3624//1630 824//1630 3625//1630 7162//1630
f 7162//1631 3625//1631 820//1631 3616//1631
f 3623//1632 7162//1632 3616//1632 819//1632
f 824//1633 3626//1633 7163//1633 3625//1633
f 3626//1634 821//1634 3619//1634 7163//1634
f 7163//1635 3619//1635 817//1635 3618//1635
f 3625//1633 7163//1633 3618//1633 820//1633
f 825//1636 3628//1636 7164//1636 3627//1636
f 3628//1637 826//1637 3629//1637 7164//1637
f 7164//1637 3629//1637 822//1637 3620//1637
f 3627//1638 7164//1638 3620//1638 821//1638
f 826//1639 3630//1639 7165//1639 3629//1639
f 3630//1640 827//1640 3631//1640 7165//1640
f 7165//1640 3631//1640 823//1640 3622//1640
f 3629//1639 7165//1639 3622//1639 822//1639
f 827//1641 3632//1641 7166//1641 3631//1641
f 3632//1642 828//1642 3633//1642 7166//1642
f 7166//1642 3633//1642 824//1642 3624//1642
f 3631//1641 7166//1641 3624//1641 823//1641
f 828//1633 3634//1633 7167//1633 3633//1633
f 3634//1643 825//1643 3627//1643 7167//1643
f 7167//1643 3627//1643 821//1643 3626//1643
f 3633//1633 7167//1633 3626//1633 824//1633
f 829//1636 3636//1636 7168//1636 3635//1636
f 3636//1644 830//1644 3637//1644 7168//1644
f 7168//1645 3637//1645 826//1645 3628//1645
f 3635//1638 7168//1638 3628//1638 825//1638
f 830//1639 3638//1639 7169//1639 3637//1639
f 3638//1640 831//1640 3639//1640 7169//1640
f 7169//1640 3639//1640 827//1640 3630//1640
f 3637//1639 7169//1639 3630//1639 826//1639
f 831//1646 3640//1646 7170//1646 3639//1646
f 3640//1647 832//1647 3641//1647 7170//1647
f 7170//1642 3641//1642 828//1642 3632//1642
f 3639//1646 7170//1646 3632//1646 827//1646
f 832//1633 3642//1633 7171//1633 3641//1633
f 3642//1643 829//1643 3635//1643 7171//1643
f 7171//1643 3635//1643 825//1643 3634//1643
f 3641//1648 7171//1648 3634//1648 828//1648
f 833//1638 3644//1638 7172//1638 3643//1638
f 3644//1622 834//1622 3645//1622 7172//1622
f 7172//1637 3645//1637 830//1637 3636//1637
f 3643//1636 7172//1636 3636//1636 829//1636
f 834//1639 3646//1639 7173//1639 3645//1639
f 3646//1649 835//1649 3647//1649 7173//1649
f 7173//1640 3647//1640 831//1640 3638//1640
f 3645//1650 7173//1650 3638//1650 830//1650
f 835//1641 3648//1641 7174//1641 3647//1641
f 3648//1642 836//1642 3649//1642 7174//1642
f 7174//1647 3649//1647 832//1647 3640//1647
f 3647//1641 7174//1641 3640//1641 831//1641
f 836//1633 3650//1633 7175//1633 3649//1633
f 3650//1643 833//1643 3643//1643 7175//1643
f 7175//1643 3643//1643 829//1643 3642//1643
f 3649//1648 7175//1648 3642//1648 832//1648
f 837//1636 3652//1636 7176//1636 3651//1636
f 3652//1622 838//1622 3653//1622 7176//1622
f 7176//1637 3653//1637 834//1637 3644//1637
f 3651//1636 7176//1636 3644//1636 833//1636
f 838//1639 3654//1639 7177//1639 3653//1639
f 3654//1640 839//1640 3655//1640 7177//1640
f 7177//1640 3655//1640 835//1640 3646//1640
f 3653//1639 7177//1639 3646//1639 834//1639
f 839//1641 3656//1641 7178//1641 3655//1641
f 3656//1642 840//1642 3657//1642 7178//1642
f 7178//1642 3657//1642 836//1642 3648//1642
f 3655//1641 7178//1641 3648//1641 835//1641
f 840//1648 3658//1648 7179//1648 3657//1648
f 3658//1643 837//1643 3651//1643 7179//1643
f 7179//1643 3651//1643 833//1643 3650//1643
f 3657//1633 7179//1633 3650//1633 836//1633
f 841//1651 3660//1651 7180//1651 3659//1651
f 3660//1652 842//1652 3661//1652 7180//1652
f 7180//1622 3661//1622 838//1622 3652//1622
f 3659//1636 7180//1636 3652//1636 837//1636
f 842//1639 3662//1639 7181//1639 3661//1639
f 3662//1649 843//1649 3663//1649 7181//1649
f 7181//1640 3663//1640 839//1640 3654//1640
f 3661//1639 7181//1639 3654//1639 838//1639
f 843//1646 3664//1646 7182//1646 3663//1646
f 3664//1642 844//1642 3665//1642 7182//1642
f 7182//1642 3665//1642 840//1642 3656//1642
f 3663//1641 7182//1641 3656//1641 839//1641
f 844//1653 3666//1653 7183//1653 3665//1653
f 3666//1643 841//1643 3659//1643 7183//1643
f 7183//1643 3659//1643 837//1643 3658//1643
f 3665//1633 7183//1633 3658//1633 840//1633
f 845//1636 3668//1636 7184//1636 3667//1636
f 3668//1622 846//1622 3669//1622 7184//1622
f 7184//1622 3669//1622 842//1622 3660//1622
f 3667//1636 7184//1636 3660//1636 841//1636
f 846//1639 3670//1639 7185//1639 3669//1639
f 3670//1640 847//1640 3671//1640 7185//1640
f 7185//1649 3671//1649 843//1649 3662//1649
f 3669//1639 7185//1639 3662//1639 842//1639
f 847//1654 3672//1654 7186//1654 3671//1654
f 3672//1642 848//1642 3673//1642 7186//1642
f 7186//1647 3673//1647 844//1647 3664//1647
f 3671//1641 7186//1641 3664//1641 843//1641
f 848//1653 3674//1653 7187//1653 3673//1653
f 3674//1643 845//1643 3667//1643 7187//1643
f 7187//1643 3667//1643 841//1643 3666//1643
f 3673//1653 7187//1653 3666//1653 844//1653
f 849//1636 3676//1636 7188//1636 3675//1636
f 3676//1655 850//1655 3677//1655 7188//1655
f 7188//1622 3677//1622 846//1622 3668//1622
f 3675//1636 7188//1636 3668//1636 845//1636
f 850//1639 3678//1639 7189//1639 3677//1639
f 3678//1640 851//1640 3679//1640 7189//1640
f 7189//1640 3679//1640 847//1640 3670//1640
f 3677//1656 7189//1656 3670//1656 846//1656
f 851//1654 3680//1654 7190//1654 3679//1654
f 3680//1657 852//1657 3681//1657 7190//1657
f 7190//1647 3681//1647 848//1647 3672//1647
f 3679//1654 7190//1654 3672//1654 847//1654
f 852//1648 3682//1648 7191//1648 3681//1648
f 3682//1643 849//1643 3675//1643 7191//1643
f 7191//1643 3675//1643 845//1643 3674//1643
f 3681//1653 7191//1653 3674//1653 848//1653
f 853//1638 3684//1638 7192//1638 3683//1638
f 3684//1622 854//1622 3685//1622 7192//1622
f 7192//1622 3685//1622 850//1622 3676//1622
f 3683//1658 7192//1658 3676//1658 849//1658
f 854//1639 3686//1639 7193//1639 3685//1639
f 3686//1659 855//1659 3687//1659 7193//1659
f 7193//1640 3687//1640 851//1640 3678//1640
f 3685//1639 7193//1639 3678//1639 850//1639
f 855//1660 3688//1660 7194//1660 3687//1660
f 3688//1647 856//1647 3689//1647 7194//1647
f 7194//1642 3689//1642 852//1642 3680//1642
f 3687//1661 7194//1661 3680//1661 851//1661
f 856//1648 3690//1648 7195//1648 3689//1648
f 3690//1662 853//1662 3683//1662 7195//1662
f 7195//1643 3683//1643 849//1643 3682//1643
f 3689//1633 7195//1633 3682//1633 852//1633
f 857//1636 3692//1636 7196//1636 3691//1636
f 3692//1637 858//1637 3693//1637 7196//1637
f 7196//1637 3693//1637 854//1637 3684//1637
f 3691//1636 7196//1636 3684//1636 853//1636
f 858//1650 3694//1650 7197//1650 3693//1650
f 3694//1640 859//1640 3695//1640 7197//1640
f 7197//1640 3695//1640 855//1640 3686//1640
f 3693//1639 7197//1639 3686//1639 854//1639
f 859//1663 3696//1663 7198//1663 3695//1663
f 3696//1647 860//1647 3697//1647 7198//1647
f 7198//1647 3697//1647 856//1647 3688//1647
f 3695//1641 7198//1641 3688//1641 855//1641
f 860//1648 3698//1648 7199//1648 3697//1648
f 3698//1643 857//1643 3691//1643 7199//1643
f 7199//1643 3691//1643 853//1643 3690//1643
f 3697//1633 7199//1633 3690//1633 856//1633
f 61//1664 2251//1664 7200//1664 3699//1664
f 2251//1665 62//1665 3700//1665 7200//1665
f 7200//1666 3700//1666 858//1666 3692//1666
f 3699//1667 7200//1667 3692//1667 857//1667
f 62//1668 2254//1668 7201//1668 3700//1668
f 2254//1669 63//1669 3701//1669 7201//1669
f 7201//1670 3701//1670 859//1670 3694//1670
f 3700//1671 7201//1671 3694//1671 858//1671
f 63//1672 2259//1672 7202//1672 3701//1672
f 2259//1673 64//1673 3702//1673 7202//1673
f 7202//1674 3702//1674 860//1674 3696//1674
f 3701//1675 7202//1675 3696//1675 859//1675
f 64//1676 2264//1676 7203//1676 3702//1676
f 2264//1677 61//1677 3699//1677 7203//1677
f 7203//1678 3699//1678 857//1678 3698//1678
f 3702//1679 7203//1679 3698//1679 860//1679
f 863//1680 3704//1680 7204//1680 3703//1680
f 3704//1681 864//1681 3705//1681 7204//1681
f 7204//1682 3705//1682 2138//1682 2435//1682
f 3703//1683 7204//1683 2435//1683 2137//1683
f 866//1684 3710//1684 7205//1684 3709//1684
f 3710//1685 863//1685 3703//1685 7205//1685
f 7205//1686 3703//1686 2137//1686 2436//1686
f 3709//1687 7205//1687 2436//1687 2140//1687
f 867//1688 3712//1688 7206//1688 3711//1688
f 3712//1689 868//1689 3713//1689 7206//1689
f 7206//1690 3713//1690 864//1690 3704//1690
f 3711//1691 7206//1691 3704//1691 863//1691
f 868//1692 3714//1692 7207//1692 3713//1692
f 3714//1693 869//1693 3715//1693 7207//1693
f 7207//1694 3715//1694 865//1694 3706//1694
f 3713//1695 7207//1695 3706//1695 864//1695
f 869//1696 3716//1696 7208//1696 3715//1696
f 3716//1697 870//1697 3717//1697 7208//1697
f 7208//1698 3717//1698 866//1698 3708//1698
f 3715//1699 7208//1699 3708//1699 865//1699
f 870//1700 3718//1700 7209//1700 3717//1700
f 3718//1701 867//1701 3711//1701 7209//1701
f 7209//1702 3711//1702 863//1702 3710//1702
f 3717//1703 7209//1703 3710//1703 866//1703
f 871//1704 3720//1704 7210//1704 3719//1704
f 3720//1705 872//1705 3721//1705 7210//1705
f 7210//1706 3721//1706 868//1706 3712//1706
f 3719//1707 7210//1707 3712//1707 867//1707
f 872//1708 3722//1708 7211//1708 3721//1708
f 3722//1709 873//1709 3723//1709 7211//1709
f 7211//1709 3723//1709 869//1709 3714//1709
f 3721//1708 7211//1708 3714//1708 868//1708
f 873//1710 3724//1710 7212//1710 3723//1710
f 3724//1711 874//1711 3725//1711 7212//1711
f 7212//1711 3725//1711 870//1711 3716//1711
f 3723//1712 7212//1712 3716//1712 869//1712
f 874//1713 3726//1713 7213//1713 3725//1713
f 3726//1714 871//1714 3719//1714 7213//1714
f 7213//1714 3719//1714 867//1714 3718//1714
f 3725//1713 7213//1713 3718//1713 870//1713
f 875//1704 3728//1704 7214//1704 3727//1704
f 3728//1705 876//1705 3729//1705 7214//1705
f 7214//1715 3729//1715 872//1715 3720//1715
f 3727//1716 7214//1716 3720//1716 871//1716
f 876//1708 3730//1708 7215//1708 3729//1708
f 3730//1709 877//1709 3731//1709 7215//1709
f 7215//1709 3731//1709 873//1709 3722//1709
f 3729//1708 7215//1708 3722//1708 872//1708
f 877//1710 3732//1710 7216//1710 3731//1710
f 3732//1711 878//1711 3733//1711 7216//1711
f 7216//1711 3733//1711 874//1711 3724//1711
f 3731//1710 7216//1710 3724//1710 873//1710
f 878//1713 3734//1713 7217//1713 3733//1713
f 3734//1714 875//1714 3727//1714 7217//1714
f 7217//1714 3727//1714 871//1714 3726//1714
f 3733//1713 7217//1713 3726//1713 874//1713
f 879//1717 3736//1717 7218//1717 3735//1717
f 3736//1718 880//1718 3737//1718 7218//1718
f 7218//1719 3737//1719 876//1719 3728//1719
f 3735//1720 7218//1720 3728//1720 875//1720
f 880//1721 3738//1721 7219//1721 3737//1721
f 3738//1722 881//1722 3739//1722 7219//1722
f 7219//1723 3739//1723 877//1723 3730//1723
f 3737//1724 7219//1724 3730//1724 876//1724
f 881//1725 3740//1725 7220//1725 3739//1725
f 3740//1726 882//1726 3741//1726 7220//1726
f 7220//1727 3741//1727 878//1727 3732//1727
f 3739//1728 7220//1728 3732//1728 877//1728
f 882//1729 3742//1729 7221//1729 3741//1729
f 3742//1730 879//1730 3735//1730 7221//1730
f 7221//1731 3735//1731 875//1731 3734//1731
f 3741//1713 7221//1713 3734//1713 878//1713
f 65//1732 3744//1732 7222//1732 3743//1732
f 3744//1733 66//1733 3745//1733 7222//1733
f 7222//1734 3745//1734 880//1734 3736//1734
f 3743//1735 7222//1735 3736//1735 879//1735
f 66//1736 3746//1736 7223//1736 3745//1736
f 3746//1737 67//1737 3747//1737 7223//1737
f 7223//1738 3747//1738 881//1738 3738//1738
f 3745//1739 7223//1739 3738//1739 880//1739
f 67//1740 3748//1740 7224//1740 3747//1740
f 3748//1741 68//1741 3749//1741 7224//1741
f 7224//1742 3749//1742 882//1742 3740//1742
f 3747//1743 7224//1743 3740//1743 881//1743
f 68//1744 3750//1744 7225//1744 3749//1744
f 3750//1745 65//1745 3743//1745 7225//1745
f 7225//1746 3743//1746 879//1746 3742//1746
f 3749//1747 7225//1747 3742//1747 882//1747
f 883//1748 3752//1748 7226//1748 3751//1748
f 3752//1749 884//1749 3753//1749 7226//1749
f 7226//1750 3753//1750 66//1750 3744//1750
f 3751//1751 7226//1751 3744//1751 65//1751
f 884//1752 3754//1752 7227//1752 3753//1752
f 3754//1753 885//1753 3755//1753 7227//1753
f 7227//1754 3755//1754 67//1754 3746//1754
f 3753//1755 7227//1755 3746//1755 66//1755
f 885//1756 3756//1756 7228//1756 3755//1756
f 3756//1757 886//1757 3757//1757 7228//1757
f 7228//1758 3757//1758 68//1758 3748//1758
f 3755//1759 7228//1759 3748//1759 67//1759
f 886//1760 3758//1760 7229//1760 3757//1760
f 3758//1761 883//1761 3751//1761 7229//1761
f 7229//1762 3751//1762 65//1762 3750//1762
f 3757//1763 7229//1763 3750//1763 68//1763
f 887//1764 3760//1764 7230//1764 3759//1764
f 3760//1765 888//1765 3761//1765 7230//1765
f 7230//1766 3761//1766 884//1766 3752//1766
f 3759//1767 7230//1767 3752//1767 883//1767
f 888//1768 3762//1768 7231//1768 3761//1768
f 3762//1769 889//1769 3763//1769 7231//1769
f 7231//1770 3763//1770 885//1770 3754//1770
f 3761//1771 7231//1771 3754//1771 884//1771
f 889//1772 3764//1772 7232//1772 3763//1772
f 3764//1773 890//1773 3765//1773 7232//1773
f 7232//1774 3765//1774 886//1774 3756//1774
f 3763//1775 7232//1775 3756//1775 885//1775
f 890//1776 3766//1776 7233//1776 3765//1776
f 3766//1777 887//1777 3759//1777 7233//1777
f 7233//1778 3759//1778 883//1778 3758//1778
f 3765//1779 7233//1779 3758//1779 886//1779
f 891//1780 3768//1780 7234//1780 3767//1780
f 3768//1781 892//1781 3769//1781 7234//1781
f 7234//1781 3769//1781 888//1781 3760//1781
f 3767//1780 7234//1780 3760//1780 887//1780
f 892//1782 3770//1782 7235//1782 3769//1782
f 3770//1783 893//1783 3771//1783 7235//1783
f 7235//1783 3771//1783 889//1783 3762//1783
f 3769//1782 7235//1782 3762//1782 888//1782
f 893//1784 3772//1784 7236//1784 3771//1784
f 3772//1785 894//1785 3773//1785 7236//1785
f 7236//1785 3773//1785 890//1785 3764//1785
f 3771//1786 7236//1786 3764//1786 889//1786
f 894//1787 3774//1787 7237//1787 3773//1787
f 3774//1788 891//1788 3767//1788 7237//1788
f 7237//1788 3767//1788 887//1788 3766//1788
f 3773//1787 7237//1787 3766//1787 890//1787
f 895//1780 3776//1780 7238//1780 3775//1780
f 3776//1781 896//1781 3777//1781 7238//1781
f 7238//1781 3777//1781 892//1781 3768//1781
f 3775//1780 7238//1780 3768//1780 891//1780
f 896//1782 3778//1782 7239//1782 3777//1782
f 3778//1783 897//1783 3779//1783 7239//1783
f 7239//1783 3779//1783 893//1783 3770//1783
f 3777//1782 7239//1782 3770//1782 892//1782
f 897//1784 3780//1784 7240//1784 3779//1784
f 3780//1785 898//1785 3781//1785 7240//1785
f 7240//1785 3781//1785 894//1785 3772//1785
f 3779//1786 7240//1786 3772//1786 893//1786
f 898//1787 3782//1787 7241//1787 3781//1787
f 3782//1788 895//1788 3775//1788 7241//1788
f 7241//1788 3775//1788 891//1788 3774//1788
f 3781//1789 7241//1789 3774//1789 894//1789
f 899//1780 3784//1780 7242//1780 3783//1780
f 3784//1781 900//1781 3785//1781 7242//1781
f 7242//1781 3785//1781 896//1781 3776//1781
f 3783//1780 7242//1780 3776//1780 895//1780
f 900//1782 3786//1782 7243//1782 3785//1782
f 3786//1790 901//1790 3787//1790 7243//1790
f 7243//1783 3787//1783 897//1783 3778//1783
f 3785//1782 7243//1782 3778//1782 896//1782
f 901//1784 3788//1784 7244//1784 3787//1784
f 3788//1785 902//1785 3789//1785 7244//1785
f 7244//1785 3789//1785 898//1785 3780//1785
f 3787//1786 7244//1786 3780//1786 897//1786
f 902//1791 3790//1791 7245//1791 3789//1791
f 3790//1788 899//1788 3783//1788 7245//1788
f 7245//1788 3783//1788 895//1788 3782//1788
f 3789//1787 7245//1787 3782//1787 898//1787
f 903//1780 3792//1780 7246//1780 3791//1780
f 3792//1792 904//1792 3793//1792 7246//1792
f 7246//1781 3793//1781 900//1781 3784//1781
f 3791//1780 7246//1780 3784//1780 899//1780
f 904//1782 3794//1782 7247//1782 3793//1782
f 3794//1783 905//1783 3795//1783 7247//1783
f 7247//1783 3795//1783 901//1783 3786//1783
f 3793//1782 7247//1782 3786//1782 900//1782
f 905//1786 3796//1786 7248//1786 3795//1786
f 3796//1785 906//1785 3797//1785 7248//1785
f 7248//1785 3797//1785 902//1785 3788//1785
f 3795//1786 7248//1786 3788//1786 901//1786
f 906//1787 3798//1787 7249//1787 3797//1787
f 3798//1788 903//1788 3791//1788 7249//1788
f 7249//1788 3791//1788 899//1788 3790//1788
f 3797//1789 7249//1789 3790//1789 902//1789
f 907//1780 3800//1780 7250//1780 3799//1780
f 3800//1781 908//1781 3801//1781 7250//1781
f 7250//1781 3801//1781 904//1781 3792//1781
f 3799//1780 7250//1780 3792//1780 903//1780
f 908//1782 3802//1782 7251//1782 3801//1782
f 3802//1790 909//1790 3803//1790 7251//1790
f 7251//1783 3803//1783 905//1783 3794//1783
f 3801//1782 7251//1782 3794//1782 904//1782
f 909//1786 3804//1786 7252//1786 3803//1786
f 3804//1785 910//1785 3805//1785 7252//1785
f 7252//1785 3805//1785 906//1785 3796//1785
f 3803//1786 7252//1786 3796//1786 905//1786
f 910//1787 3806//1787 7253//1787 3805//1787
f 3806//1788 907//1788 3799//1788 7253//1788
f 7253//1788 3799//1788 903//1788 3798//1788
f 3805//1787 7253//1787 3798//1787 906//1787
f 911//1780 3808//1780 7254//1780 3807//1780
f 3808//1781 912//1781 3809//1781 7254//1781
f 7254//1781 3809//1781 908//1781 3800//1781
f 3807//1780 7254//1780 3800//1780 907//1780
f 912//1782 3810//1782 7255//1782 3809//1782
f 3810//1783 913//1783 3811//1783 7255//1783
f 7255//1783 3811//1783 909//1783 3802//1783
f 3809//1782 7255//1782 3802//1782 908//1782
f 913//1786 3812//1786 7256//1786 3811//1786
f 3812//1785 914//1785 3813//1785 7256//1785
f 7256//1785 3813//1785 910//1785 3804//1785
f 3811//1793 7256//1793 3804//1793 909//1793
f 914//1787 3814//1787 7257//1787 3813//1787
f 3814//1788 911//1788 3807//1788 7257//1788
f 7257//1788 3807//1788 907//1788 3806//1788
f 3813//1789 7257//1789 3806//1789 910//1789
f 915//1794 3816//1794 7258//1794 3815//1794
f 3816//1795 916//1795 3817//1795 7258//1795
f 7258//1781 3817//1781 912//1781 3808//1781
f 3815//1780 7258//1780 3808//1780 911//1780
f 916//1782 3818//1782 7259//1782 3817//1782
f 3818//1783 917//1783 3819//1783 7259//1783
f 7259//1783 3819//1783 913//1783 3810//1783
f 3817//1782 7259//1782 3810//1782 912//1782
f 917//1786 3820//1786 7260//1786 3819//1786
f 3820//1796 918//1796 3821//1796 7260//1796
f 7260//1785 3821//1785 914//1785 3812//1785
f 3819//1784 7260//1784 3812//1784 913//1784
f 918//1789 3822//1789 7261//1789 3821//1789
f 3822//1788 915//1788 3815//1788 7261//1788
f 7261//1788 3815//1788 911//1788 3814//1788
f 3821//1787 7261//1787 3814//1787 914//1787
f 69//1797 2226//1797 7262//1797 3823//1797
f 2226//1798 70//1798 3824//1798 7262//1798
f 7262//1799 3824//1799 916//1799 3816//1799
f 3823//1800 7262//1800 3816//1800 915//1800
f 70//1801 2239//1801 7263//1801 3824//1801
f 2239//1802 71//1802 3825//1802 7263//1802
f 7263//1803 3825//1803 917//1803 3818//1803
f 3824//1804 7263//1804 3818//1804 916//1804
f 71//1805 2245//1805 7264//1805 3825//1805
f 2245//1806 72//1806 3826//1806 7264//1806
f 7264//1807 3826//1807 918//1807 3820//1807
f 3825//1808 7264//1808 3820//1808 917//1808
f 72//1809 2250//1809 7265//1809 3826//1809
f 2250//1810 69//1810 3823//1810 7265//1810
f 7265//1811 3823//1811 915//1811 3822//1811
f 3826//1812 7265//1812 3822//1812 918//1812
f 923//1813 3828//1813 7266//1813 3827//1813
f 3828//1814 924//1814 3829//1814 7266//1814
f 7266//1815 3829//1815 920//1815 2202//1815
f 3827//1816 7266//1816 2202//1816 919//1816
f 924//1817 3830//1817 7267//1817 3829//1817
f 3830//1818 925//1818 3831//1818 7267//1818
f 7267//1819 3831//1819 921//1819 2191//1819
f 3829//1820 7267//1820 2191//1820 920//1820
f 925//1821 3832//1821 7268//1821 3831//1821
f 3832//1822 926//1822 3833//1822 7268//1822
f 7268//1823 3833//1823 922//1823 2194//1823
f 3831//1824 7268//1824 2194//1824 921//1824
f 926//1825 3834//1825 7269//1825 3833//1825
f 3834//1826 923//1826 3827//1826 7269//1826
f 7269//1827 3827//1827 919//1827 2198//1827
f 3833//1828 7269//1828 2198//1828 922//1828
f 927//1829 3836//1829 7270//1829 3835//1829
f 3836//1830 928//1830 3837//1830 7270//1830
f 7270//1831 3837//1831 924//1831 3828//1831
f 3835//1832 7270//1832 3828//1832 923//1832
f 928//1833 3838//1833 7271//1833 3837//1833
f 3838//1834 929//1834 3839//1834 7271//1834
f 7271//1835 3839//1835 925//1835 3830//1835
f 3837//1836 7271//1836 3830//1836 924//1836
f 929//1837 3840//1837 7272//1837 3839//1837
f 3840//1838 930//1838 3841//1838 7272//1838
f 7272//1839 3841//1839 926//1839 3832//1839
f 3839//1840 7272//1840 3832//1840 925//1840
f 930//1841 3842//1841 7273//1841 3841//1841
f 3842//1842 927//1842 3835//1842 7273//1842
f 7273//1843 3835//1843 923//1843 3834//1843
f 3841//1844 7273//1844 3834//1844 926//1844
f 931//1845 3844//1845 7274//1845 3843//1845
f 3844//1846 932//1846 3845//1846 7274//1846
f 7274//1846 3845//1846 928//1846 3836//1846
f 3843//1845 7274//1845 3836//1845 927//1845
f 932//1847 3846//1847 7275//1847 3845//1847
f 3846//1848 933//1848 3847//1848 7275//1848
f 7275//1848 3847//1848 929//1848 3838//1848
f 3845//1847 7275//1847 3838//1847 928//1847
f 933//1849 3848//1849 7276//1849 3847//1849
f 3848//1850 934//1850 3849//1850 7276//1850
f 7276//1850 3849//1850 930//1850 3840//1850
f 3847//1849 7276//1849 3840//1849 929//1849
f 934//1851 3850//1851 7277//1851 3849//1851
f 3850//1852 931//1852 3843//1852 7277//1852
f 7277//1852 3843//1852 927//1852 3842//1852
f 3849//1851 7277//1851 3842//1851 930//1851
f 935//1845 3852//1845 7278//1845 3851//1845
f 3852//1853 936//1853 3853//1853 7278//1853
f 7278//1846 3853//1846 932//1846 3844//1846
f 3851//1845 7278//1845 3844//1845 931//1845
f 936//1847 3854//1847 7279//1847 3853//1847
f 3854//1848 937//1848 3855//1848 7279//1848
f 7279//1848 3855//1848 933//1848 3846//1848
f 3853//1847 7279//1847 3846//1847 932//1847
f 937//1854 3856//1854 7280//1854 3855//1854
f 3856//1850 938//1850 3857//1850 7280//1850
f 7280//1850 3857//1850 934//1850 3848//1850
f 3855//1849 7280//1849 3848//1849 933//1849
f 938//1851 3858//1851 7281//1851 3857//1851
f 3858//1852 935//1852 3851//1852 7281//1852
f 7281//1852 3851//1852 931//1852 3850//1852
f 3857//1855 7281//1855 3850//1855 934//1855
f 939//1856 3860//1856 7282//1856 3859//1856
f 3860//1857 940//1857 3861//1857 7282//1857
f 7282//1858 3861//1858 936//1858 3852//1858
f 3859//1859 7282//1859 3852//1859 935//1859
f 940//1860 3862//1860 7283//1860 3861//1860
f 3862//1861 941//1861 3863//1861 7283//1861
f 7283//1848 3863//1848 937//1848 3854//1848
f 3861//1862 7283//1862 3854//1862 936//1862
f 941//1863 3864//1863 7284//1863 3863//1863
f 3864//1864 942//1864 3865//1864 7284//1864
f 7284//1865 3865//1865 938//1865 3856//1865
f 3863//1866 7284//1866 3856//1866 937//1866
f 942//1867 3866//1867 7285//1867 3865//1867
f 3866//1868 939//1868 3859//1868 7285//1868
f 7285//1869 3859//1869 935//1869 3858//1869
f 3865//1851 7285//1851 3858//1851 938//1851
f 73//1870 3868//1870 7286//1870 3867//1870
f 3868//1871 74//1871 3869//1871 7286//1871
f 7286//1872 3869//1872 940//1872 3860//1872
f 3867//1873 7286//1873 3860//1873 939//1873
f 74//1874 3870//1874 7287//1874 3869//1874
f 3870//1875 75//1875 3871//1875 7287//1875
f 7287//1876 3871//1876 941//1876 3862//1876
f 3869//1877 7287//1877 3862//1877 940//1877
f 75//1878 3872//1878 7288//1878 3871//1878
f 3872//1879 76//1879 3873//1879 7288//1879
f 7288//1880 3873//1880 942//1880 3864//1880
f 3871//1881 7288//1881 3864//1881 941//1881
f 76//1882 3874//1882 7289//1882 3873//1882
f 3874//1883 73//1883 3867//1883 7289//1883
f 7289//1884 3867//1884 939//1884 3866//1884
f 3873//1885 7289//1885 3866//1885 942//1885
f 943//1886 3876//1886 7290//1886 3875//1886
f 3876//1887 944//1887 3877//1887 7290//1887
f 7290//1888 3877//1888 74//1888 3868//1888
f 3875//1889 7290//1889 3868//1889 73//1889
f 944//1890 3878//1890 7291//1890 3877//1890
f 3878//1891 945//1891 3879//1891 7291//1891
f 7291//1892 3879//1892 75//1892 3870//1892
f 3877//1893 7291//1893 3870//1893 74//1893
f 945//1894 3880//1894 7292//1894 3879//1894
f 3880//1895 946//1895 3881//1895 7292//1895
f 7292//1896 3881//1896 76//1896 3872//1896
f 3879//1897 7292//1897 3872//1897 75//1897
f 946//1898 3882//1898 7293//1898 3881//1898
f 3882//1899 943//1899 3875//1899 7293//1899
f 7293//1900 3875//1900 73//1900 3874//1900
f 3881//1901 7293//1901 3874//1901 76//1901
f 947//1902 3884//1902 7294//1902 3883//1902
f 3884//1903 948//1903 3885//1903 7294//1903
f 7294//1904 3885//1904 944//1904 3876//1904
f 3883//1905 7294//1905 3876//1905 943//1905
f 948//1906 3886//1906 7295//1906 3885//1906
f 3886//1907 949//1907 3887//1907 7295//1907
f 7295//1908 3887//1908 945//1908 3878//1908
f 3885//1906 7295//1906 3878//1906 944//1906
f 949//1909 3888//1909 7296//1909 3887//1909
f 3888//1910 950//1910 3889//1910 7296//1910
f 7296//1911 3889//1911 946//1911 3880//1911
f 3887//1912 7296//1912 3880//1912 945//1912
f 950//1913 3890//1913 7297//1913 3889//1913
f 3890//1914 947//1914 3883//1914 7297//1914
f 7297//1915 3883//1915 943//1915 3882//1915
f 3889//1916 7297//1916 3882//1916 946//1916
f 951//1917 3892//1917 7298//1917 3891//1917
f 3892//1918 952//1918 3893//1918 7298//1918
f 7298//1919 3893//1919 948//1919 3884//1919
f 3891//1920 7298//1920 3884//1920 947//1920
f 952//1906 3894//1906 7299//1906 3893//1906
f 3894//1921 953//1921 3895//1921 7299//1921
f 7299//1921 3895//1921 949//1921 3886//1921
f 3893//1906 7299//1906 3886//1906 948//1906
f 953//1922 3896//1922 7300//1922 3895//1922
f 3896//1923 954//1923 3897//1923 7300//1923
f 7300//1924 3897//1924 950//1924 3888//1924
f 3895//1925 7300//1925 3888//1925 949//1925
f 954//1926 3898//1926 7301//1926 3897//1926
f 3898//1915 951//1915 3891//1915 7301//1915
f 7301//1915 3891//1915 947//1915 3890//1915
f 3897//1926 7301//1926 3890//1926 950//1926
f 955//1920 3900//1920 7302//1920 3899//1920
f 3900//1919 956//1919 3901//1919 7302//1919
f 7302//1919 3901//1919 952//1919 3892//1919
f 3899//1917 7302//1917 3892//1917 951//1917
f 956//1906 3902//1906 7303//1906 3901//1906
f 3902//1921 957//1921 3903//1921 7303//1921
f 7303//1921 3903//1921 953//1921 3894//1921
f 3901//1906 7303//1906 3894//1906 952//1906
f 957//1922 3904//1922 7304//1922 3903//1922
f 3904//1923 958//1923 3905//1923 7304//1923
f 7304//1923 3905//1923 954//1923 3896//1923
f 3903//1925 7304//1925 3896//1925 953//1925
f 958//1926 3906//1926 7305//1926 3905//1926
f 3906//1914 955//1914 3899//1914 7305//1914
f 7305//1915 3899//1915 951//1915 3898//1915
f 3905//1926 7305//1926 3898//1926 954//1926
f 959//1917 3908//1917 7306//1917 3907//1917
f 3908//1918 960//1918 3909//1918 7306//1918
f 7306//1919 3909//1919 956//1919 3900//1919
f 3907//1920 7306//1920 3900//1920 955//1920
f 960//1927 3910//1927 7307//1927 3909//1927
f 3910//1921 961//1921 3911//1921 7307//1921
f 7307//1921 3911//1921 957//1921 3902//1921
f 3909//1906 7307//1906 3902//1906 956//1906
f 961//1928 3912//1928 7308//1928 3911//1928
f 3912//1929 962//1929 3913//1929 7308//1929
f 7308//1929 3913//1929 958//1929 3904//1929
f 3911//1928 7308//1928 3904//1928 957//1928
f 962//1926 3914//1926 7309//1926 3913//1926
f 3914//1915 959//1915 3907//1915 7309//1915
f 7309//1915 3907//1915 955//1915 3906//1915
f 3913//1926 7309//1926 3906//1926 958//1926
f 963//1917 3916//1917 7310//1917 3915//1917
f 3916//1919 964//1919 3917//1919 7310//1919
f 7310//1918 3917//1918 960//1918 3908//1918
f 3915//1920 7310//1920 3908//1920 959//1920
f 964//1906 3918//1906 7311//1906 3917//1906
f 3918//1921 965//1921 3919//1921 7311//1921
f 7311//1921 3919//1921 961//1921 3910//1921
f 3917//1906 7311//1906 3910//1906 960//1906
f 965//1922 3920//1922 7312//1922 3919//1922
f 3920//1923 966//1923 3921//1923 7312//1923
f 7312//1923 3921//1923 962//1923 3912//1923
f 3919//1922 7312//1922 3912//1922 961//1922
f 966//1926 3922//1926 7313//1926 3921//1926
f 3922//1915 963//1915 3915//1915 7313//1915
f 7313//1915 3915//1915 959//1915 3914//1915
f 3921//1926 7313//1926 3914//1926 962//1926
f 967//1920 3924//1920 7314//1920 3923//1920
f 3924//1919 968//1919 3925//1919 7314//1919
f 7314//1918 3925//1918 964//1918 3916//1918
f 3923//1917 7314//1917 3916//1917 963//1917
f 968//1906 3926//1906 7315//1906 3925//1906
f 3926//1921 969//1921 3927//1921 7315//1921
f 7315//1921 3927//1921 965//1921 3918//1921
f 3925//1927 7315//1927 3918//1927 964//1927
f 969//1928 3928//1928 7316//1928 3927//1928
f 3928//1923 970//1923 3929//1923 7316//1923
f 7316//1929 3929//1929 966//1929 3920//1929
f 3927//1928 7316//1928 3920//1928 965//1928
f 970//1926 3930//1926 7317//1926 3929//1926
f 3930//1915 967//1915 3923//1915 7317//1915
f 7317//1915 3923//1915 963//1915 3922//1915
f 3929//1926 7317//1926 3922//1926 966//1926
f 971//1920 3932//1920 7318//1920 3931//1920
f 3932//1919 972//1919 3933//1919 7318//1919
f 7318//1919 3933//1919 968//1919 3924//1919
f 3931//1920 7318//1920 3924//1920 967//1920
f 972//1906 3934//1906 7319//1906 3933//1906
f 3934//1921 973//1921 3935//1921 7319//1921
f 7319//1921 3935//1921 969//1921 3926//1921
f 3933//1906 7319//1906 3926//1906 968//1906
f 973//1928 3936//1928 7320//1928 3935//1928
f 3936//1929 974//1929 3937//1929 7320//1929
f 7320//1929 3937//1929 970//1929 3928//1929
f 3935//1928 7320//1928 3928//1928 969//1928
f 974//1926 3938//1926 7321//1926 3937//1926
f 3938//1915 971//1915 3931//1915 7321//1915
f 7321//1915 3931//1915 967//1915 3930//1915
f 3937//1926 7321//1926 3930//1926 970//1926
f 975//1920 3940//1920 7322//1920 3939//1920
f 3940//1918 976//1918 3941//1918 7322//1918
f 7322//1918 3941//1918 972//1918 3932//1918
f 3939//1920 7322//1920 3932//1920 971//1920
f 976//1906 3942//1906 7323//1906 3941//1906
f 3942//1921 977//1921 3943//1921 7323//1921
f 7323//1921 3943//1921 973//1921 3934//1921
f 3941//1906 7323//1906 3934//1906 972//1906
f 977//1925 3944//1925 7324//1925 3943//1925
f 3944//1924 978//1924 3945//1924 7324//1924
f 7324//1923 3945//1923 974//1923 3936//1923
f 3943//1922 7324//1922 3936//1922 973//1922
f 978//1926 3946//1926 7325//1926 3945//1926
f 3946//1915 975//1915 3939//1915 7325//1915
f 7325//1915 3939//1915 971//1915 3938//1915
f 3945//1926 7325//1926 3938//1926 974//1926
f 979//1917 3948//1917 7326//1917 3947//1917
f 3948//1918 980//1918 3949//1918 7326//1918
f 7326//1918 3949//1918 976//1918 3940//1918
f 3947//1917 7326//1917 3940//1917 975//1917
f 980//1906 3950//1906 7327//1906 3949//1906
f 3950//1921 981//1921 3951//1921 7327//1921
f 7327//1921 3951//1921 977//1921 3942//1921
f 3949//1906 7327//1906 3942//1906 976//1906
f 981//1930 3952//1930 7328//1930 3951//1930
f 3952//1931 982//1931 3953//1931 7328//1931
f 7328//1923 3953//1923 978//1923 3944//1923
f 3951//1928 7328//1928 3944//1928 977//1928
f 982//1926 3954//1926 7329//1926 3953//1926
f 3954//1915 979//1915 3947//1915 7329//1915
f 7329//1915 3947//1915 975//1915 3946//1915
f 3953//1926 7329//1926 3946//1926 978//1926
f 983//1917 3956//1917 7330//1917 3955//1917
f 3956//1903 984//1903 3957//1903 7330//1903
f 7330//1919 3957//1919 980//1919 3948//1919
f 3955//1917 7330//1917 3948//1917 979//1917
f 984//1906 3958//1906 7331//1906 3957//1906
f 3958//1921 985//1921 3959//1921 7331//1921
f 7331//1921 3959//1921 981//1921 3950//1921
f 3957//1932 7331//1932 3950//1932 980//1932
f 985//1928 3960//1928 7332//1928 3959//1928
f 3960//1923 986//1923 3961//1923 7332//1923
f 7332//1933 3961//1933 982//1933 3952//1933
f 3959//1922 7332//1922 3952//1922 981//1922
f 986//1926 3962//1926 7333//1926 3961//1926
f 3962//1915 983//1915 3955//1915 7333//1915
f 7333//1914 3955//1914 979//1914 3954//1914
f 3961//1926 7333//1926 3954//1926 982//1926
f 987//1920 3964//1920 7334//1920 3963//1920
f 3964//1919 988//1919 3965//1919 7334//1919
f 7334//1919 3965//1919 984//1919 3956//1919
f 3963//1917 7334//1917 3956//1917 983//1917
f 988//1906 3966//1906 7335//1906 3965//1906
f 3966//1921 989//1921 3967//1921 7335//1921
f 7335//1921 3967//1921 985//1921 3958//1921
f 3965//1906 7335//1906 3958//1906 984//1906
f 989//1922 3968//1922 7336//1922 3967//1922
f 3968//1929 990//1929 3969//1929 7336//1929
f 7336//1929 3969//1929 986//1929 3960//1929
f 3967//1928 7336//1928 3960//1928 985//1928
f 990//1926 3970//1926 7337//1926 3969//1926
f 3970//1915 987//1915 3963//1915 7337//1915
f 7337//1915 3963//1915 983//1915 3962//1915
f 3969//1926 7337//1926 3962//1926 986//1926
f 991//1934 3972//1934 7338//1934 3971//1934
f 3972//1918 992//1918 3973//1918 7338//1918
f 7338//1918 3973//1918 988//1918 3964//1918
f 3971//1917 7338//1917 3964//1917 987//1917
f 992//1906 3974//1906 7339//1906 3973//1906
f 3974//1921 993//1921 3975//1921 7339//1921
f 7339//1921 3975//1921 989//1921 3966//1921
f 3973//1927 7339//1927 3966//1927 988//1927
f 993//1922 3976//1922 7340//1922 3975//1922
f 3976//1923 994//1923 3977//1923 7340//1923
f 7340//1929 3977//1929 990//1929 3968//1929
f 3975//1928 7340//1928 3968//1928 989//1928
f 994//1926 3978//1926 7341//1926 3977//1926
f 3978//1915 991//1915 3971//1915 7341//1915
f 7341//1914 3971//1914 987//1914 3970//1914
f 3977//1926 7341//1926 3970//1926 990//1926
f 77//1935 2212//1935 7342//1935 3979//1935
f 2212//1936 78//1936 3980//1936 7342//1936
f 7342//1937 3980//1937 992//1937 3972//1937
f 3979//1938 7342//1938 3972//1938 991//1938
f 78//1939 2217//1939 7343//1939 3980//1939
f 2217//1940 79//1940 3981//1940 7343//1940
f 7343//1941 3981//1941 993//1941 3974//1941
f 3980//1942 7343//1942 3974//1942 992//1942
f 79//1943 2218//1943 7344//1943 3981//1943
f 2218//1944 80//1944 3982//1944 7344//1944
f 7344//1945 3982//1945 994//1945 3976//1945
f 3981//1946 7344//1946 3976//1946 993//1946
f 80//1947 2223//1947 7345//1947 3982//1947
f 2223//1948 77//1948 3979//1948 7345//1948
f 7345//1949 3979//1949 991//1949 3978//1949
f 3982//1950 7345//1950 3978//1950 994//1950
f 998//1951 3984//1951 7346//1951 3983//1951
f 3984//1952 999//1952 3985//1952 7346//1952
f 7346//1953 3985//1953 995//1953 2387//1953
f 3983//1954 7346//1954 2387//1954 424//1954
f 999//1955 3986//1955 7347//1955 3985//1955
f 3986//1956 1000//1956 3987//1956 7347//1956
f 7347//1957 3987//1957 996//1957 2384//1957
f 3985//1958 7347//1958 2384//1958 995//1958
f 1000//1959 3988//1959 7348//1959 3987//1959
f 3988//1960 1001//1960 3989//1960 7348//1960
f 7348//1961 3989//1961 997//1961 2386//1961
f 3987//1962 7348//1962 2386//1962 996//1962
f 1001//1963 3990//1963 7349//1963 3989//1963
f 3990//1964 998//1964 3983//1964 7349//1964
f 7349//1965 3983//1965 424//1965 2334//1965
f 3989//1966 7349//1966 2334//1966 997//1966
f 1002//1967 3992//1967 7350//1967 3991//1967
f 3992//1968 1003//1968 3993//1968 7350//1968
f 7350//1969 3993//1969 999//1969 3984//1969
f 3991//1970 7350//1970 3984//1970 998//1970
f 1003//1971 3994//1971 7351//1971 3993//1971
f 3994//1972 1004//1972 3995//1972 7351//1972
f 7351//1973 3995//1973 1000//1973 3986//1973
f 3993//1974 7351//1974 3986//1974 999//1974
f 1004//1975 3996//1975 7352//1975 3995//1975
f 3996//1976 1005//1976 3997//1976 7352//1976
f 7352//1977 3997//1977 1001//1977 3988//1977
f 3995//1978 7352//1978 3988//1978 1000//1978
f 1005//1979 3998//1979 7353//1979 3997//1979
f 3998//1980 1002//1980 3991//1980 7353//1980
f 7353//1981 3991//1981 998//1981 3990//1981
f 3997//1982 7353//1982 3990//1982 1001//1982
f 1006//1983 4000//1983 7354//1983 3999//1983
f 4000//1984 1007//1984 4001//1984 7354//1984
f 7354//1985 4001//1985 1003//1985 3992//1985
f 3999//1986 7354//1986 3992//1986 1002//1986
f 1007//1987 4002//1987 7355//1987 4001//1987
f 4002//1988 1008//1988 4003//1988 7355//1988
f 7355//1989 4003//1989 1004//1989 3994//1989
f 4001//1990 7355//1990 3994//1990 1003//1990
f 1008//1991 4004//1991 7356//1991 4003//1991
f 4004//1992 1009//1992 4005//1992 7356//1992
f 7356//1993 4005//1993 1005//1993 3996//1993
f 4003//1994 7356//1994 3996//1994 1004//1994
f 1009//1995 4006//1995 7357//1995 4005//1995
f 4006//1996 1006//1996 3999//1996 7357//1996
f 7357//1996 3999//1996 1002//1996 3998//1996
f 4005//1997 7357//1997 3998//1997 1005//1997
f 81//1998 4008//1998 7358//1998 4007//1998
f 4008//1999 82//1999 4009//1999 7358//1999
f 7358//2000 4009//2000 1007//2000 4000//2000
f 4007//2001 7358//2001 4000//2001 1006//2001
f 82//2002 4010//2002 7359//2002 4009//2002
f 4010//2003 83//2003 4011//2003 7359//2003
f 7359//2004 4011//2004 1008//2004 4002//2004
f 4009//2005 7359//2005 4002//2005 1007//2005
f 83//2006 4012//2006 7360//2006 4011//2006
f 4012//2007 84//2007 4013//2007 7360//2007
f 7360//2008 4013//2008 1009//2008 4004//2008
f 4011//2009 7360//2009 4004//2009 1008//2009
f 84//2010 4014//2010 7361//2010 4013//2010
f 4014//2011 81//2011 4007//2011 7361//2011
f 7361//2012 4007//2012 1006//2012 4006//2012
f 4013//2013 7361//2013 4006//2013 1009//2013
f 1010//2014 4016//2014 7362//2014 4015//2014
f 4016//2015 1011//2015 4017//2015 7362//2015
f 7362//2016 4017//2016 82//2016 4008//2016
f 4015//2017 7362//2017 4008//2017 81//2017
f 1011//2018 4018//2018 7363//2018 4017//2018
f 4018//2019 1012//2019 4019//2019 7363//2019
f 7363//2020 4019//2020 83//2020 4010//2020
f 4017//2021 7363//2021 4010//2021 82//2021
f 1012//2022 4020//2022 7364//2022 4019//2022
f 4020//2023 1013//2023 4021//2023 7364//2023
f 7364//2024 4021//2024 84//2024 4012//2024
f 4019//2025 7364//2025 4012//2025 83//2025
f 1013//2026 4022//2026 7365//2026 4021//2026
f 4022//2027 1010//2027 4015//2027 7365//2027
f 7365//2028 4015//2028 81//2028 4014//2028
f 4021//2029 7365//2029 4014//2029 84//2029
f 1014//2030 4024//2030 7366//2030 4023//2030
f 4024//2031 1015//2031 4025//2031 7366//2031
f 7366//2032 4025//2032 1011//2032 4016//2032
f 4023//2033 7366//2033 4016//2033 1010//2033
f 1015//2034 4026//2034 7367//2034 4025//2034
f 4026//2035 1016//2035 4027//2035 7367//2035
f 7367//2036 4027//2036 1012//2036 4018//2036
f 4025//2037 7367//2037 4018//2037 1011//2037
f 1016//2038 4028//2038 7368//2038 4027//2038
f 4028//2039 1017//2039 4029//2039 7368//2039
f 7368//2040 4029//2040 1013//2040 4020//2040
f 4027//2041 7368//2041 4020//2041 1012//2041
f 1017//2042 4030//2042 7369//2042 4029//2042
f 4030//2043 1014//2043 4023//2043 7369//2043
f 7369//2044 4023//2044 1010//2044 4022//2044
f 4029//2045 7369//2045 4022//2045 1013//2045
f 1018//2046 4032//2046 7370//2046 4031//2046
f 4032//2047 1019//2047 4033//2047 7370//2047
f 7370//2048 4033//2048 1015//2048 4024//2048
f 4031//2049 7370//2049 4024//2049 1014//2049
f 1019//2034 4034//2034 7371//2034 4033//2034
f 4034//2050 1020//2050 4035//2050 7371//2050
f 7371//2050 4035//2050 1016//2050 4026//2050
f 4033//2034 7371//2034 4026//2034 1015//2034
f 1020//2051 4036//2051 7372//2051 4035//2051
f 4036//2052 1021//2052 4037//2052 7372//2052
f 7372//2052 4037//2052 1017//2052 4028//2052
f 4035//2051 7372//2051 4028//2051 1016//2051
f 1021//2042 4038//2042 7373//2042 4037//2042
f 4038//2053 1018//2053 4031//2053 7373//2053
f 7373//2053 4031//2053 1014//2053 4030//2053
f 4037//2042 7373//2042 4030//2042 1017//2042
f 1022//2054 4040//2054 7374//2054 4039//2054
f 4040//2055 1023//2055 4041//2055 7374//2055
f 7374//2048 4041//2048 1019//2048 4032//2048
f 4039//2046 7374//2046 4032//2046 1018//2046
f 1023//2034 4042//2034 7375//2034 4041//2034
f 4042//2050 1024//2050 4043//2050 7375//2050
f 7375//2056 4043//2056 1020//2056 4034//2056
f 4041//2034 7375//2034 4034//2034 1019//2034
f 1024//2051 4044//2051 7376//2051 4043//2051
f 4044//2052 1025//2052 4045//2052 7376//2052
f 7376//2052 4045//2052 1021//2052 4036//2052
f 4043//2057 7376//2057 4036//2057 1020//2057
f 1025//2042 4046//2042 7377//2042 4045//2042
f 4046//2053 1022//2053 4039//2053 7377//2053
f 7377//2053 4039//2053 1018//2053 4038//2053
f 4045//2042 7377//2042 4038//2042 1021//2042
f 1026//2046 4048//2046 7378//2046 4047//2046
f 4048//2047 1027//2047 4049//2047 7378//2047
f 7378//2047 4049//2047 1023//2047 4040//2047
f 4047//2049 7378//2049 4040//2049 1022//2049
f 1027//2034 4050//2034 7379//2034 4049//2034
f 4050//2056 1028//2056 4051//2056 7379//2056
f 7379//2050 4051//2050 1024//2050 4042//2050
f 4049//2034 7379//2034 4042//2034 1023//2034
f 1028//2051 4052//2051 7380//2051 4051//2051
f 4052//2052 1029//2052 4053//2052 7380//2052
f 7380//2052 4053//2052 1025//2052 4044//2052
f 4051//2051 7380//2051 4044//2051 1024//2051
f 1029//2042 4054//2042 7381//2042 4053//2042
f 4054//2053 1026//2053 4047//2053 7381//2053
f 7381//2053 4047//2053 1022//2053 4046//2053
f 4053//2042 7381//2042 4046//2042 1025//2042
f 1030//2058 4056//2058 7382//2058 4055//2058
f 4056//2047 1031//2047 4057//2047 7382//2047
f 7382//2047 4057//2047 1027//2047 4048//2047
f 4055//2054 7382//2054 4048//2054 1026//2054
f 1031//2034 4058//2034 7383//2034 4057//2034
f 4058//2056 1032//2056 4059//2056 7383//2056
f 7383//2056 4059//2056 1028//2056 4050//2056
f 4057//2034 7383//2034 4050//2034 1027//2034
f 1032//2051 4060//2051 7384//2051 4059//2051
f 4060//2052 1033//2052 4061//2052 7384//2052
f 7384//2059 4061//2059 1029//2059 4052//2059
f 4059//2051 7384//2051 4052//2051 1028//2051
f 1033//2042 4062//2042 7385//2042 4061//2042
f 4062//2060 1030//2060 4055//2060 7385//2060
f 7385//2060 4055//2060 1026//2060 4054//2060
f 4061//2042 7385//2042 4054//2042 1029//2042
f 1034//2061 4064//2061 7386//2061 4063//2061
f 4064//2062 1035//2062 4065//2062 7386//2062
f 7386//2063 4065//2063 1031//2063 4056//2063
f 4063//2064 7386//2064 4056//2064 1030//2064
f 1035//2065 4066//2065 7387//2065 4065//2065
f 4066//2050 1036//2050 4067//2050 7387//2050
f 7387//2050 4067//2050 1032//2050 4058//2050
f 4065//2066 7387//2066 4058//2066 1031//2066
f 1036//2067 4068//2067 7388//2067 4067//2067
f 4068//2068 1037//2068 4069//2068 7388//2068
f 7388//2069 4069//2069 1033//2069 4060//2069
f 4067//2070 7388//2070 4060//2070 1032//2070
f 1037//2071 4070//2071 7389//2071 4069//2071
f 4070//2060 1034//2060 4063//2060 7389//2060
f 7389//2053 4063//2053 1030//2053 4062//2053
f 4069//2072 7389//2072 4062//2072 1033//2072
f 85//2073 4072//2073 7390//2073 4071//2073
f 4072//2074 86//2074 4073//2074 7390//2074
f 7390//2075 4073//2075 1035//2075 4064//2075
f 4071//2076 7390//2076 4064//2076 1034//2076
f 86//2077 4074//2077 7391//2077 4073//2077
f 4074//2078 87//2078 4075//2078 7391//2078
f 7391//2079 4075//2079 1036//2079 4066//2079
f 4073//2080 7391//2080 4066//2080 1035//2080
f 87//2081 4076//2081 7392//2081 4075//2081
f 4076//2082 88//2082 4077//2082 7392//2082
f 7392//2083 4077//2083 1037//2083 4068//2083
f 4075//2084 7392//2084 4068//2084 1036//2084
f 88//2085 4078//2085 7393//2085 4077//2085
f 4078//2086 85//2086 4071//2086 7393//2086
f 7393//2087 4071//2087 1034//2087 4070//2087
f 4077//2088 7393//2088 4070//2088 1037//2088
f 1038//2089 4080//2089 7394//2089 4079//2089
f 4080//2090 1039//2090 4081//2090 7394//2090
f 7394//2091 4081//2091 86//2091 4072//2091
f 4079//2092 7394//2092 4072//2092 85//2092
f 1039//2093 4082//2093 7395//2093 4081//2093
f 4082//2094 1040//2094 4083//2094 7395//2094
f 7395//2095 4083//2095 87//2095 4074//2095
f 4081//2096 7395//2096 4074//2096 86//2096
f 1040//2097 4084//2097 7396//2097 4083//2097
f 4084//2098 1041//2098 4085//2098 7396//2098
f 7396//2099 4085//2099 88//2099 4076//2099
f 4083//2100 7396//2100 4076//2100 87//2100
f 1041//2101 4086//2101 7397//2101 4085//2101
f 4086//2102 1038//2102 4079//2102 7397//2102
f 7397//2103 4079//2103 85//2103 4078//2103
f 4085//2104 7397//2104 4078//2104 88//2104
f 1042//2105 4088//2105 7398//2105 4087//2105
f 4088//2106 1043//2106 4089//2106 7398//2106
f 7398//2107 4089//2107 1039//2107 4080//2107
f 4087//2108 7398//2108 4080//2108 1038//2108
f 1043//2109 4090//2109 7399//2109 4089//2109
f 4090//2110 1044//2110 4091//2110 7399//2110
f 7399//2111 4091//2111 1040//2111 4082//2111
f 4089//2112 7399//2112 4082//2112 1039//2112
f 1044//2113 4092//2113 7400//2113 4091//2113
f 4092//2114 1045//2114 4093//2114 7400//2114
f 7400//2115 4093//2115 1041//2115 4084//2115
f 4091//2116 7400//2116 4084//2116 1040//2116
f 1045//2117 4094//2117 7401//2117 4093//2117
f 4094//2118 1042//2118 4087//2118 7401//2118
f 7401//2119 4087//2119 1038//2119 4086//2119
f 4093//2120 7401//2120 4086//2120 1041//2120
f 1046//2121 4096//2121 7402//2121 4095//2121
f 4096//2122 1047//2122 4097//2122 7402//2122
f 7402//2122 4097//2122 1043//2122 4088//2122
f 4095//2121 7402//2121 4088//2121 1042//2121
f 1047//2123 4098//2123 7403//2123 4097//2123
f 4098//2124 1048//2124 4099//2124 7403//2124
f 7403//2124 4099//2124 1044//2124 4090//2124
f 4097//2125 7403//2125 4090//2125 1043//2125
f 1048//2126 4100//2126 7404//2126 4099//2126
f 4100//2127 1049//2127 4101//2127 7404//2127
f 7404//2128 4101//2128 1045//2128 4092//2128
f 4099//2129 7404//2129 4092//2129 1044//2129
f 1049//2130 4102//2130 7405//2130 4101//2130
f 4102//2131 1046//2131 4095//2131 7405//2131
f 7405//2131 4095//2131 1042//2131 4094//2131
f 4101//2130 7405//2130 4094//2130 1045//2130
f 1050//2121 4104//2121 7406//2121 4103//2121
f 4104//2132 1051//2132 4105//2132 7406//2132
f 7406//2122 4105//2122 1047//2122 4096//2122
f 4103//2121 7406//2121 4096//2121 1046//2121
f 1051//2123 4106//2123 7407//2123 4105//2123
f 4106//2124 1052//2124 4107//2124 7407//2124
f 7407//2124 4107//2124 1048//2124 4098//2124
f 4105//2123 7407//2123 4098//2123 1047//2123
f 1052//2129 4108//2129 7408//2129 4107//2129
f 4108//2128 1053//2128 4109//2128 7408//2128
f 7408//2133 4109//2133 1049//2133 4100//2133
f 4107//2129 7408//2129 4100//2129 1048//2129
f 1053//2130 4110//2130 7409//2130 4109//2130
f 4110//2131 1050//2131 4103//2131 7409//2131
f 7409//2131 4103//2131 1046//2131 4102//2131
f 4109//2130 7409//2130 4102//2130 1049//2130
f 1054//2121 4112//2121 7410//2121 4111//2121
f 4112//2132 1055//2132 4113//2132 7410//2132
f 7410//2132 4113//2132 1051//2132 4104//2132
f 4111//2121 7410//2121 4104//2121 1050//2121
f 1055//2123 4114//2123 7411//2123 4113//2123
f 4114//2124 1056//2124 4115//2124 7411//2124
f 7411//2124 4115//2124 1052//2124 4106//2124
f 4113//2123 7411//2123 4106//2123 1051//2123
f 1056//2134 4116//2134 7412//2134 4115//2134
f 4116//2133 1057//2133 4117//2133 7412//2133
f 7412//2127 4117//2127 1053//2127 4108//2127
f 4115//2134 7412//2134 4108//2134 1052//2134
f 1057//2130 4118//2130 7413//2130 4117//2130
f 4118//2135 1054//2135 4111//2135 7413//2135
f 7413//2135 4111//2135 1050//2135 4110//2135
f 4117//2130 7413//2130 4110//2130 1053//2130
f 1058//2136 4120//2136 7414//2136 4119//2136
f 4120//2122 1059//2122 4121//2122 7414//2122
f 7414//2137 4121//2137 1055//2137 4112//2137
f 4119//2121 7414//2121 4112//2121 1054//2121
f 1059//2125 4122//2125 7415//2125 4121//2125
f 4122//2124 1060//2124 4123//2124 7415//2124
f 7415//2124 4123//2124 1056//2124 4114//2124
f 4121//2123 7415//2123 4114//2123 1055//2123
f 1060//2126 4124//2126 7416//2126 4123//2126
f 4124//2127 1061//2127 4125//2127 7416//2127
f 7416//2127 4125//2127 1057//2127 4116//2127
f 4123//2138 7416//2138 4116//2138 1056//2138
f 1061//2139 4126//2139 7417//2139 4125//2139
f 4126//2131 1058//2131 4119//2131 7417//2131
f 7417//2131 4119//2131 1054//2131 4118//2131
f 4125//2130 7417//2130 4118//2130 1057//2130
f 1062//2121 4128//2121 7418//2121 4127//2121
f 4128//2132 1063//2132 4129//2132 7418//2132
f 7418//2122 4129//2122 1059//2122 4120//2122
f 4127//2121 7418//2121 4120//2121 1058//2121
f 1063//2123 4130//2123 7419//2123 4129//2123
f 4130//2124 1064//2124 4131//2124 7419//2124
f 7419//2124 4131//2124 1060//2124 4122//2124
f 4129//2125 7419//2125 4122//2125 1059//2125
f 1064//2134 4132//2134 7420//2134 4131//2134
f 4132//2133 1065//2133 4133//2133 7420//2133
f 7420//2133 4133//2133 1061//2133 4124//2133
f 4131//2129 7420//2129 4124//2129 1060//2129
f 1065//2130 4134//2130 7421//2130 4133//2130
f 4134//2131 1062//2131 4127//2131 7421//2131
f 7421//2131 4127//2131 1058//2131 4126//2131
f 4133//2139 7421//2139 4126//2139 1061//2139
f 1066//2140 4136//2140 7422//2140 4135//2140
f 4136//2122 1067//2122 4137//2122 7422//2122
f 7422//2122 4137//2122 1063//2122 4128//2122
f 4135//2121 7422//2121 4128//2121 1062//2121
f 1067//2123 4138//2123 7423//2123 4137//2123
f 4138//2124 1068//2124 4139//2124 7423//2124
f 7423//2124 4139//2124 1064//2124 4130//2124
f 4137//2123 7423//2123 4130//2123 1063//2123
f 1068//2126 4140//2126 7424//2126 4139//2126
f 4140//2141 1069//2141 4141//2141 7424//2141
f 7424//2128 4141//2128 1065//2128 4132//2128
f 4139//2126 7424//2126 4132//2126 1064//2126
f 1069//2130 4142//2130 7425//2130 4141//2130
f 4142//2142 1066//2142 4135//2142 7425//2142
f 7425//2131 4135//2131 1062//2131 4134//2131
f 4141//2130 7425//2130 4134//2130 1065//2130
f 1070//2121 4144//2121 7426//2121 4143//2121
f 4144//2132 1071//2132 4145//2132 7426//2132
f 7426//2143 4145//2143 1067//2143 4136//2143
f 4143//2121 7426//2121 4136//2121 1066//2121
f 1071//2123 4146//2123 7427//2123 4145//2123
f 4146//2124 1072//2124 4147//2124 7427//2124
f 7427//2124 4147//2124 1068//2124 4138//2124
f 4145//2125 7427//2125 4138//2125 1067//2125
f 1072//2126 4148//2126 7428//2126 4147//2126
f 4148//2133 1073//2133 4149//2133 7428//2133
f 7428//2128 4149//2128 1069//2128 4140//2128
f 4147//2126 7428//2126 4140//2126 1068//2126
f 1073//2130 4150//2130 7429//2130 4149//2130
f 4150//2142 1070//2142 4143//2142 7429//2142
f 7429//2135 4143//2135 1066//2135 4142//2135
f 4149//2130 7429//2130 4142//2130 1069//2130
f 1074//2121 4152//2121 7430//2121 4151//2121
f 4152//2137 1075//2137 4153//2137 7430//2137
f 7430//2137 4153//2137 1071//2137 4144//2137
f 4151//2121 7430//2121 4144//2121 1070//2121
f 1075//2123 4154//2123 7431//2123 4153//2123
f 4154//2124 1076//2124 4155//2124 7431//2124
f 7431//2124 4155//2124 1072//2124 4146//2124
f 4153//2123 7431//2123 4146//2123 1071//2123
f 1076//2144 4156//2144 7432//2144 4155//2144
f 4156//2141 1077//2141 4157//2141 7432//2141
f 7432//2128 4157//2128 1073//2128 4148//2128
f 4155//2126 7432//2126 4148//2126 1072//2126
f 1077//2130 4158//2130 7433//2130 4157//2130
f 4158//2135 1074//2135 4151//2135 7433//2135
f 7433//2131 4151//2131 1070//2131 4150//2131
f 4157//2130 7433//2130 4150//2130 1073//2130
f 1078//2121 4160//2121 7434//2121 4159//2121
f 4160//2122 1079//2122 4161//2122 7434//2122
f 7434//2122 4161//2122 1075//2122 4152//2122
f 4159//2121 7434//2121 4152//2121 1074//2121
f 1079//2145 4162//2145 7435//2145 4161//2145
f 4162//2124 1080//2124 4163//2124 7435//2124
f 7435//2124 4163//2124 1076//2124 4154//2124
f 4161//2123 7435//2123 4154//2123 1075//2123
f 1080//2129 4164//2129 7436//2129 4163//2129
f 4164//2133 1081//2133 4165//2133 7436//2133
f 7436//2127 4165//2127 1077//2127 4156//2127
f 4163//2126 7436//2126 4156//2126 1076//2126
f 1081//2130 4166//2130 7437//2130 4165//2130
f 4166//2131 1078//2131 4159//2131 7437//2131
f 7437//2135 4159//2135 1074//2135 4158//2135
f 4165//2130 7437//2130 4158//2130 1077//2130
f 1082//2121 4168//2121 7438//2121 4167//2121
f 4168//2122 1083//2122 4169//2122 7438//2122
f 7438//2137 4169//2137 1079//2137 4160//2137
f 4167//2136 7438//2136 4160//2136 1078//2136
f 1083//2123 4170//2123 7439//2123 4169//2123
f 4170//2124 1084//2124 4171//2124 7439//2124
f 7439//2124 4171//2124 1080//2124 4162//2124
f 4169//2123 7439//2123 4162//2123 1079//2123
f 1084//2129 4172//2129 7440//2129 4171//2129
f 4172//2133 1085//2133 4173//2133 7440//2133
f 7440//2128 4173//2128 1081//2128 4164//2128
f 4171//2129 7440//2129 4164//2129 1080//2129
f 1085//2130 4174//2130 7441//2130 4173//2130
f 4174//2131 1082//2131 4167//2131 7441//2131
f 7441//2131 4167//2131 1078//2131 4166//2131
f 4173//2130 7441//2130 4166//2130 1081//2130
f 1086//2121 4176//2121 7442//2121 4175//2121
f 4176//2122 1087//2122 4177//2122 7442//2122
f 7442//2132 4177//2132 1083//2132 4168//2132
f 4175//2121 7442//2121 4168//2121 1082//2121
f 1087//2125 4178//2125 7443//2125 4177//2125
f 4178//2124 1088//2124 4179//2124 7443//2124
f 7443//2124 4179//2124 1084//2124 4170//2124
f 4177//2123 7443//2123 4170//2123 1083//2123
f 1088//2134 4180//2134 7444//2134 4179//2134
f 4180//2146 1089//2146 4181//2146 7444//2146
f 7444//2133 4181//2133 1085//2133 4172//2133
f 4179//2134 7444//2134 4172//2134 1084//2134
f 1089//2130 4182//2130 7445//2130 4181//2130
f 4182//2131 1086//2131 4175//2131 7445//2131
f 7445//2142 4175//2142 1082//2142 4174//2142
f 4181//2130 7445//2130 4174//2130 1085//2130
f 89//2147 2190//2147 7446//2147 4183//2147
f 2190//2148 90//2148 4184//2148 7446//2148
f 7446//2149 4184//2149 1087//2149 4176//2149
f 4183//2150 7446//2150 4176//2150 1086//2150
f 90//2151 2195//2151 7447//2151 4184//2151
f 2195//2152 91//2152 4185//2152 7447//2152
f 7447//2153 4185//2153 1088//2153 4178//2153
f 4184//2154 7447//2154 4178//2154 1087//2154
f 91//2155 2197//2155 7448//2155 4185//2155
f 2197//2156 92//2156 4186//2156 7448//2156
f 7448//2157 4186//2157 1089//2157 4180//2157
f 4185//2158 7448//2158 4180//2158 1088//2158
f 92//2159 2200//2159 7449//2159 4186//2159
f 2200//2160 89//2160 4183//2160 7449//2160
f 7449//2161 4183//2161 1086//2161 4182//2161
f 4186//2162 7449//2162 4182//2162 1089//2162
f 1093//2163 4188//2163 7450//2163 4187//2163
f 4188//2164 1094//2164 4189//2164 7450//2164
f 7450//2165 4189//2165 2143//2165 2389//2165
f 4187//2166 7450//2166 2389//2166 2144//2166
f 1094//2167 4190//2167 7451//2167 4189//2167
f 4190//2168 1095//2168 4191//2168 7451//2168
f 7451//2169 4191//2169 2142//2169 2405//2169
f 4189//2170 7451//2170 2405//2170 2143//2170
f 1095//2171 4192//2171 7452//2171 4191//2171
f 4192//2172 1096//2172 4193//2172 7452//2172
f 7452//2173 4193//2173 2141//2173 2398//2173
f 4191//2174 7452//2174 2398//2174 2142//2174
f 1096//2175 4194//2175 7453//2175 4193//2175
f 4194//2176 1093//2176 4187//2176 7453//2176
f 7453//2177 4187//2177 2144//2177 2392//2177
f 4193//2178 7453//2178 2392//2178 2141//2178
f 1097//2179 4196//2179 7454//2179 4195//2179
f 4196//2180 1098//2180 4197//2180 7454//2180
f 7454//2181 4197//2181 1094//2181 4188//2181
f 4195//2182 7454//2182 4188//2182 1093//2182
f 1098//2183 4198//2183 7455//2183 4197//2183
f 4198//2184 1099//2184 4199//2184 7455//2184
f 7455//2185 4199//2185 1095//2185 4190//2185
f 4197//2186 7455//2186 4190//2186 1094//2186
f 1099//2187 4200//2187 7456//2187 4199//2187
f 4200//2188 1100//2188 4201//2188 7456//2188
f 7456//2189 4201//2189 1096//2189 4192//2189
f 4199//2190 7456//2190 4192//2190 1095//2190
f 1100//2191 4202//2191 7457//2191 4201//2191
f 4202//2192 1097//2192 4195//2192 7457//2192
f 7457//2193 4195//2193 1093//2193 4194//2193
f 4201//2194 7457//2194 4194//2194 1096//2194
f 1101//2195 4204//2195 7458//2195 4203//2195
f 4204//2196 1102//2196 4205//2196 7458//2196
f 7458//2196 4205//2196 1098//2196 4196//2196
f 4203//2197 7458//2197 4196//2197 1097//2197
f 1102//2198 4206//2198 7459//2198 4205//2198
f 4206//2199 1103//2199 4207//2199 7459//2199
f 7459//2199 4207//2199 1099//2199 4198//2199
f 4205//2198 7459//2198 4198//2198 1098//2198
f 1103//2200 4208//2200 7460//2200 4207//2200
f 4208//2201 1104//2201 4209//2201 7460//2201
f 7460//2202 4209//2202 1100//2202 4200//2202
f 4207//2203 7460//2203 4200//2203 1099//2203
f 1104//2204 4210//2204 7461//2204 4209//2204
f 4210//2205 1101//2205 4203//2205 7461//2205
f 7461//2205 4203//2205 1097//2205 4202//2205
f 4209//2204 7461//2204 4202//2204 1100//2204
f 1105//2206 4212//2206 7462//2206 4211//2206
f 4212//2207 1106//2207 4213//2207 7462//2207
f 7462//2208 4213//2208 1102//2208 4204//2208
f 4211//2209 7462//2209 4204//2209 1101//2209
f 1106//2210 4214//2210 7463//2210 4213//2210
f 4214//2211 1107//2211 4215//2211 7463//2211
f 7463//2212 4215//2212 1103//2212 4206//2212
f 4213//2213 7463//2213 4206//2213 1102//2213
f 1107//2214 4216//2214 7464//2214 4215//2214
f 4216//2215 1108//2215 4217//2215 7464//2215
f 7464//2216 4217//2216 1104//2216 4208//2216
f 4215//2217 7464//2217 4208//2217 1103//2217
f 1108//2218 4218//2218 7465//2218 4217//2218
f 4218//2219 1105//2219 4211//2219 7465//2219
f 7465//2205 4211//2205 1101//2205 4210//2205
f 4217//2220 7465//2220 4210//2220 1104//2220
f 93//2221 4220//2221 7466//2221 4219//2221
f 4220//2222 94//2222 4221//2222 7466//2222
f 7466//2223 4221//2223 1106//2223 4212//2223
f 4219//2224 7466//2224 4212//2224 1105//2224
f 94//2225 4222//2225 7467//2225 4221//2225
f 4222//2226 95//2226 4223//2226 7467//2226
f 7467//2227 4223//2227 1107//2227 4214//2227
f 4221//2228 7467//2228 4214//2228 1106//2228
f 95//2229 4224//2229 7468//2229 4223//2229
f 4224//2230 96//2230 4225//2230 7468//2230
f 7468//2231 4225//2231 1108//2231 4216//2231
f 4223//2232 7468//2232 4216//2232 1107//2232
f 96//2233 4226//2233 7469//2233 4225//2233
f 4226//2234 93//2234 4219//2234 7469//2234
f 7469//2235 4219//2235 1105//2235 4218//2235
f 4225//2236 7469//2236 4218//2236 1108//2236
f 1109//2237 4228//2237 7470//2237 4227//2237
f 4228//2238 1110//2238 4229//2238 7470//2238
f 7470//2239 4229//2239 94//2239 4220//2239
f 4227//2240 7470//2240 4220//2240 93//2240
f 1110//2241 4230//2241 7471//2241 4229//2241
f 4230//2242 1111//2242 4231//2242 7471//2242
f 7471//2243 4231//2243 95//2243 4222//2243
f 4229//2244 7471//2244 4222//2244 94//2244
f 1111//2245 4232//2245 7472//2245 4231//2245
f 4232//2246 1112//2246 4233//2246 7472//2246
f 7472//2247 4233//2247 96//2247 4224//2247
f 4231//2248 7472//2248 4224//2248 95//2248
f 1112//2249 4234//2249 7473//2249 4233//2249
f 4234//2250 1109//2250 4227//2250 7473//2250
f 7473//2251 4227//2251 93//2251 4226//2251
f 4233//2252 7473//2252 4226//2252 96//2252
f 1113//2253 4236//2253 7474//2253 4235//2253
f 4236//2254 1114//2254 4237//2254 7474//2254
f 7474//2255 4237//2255 1110//2255 4228//2255
f 4235//2256 7474//2256 4228//2256 1109//2256
f 1114//2257 4238//2257 7475//2257 4237//2257
f 4238//2258 1115//2258 4239//2258 7475//2258
f 7475//2259 4239//2259 1111//2259 4230//2259
f 4237//2260 7475//2260 4230//2260 1110//2260
f 1115//2261 4240//2261 7476//2261 4239//2261
f 4240//2262 1116//2262 4241//2262 7476//2262
f 7476//2263 4241//2263 1112//2263 4232//2263
f 4239//2264 7476//2264 4232//2264 1111//2264
f 1116//2265 4242//2265 7477//2265 4241//2265
f 4242//2266 1113//2266 4235//2266 7477//2266
f 7477//2267 4235//2267 1109//2267 4234//2267
f 4241//2268 7477//2268 4234//2268 1112//2268
f 1117//2269 4244//2269 7478//2269 4243//2269
f 4244//2254 1118//2254 4245//2254 7478//2254
f 7478//2254 4245//2254 1114//2254 4236//2254
f 4243//2270 7478//2270 4236//2270 1113//2270
f 1118//2257 4246//2257 7479//2257 4245//2257
f 4246//2271 1119//2271 4247//2271 7479//2271
f 7479//2271 4247//2271 1115//2271 4238//2271
f 4245//2257 7479//2257 4238//2257 1114//2257
f 1119//2261 4248//2261 7480//2261 4247//2261
f 4248//2272 1120//2272 4249//2272 7480//2272
f 7480//2272 4249//2272 1116//2272 4240//2272
f 4247//2273 7480//2273 4240//2273 1115//2273
f 1120//2274 4250//2274 7481//2274 4249//2274
f 4250//2275 1117//2275 4243//2275 7481//2275
f 7481//2275 4243//2275 1113//2275 4242//2275
f 4249//2274 7481//2274 4242//2274 1116//2274
f 1121//2269 4252//2269 7482//2269 4251//2269
f 4252//2254 1122//2254 4253//2254 7482//2254
f 7482//2276 4253//2276 1118//2276 4244//2276
f 4251//2277 7482//2277 4244//2277 1117//2277
f 1122//2257 4254//2257 7483//2257 4253//2257
f 4254//2278 1123//2278 4255//2278 7483//2278
f 7483//2278 4255//2278 1119//2278 4246//2278
f 4253//2257 7483//2257 4246//2257 1118//2257
f 1123//2279 4256//2279 7484//2279 4255//2279
f 4256//2272 1124//2272 4257//2272 7484//2272
f 7484//2280 4257//2280 1120//2280 4248//2280
f 4255//2261 7484//2261 4248//2261 1119//2261
f 1124//2274 4258//2274 7485//2274 4257//2274
f 4258//2275 1121//2275 4251//2275 7485//2275
f 7485//2275 4251//2275 1117//2275 4250//2275
f 4257//2274 7485//2274 4250//2274 1120//2274
f 1125//2269 4260//2269 7486//2269 4259//2269
f 4260//2276 1126//2276 4261//2276 7486//2276
f 7486//2276 4261//2276 1122//2276 4252//2276
f 4259//2281 7486//2281 4252//2281 1121//2281
f 1126//2257 4262//2257 7487//2257 4261//2257
f 4262//2278 1127//2278 4263//2278 7487//2278
f 7487//2278 4263//2278 1123//2278 4254//2278
f 4261//2257 7487//2257 4254//2257 1122//2257
f 1127//2279 4264//2279 7488//2279 4263//2279
f 4264//2262 1128//2262 4265//2262 7488//2262
f 7488//2272 4265//2272 1124//2272 4256//2272
f 4263//2282 7488//2282 4256//2282 1123//2282
f 1128//2274 4266//2274 7489//2274 4265//2274
f 4266//2275 1125//2275 4259//2275 7489//2275
f 7489//2275 4259//2275 1121//2275 4258//2275
f 4265//2274 7489//2274 4258//2274 1124//2274
f 1129//2269 4268//2269 7490//2269 4267//2269
f 4268//2254 1130//2254 4269//2254 7490//2254
f 7490//2254 4269//2254 1126//2254 4260//2254
f 4267//2269 7490//2269 4260//2269 1125//2269
f 1130//2257 4270//2257 7491//2257 4269//2257
f 4270//2278 1131//2278 4271//2278 7491//2278
f 7491//2271 4271//2271 1127//2271 4262//2271
f 4269//2257 7491//2257 4262//2257 1126//2257
f 1131//2273 4272//2273 7492//2273 4271//2273
f 4272//2272 1132//2272 4273//2272 7492//2272
f 7492//2272 4273//2272 1128//2272 4264//2272
f 4271//2279 7492//2279 4264//2279 1127//2279
f 1132//2274 4274//2274 7493//2274 4273//2274
f 4274//2275 1129//2275 4267//2275 7493//2275
f 7493//2275 4267//2275 1125//2275 4266//2275
f 4273//2283 7493//2283 4266//2283 1128//2283
f 1133//2269 4276//2269 7494//2269 4275//2269
f 4276//2254 1134//2254 4277//2254 7494//2254
f 7494//2254 4277//2254 1130//2254 4268//2254
f 4275//2277 7494//2277 4268//2277 1129//2277
f 1134//2257 4278//2257 7495//2257 4277//2257
f 4278//2271 1135//2271 4279//2271 7495//2271
f 7495//2271 4279//2271 1131//2271 4270//2271
f 4277//2257 7495//2257 4270//2257 1130//2257
f 1135//2284 4280//2284 7496//2284 4279//2284
f 4280//2272 1136//2272 4281//2272 7496//2272
f 7496//2272 4281//2272 1132//2272 4272//2272
f 4279//2261 7496//2261 4272//2261 1131//2261
f 1136//2274 4282//2274 7497//2274 4281//2274
f 4282//2275 1133//2275 4275//2275 7497//2275
f 7497//2275 4275//2275 1129//2275 4274//2275
f 4281//2274 7497//2274 4274//2274 1132//2274
f 1137//2270 4284//2270 7498//2270 4283//2270
f 4284//2254 1138//2254 4285//2254 7498//2254
f 7498//2254 4285//2254 1134//2254 4276//2254
f 4283//2269 7498//2269 4276//2269 1133//2269
f 1138//2257 4286//2257 7499//2257 4285//2257
f 4286//2278 1139//2278 4287//2278 7499//2278
f 7499//2278 4287//2278 1135//2278 4278//2278
f 4285//2257 7499//2257 4278//2257 1134//2257
f 1139//2273 4288//2273 7500//2273 4287//2273
f 4288//2272 1140//2272 4289//2272 7500//2272
f 7500//2272 4289//2272 1136//2272 4280//2272
f 4287//2279 7500//2279 4280//2279 1135//2279
f 1140//2274 4290//2274 7501//2274 4289//2274
f 4290//2275 1137//2275 4283//2275 7501//2275
f 7501//2275 4283//2275 1133//2275 4282//2275
f 4289//2283 7501//2283 4282//2283 1136//2283
f 1141//2285 4292//2285 7502//2285 4291//2285
f 4292//2254 1142//2254 4293//2254 7502//2254
f 7502//2254 4293//2254 1138//2254 4284//2254
f 4291//2277 7502//2277 4284//2277 1137//2277
f 1142//2257 4294//2257 7503//2257 4293//2257
f 4294//2271 1143//2271 4295//2271 7503//2271
f 7503//2271 4295//2271 1139//2271 4286//2271
f 4293//2257 7503//2257 4286//2257 1138//2257
f 1143//2284 4296//2284 7504//2284 4295//2284
f 4296//2272 1144//2272 4297//2272 7504//2272
f 7504//2272 4297//2272 1140//2272 4288//2272
f 4295//2273 7504//2273 4288//2273 1139//2273
f 1144//2274 4298//2274 7505//2274 4297//2274
f 4298//2275 1141//2275 4291//2275 7505//2275
f 7505//2275 4291//2275 1137//2275 4290//2275
f 4297//2274 7505//2274 4290//2274 1140//2274
f 1145//2277 4300//2277 7506//2277 4299//2277
f 4300//2254 1146//2254 4301//2254 7506//2254
f 7506//2286 4301//2286 1142//2286 4292//2286
f 4299//2269 7506//2269 4292//2269 1141//2269
f 1146//2257 4302//2257 7507//2257 4301//2257
f 4302//2278 1147//2278 4303//2278 7507//2278
f 7507//2278 4303//2278 1143//2278 4294//2278
f 4301//2257 7507//2257 4294//2257 1142//2257
f 1147//2261 4304//2261 7508//2261 4303//2261
f 4304//2272 1148//2272 4305//2272 7508//2272
f 7508//2272 4305//2272 1144//2272 4296//2272
f 4303//2279 7508//2279 4296//2279 1143//2279
f 1148//2283 4306//2283 7509//2283 4305//2283
f 4306//2275 1145//2275 4299//2275 7509//2275
f 7509//2275 4299//2275 1141//2275 4298//2275
f 4305//2274 7509//2274 4298//2274 1144//2274
f 1149//2269 4308//2269 7510//2269 4307//2269
f 4308//2286 1150//2286 4309//2286 7510//2286
f 7510//2254 4309//2254 1146//2254 4300//2254
f 4307//2269 7510//2269 4300//2269 1145//2269
f 1150//2257 4310//2257 7511//2257 4309//2257
f 4310//2271 1151//2271 4311//2271 7511//2271
f 7511//2278 4311//2278 1147//2278 4302//2278
f 4309//2257 7511//2257 4302//2257 1146//2257
f 1151//2287 4312//2287 7512//2287 4311//2287
f 4312//2262 1152//2262 4313//2262 7512//2262
f 7512//2280 4313//2280 1148//2280 4304//2280
f 4311//2287 7512//2287 4304//2287 1147//2287
f 1152//2274 4314//2274 7513//2274 4313//2274
f 4314//2275 1149//2275 4307//2275 7513//2275
f 7513//2275 4307//2275 1145//2275 4306//2275
f 4313//2288 7513//2288 4306//2288 1148//2288
f 1153//2269 4316//2269 7514//2269 4315//2269
f 4316//2289 1154//2289 4317//2289 7514//2289
f 7514//2276 4317//2276 1150//2276 4308//2276
f 4315//2277 7514//2277 4308//2277 1149//2277
f 1154//2257 4318//2257 7515//2257 4317//2257
f 4318//2271 1155//2271 4319//2271 7515//2271
f 7515//2271 4319//2271 1151//2271 4310//2271
f 4317//2257 7515//2257 4310//2257 1150//2257
f 1155//2273 4320//2273 7516//2273 4319//2273
f 4320//2272 1156//2272 4321//2272 7516//2272
f 7516//2280 4321//2280 1152//2280 4312//2280
f 4319//2261 7516//2261 4312//2261 1151//2261
f 1156//2274 4322//2274 7517//2274 4321//2274
f 4322//2275 1153//2275 4315//2275 7517//2275
f 7517//2275 4315//2275 1149//2275 4314//2275
f 4321//2283 7517//2283 4314//2283 1152//2283
f 1157//2269 4324//2269 7518//2269 4323//2269
f 4324//2289 1158//2289 4325//2289 7518//2289
f 7518//2254 4325//2254 1154//2254 4316//2254
f 4323//2277 7518//2277 4316//2277 1153//2277
f 1158//2257 4326//2257 7519//2257 4325//2257
f 4326//2271 1159//2271 4327//2271 7519//2271
f 7519//2271 4327//2271 1155//2271 4318//2271
f 4325//2257 7519//2257 4318//2257 1154//2257
f 1159//2287 4328//2287 7520//2287 4327//2287
f 4328//2262 1160//2262 4329//2262 7520//2262
f 7520//2272 4329//2272 1156//2272 4320//2272
f 4327//2284 7520//2284 4320//2284 1155//2284
f 1160//2283 4330//2283 7521//2283 4329//2283
f 4330//2275 1157//2275 4323//2275 7521//2275
f 7521//2275 4323//2275 1153//2275 4322//2275
f 4329//2274 7521//2274 4322//2274 1156//2274
f 97//2290 2177//2290 7522//2290 4331//2290
f 2177//2291 98//2291 4332//2291 7522//2291
f 7522//2292 4332//2292 1158//2292 4324//2292
f 4331//2293 7522//2293 4324//2293 1157//2293
f 98//2294 2183//2294 7523//2294 4332//2294
f 2183//2295 99//2295 4333//2295 7523//2295
f 7523//2296 4333//2296 1159//2296 4326//2296
f 4332//2297 7523//2297 4326//2297 1158//2297
f 99//2298 2186//2298 7524//2298 4333//2298
f 2186//2299 100//2299 4334//2299 7524//2299
f 7524//2300 4334//2300 1160//2300 4328//2300
f 4333//2301 7524//2301 4328//2301 1159//2301
f 100//2302 2188//2302 7525//2302 4334//2302
f 2188//2303 97//2303 4331//2303 7525//2303
f 7525//2304 4331//2304 1157//2304 4330//2304
f 4334//2305 7525//2305 4330//2305 1160//2305
f 1165//2306 4336//2306 7526//2306 4335//2306
f 4336//2307 1166//2307 4337//2307 7526//2307
f 7526//2308 4337//2308 1162//2308 2293//2308
f 4335//2309 7526//2309 2293//2309 1161//2309
f 1166//2310 4338//2310 7527//2310 4337//2310
f 4338//2311 1167//2311 4339//2311 7527//2311
f 7527//2312 4339//2312 1163//2312 2311//2312
f 4337//2313 7527//2313 2311//2313 1162//2313
f 1167//2314 4340//2314 7528//2314 4339//2314
f 4340//2315 1168//2315 4341//2315 7528//2315
f 7528//2316 4341//2316 1164//2316 2310//2316
f 4339//2317 7528//2317 2310//2317 1163//2317
f 1168//2318 4342//2318 7529//2318 4341//2318
f 4342//2319 1165//2319 4335//2319 7529//2319
f 7529//2320 4335//2320 1161//2320 2286//2320
f 4341//2321 7529//2321 2286//2321 1164//2321
f 1169//2322 4344//2322 7530//2322 4343//2322
f 4344//2323 1170//2323 4345//2323 7530//2323
f 7530//2324 4345//2324 1166//2324 4336//2324
f 4343//2325 7530//2325 4336//2325 1165//2325
f 1170//2326 4346//2326 7531//2326 4345//2326
f 4346//2327 1171//2327 4347//2327 7531//2327
f 7531//2328 4347//2328 1167//2328 4338//2328
f 4345//2329 7531//2329 4338//2329 1166//2329
f 1171//2330 4348//2330 7532//2330 4347//2330
f 4348//2331 1172//2331 4349//2331 7532//2331
f 7532//2332 4349//2332 1168//2332 4340//2332
f 4347//2333 7532//2333 4340//2333 1167//2333
f 1172//2334 4350//2334 7533//2334 4349//2334
f 4350//2335 1169//2335 4343//2335 7533//2335
f 7533//2336 4343//2336 1165//2336 4342//2336
f 4349//2337 7533//2337 4342//2337 1168//2337
f 101//2338 4352//2338 7534//2338 4351//2338
f 4352//2339 102//2339 4353//2339 7534//2339
f 7534//2340 4353//2340 1170//2340 4344//2340
f 4351//2341 7534//2341 4344//2341 1169//2341
f 102//2342 4354//2342 7535//2342 4353//2342
f 4354//2343 103//2343 4355//2343 7535//2343
f 7535//2344 4355//2344 1171//2344 4346//2344
f 4353//2345 7535//2345 4346//2345 1170//2345
f 103//2346 4356//2346 7536//2346 4355//2346
f 4356//2347 104//2347 4357//2347 7536//2347
f 7536//2348 4357//2348 1172//2348 4348//2348
f 4355//2349 7536//2349 4348//2349 1171//2349
f 104//2350 4358//2350 7537//2350 4357//2350
f 4358//2351 101//2351 4351//2351 7537//2351
f 7537//2352 4351//2352 1169//2352 4350//2352
f 4357//2353 7537//2353 4350//2353 1172//2353
f 1173//2354 4360//2354 7538//2354 4359//2354
f 4360//2355 1174//2355 4361//2355 7538//2355
f 7538//2356 4361//2356 102//2356 4352//2356
f 4359//2357 7538//2357 4352//2357 101//2357
f 1174//2358 4362//2358 7539//2358 4361//2358
f 4362//2359 1175//2359 4363//2359 7539//2359
f 7539//2360 4363//2360 103//2360 4354//2360
f 4361//2361 7539//2361 4354//2361 102//2361
f 1175//2362 4364//2362 7540//2362 4363//2362
f 4364//2363 1176//2363 4365//2363 7540//2363
f 7540//2364 4365//2364 104//2364 4356//2364
f 4363//2365 7540//2365 4356//2365 103//2365
f 1176//2366 4366//2366 7541//2366 4365//2366
f 4366//2367 1173//2367 4359//2367 7541//2367
f 7541//2368 4359//2368 101//2368 4358//2368
f 4365//2369 7541//2369 4358//2369 104//2369
f 1177//2370 4368//2370 7542//2370 4367//2370
f 4368//2371 1178//2371 4369//2371 7542//2371
f 7542//2372 4369//2372 1174//2372 4360//2372
f 4367//2373 7542//2373 4360//2373 1173//2373
f 1178//2374 4370//2374 7543//2374 4369//2374
f 4370//2375 1179//2375 4371//2375 7543//2375
f 7543//2376 4371//2376 1175//2376 4362//2376
f 4369//2377 7543//2377 4362//2377 1174//2377
f 1179//2378 4372//2378 7544//2378 4371//2378
f 4372//2379 1180//2379 4373//2379 7544//2379
f 7544//2380 4373//2380 1176//2380 4364//2380
f 4371//2381 7544//2381 4364//2381 1175//2381
f 1180//2382 4374//2382 7545//2382 4373//2382
f 4374//2383 1177//2383 4367//2383 7545//2383
f 7545//2384 4367//2384 1173//2384 4366//2384
f 4373//2385 7545//2385 4366//2385 1176//2385
f 1181//2386 4376//2386 7546//2386 4375//2386
f 4376//2371 1182//2371 4377//2371 7546//2371
f 7546//2371 4377//2371 1178//2371 4368//2371
f 4375//2386 7546//2386 4368//2386 1177//2386
f 1182//2387 4378//2387 7547//2387 4377//2387
f 4378//2388 1183//2388 4379//2388 7547//2388
f 7547//2388 4379//2388 1179//2388 4370//2388
f 4377//2374 7547//2374 4370//2374 1178//2374
f 1183//2389 4380//2389 7548//2389 4379//2389
f 4380//2390 1184//2390 4381//2390 7548//2390
f 7548//2379 4381//2379 1180//2379 4372//2379
f 4379//2378 7548//2378 4372//2378 1179//2378
f 1184//2382 4382//2382 7549//2382 4381//2382
f 4382//2383 1181//2383 4375//2383 7549//2383
f 7549//2383 4375//2383 1177//2383 4374//2383
f 4381//2382 7549//2382 4374//2382 1180//2382
f 1185//2370 4384//2370 7550//2370 4383//2370
f 4384//2371 1186//2371 4385//2371 7550//2371
f 7550//2371 4385//2371 1182//2371 4376//2371
f 4383//2386 7550//2386 4376//2386 1181//2386
f 1186//2387 4386//2387 7551//2387 4385//2387
f 4386//2388 1187//2388 4387//2388 7551//2388
f 7551//2388 4387//2388 1183//2388 4378//2388
f 4385//2374 7551//2374 4378//2374 1182//2374
f 1187//2378 4388//2378 7552//2378 4387//2378
f 4388//2391 1188//2391 4389//2391 7552//2391
f 7552//2390 4389//2390 1184//2390 4380//2390
f 4387//2389 7552//2389 4380//2389 1183//2389
f 1188//2382 4390//2382 7553//2382 4389//2382
f 4390//2383 1185//2383 4383//2383 7553//2383
f 7553//2383 4383//2383 1181//2383 4382//2383
f 4389//2382 7553//2382 4382//2382 1184//2382
f 1189//2386 4392//2386 7554//2386 4391//2386
f 4392//2371 1190//2371 4393//2371 7554//2371
f 7554//2371 4393//2371 1186//2371 4384//2371
f 4391//2386 7554//2386 4384//2386 1185//2386
f 1190//2374 4394//2374 7555//2374 4393//2374
f 4394//2388 1191//2388 4395//2388 7555//2388
f 7555//2388 4395//2388 1187//2388 4386//2388
f 4393//2387 7555//2387 4386//2387 1186//2387
f 1191//2378 4396//2378 7556//2378 4395//2378
f 4396//2379 1192//2379 4397//2379 7556//2379
f 7556//2390 4397//2390 1188//2390 4388//2390
f 4395//2389 7556//2389 4388//2389 1187//2389
f 1192//2382 4398//2382 7557//2382 4397//2382
f 4398//2383 1189//2383 4391//2383 7557//2383
f 7557//2383 4391//2383 1185//2383 4390//2383
f 4397//2382 7557//2382 4390//2382 1188//2382
f 1193//2370 4400//2370 7558//2370 4399//2370
f 4400//2372 1194//2372 4401//2372 7558//2372
f 7558//2371 4401//2371 1190//2371 4392//2371
f 4399//2386 7558//2386 4392//2386 1189//2386
f 1194//2387 4402//2387 7559//2387 4401//2387
f 4402//2388 1195//2388 4403//2388 7559//2388
f 7559//2388 4403//2388 1191//2388 4394//2388
f 4401//2387 7559//2387 4394//2387 1190//2387
f 1195//2389 4404//2389 7560//2389 4403//2389
f 4404//2379 1196//2379 4405//2379 7560//2379
f 7560//2379 4405//2379 1192//2379 4396//2379
f 4403//2389 7560//2389 4396//2389 1191//2389
f 1196//2382 4406//2382 7561//2382 4405//2382
f 4406//2383 1193//2383 4399//2383 7561//2383
f 7561//2383 4399//2383 1189//2383 4398//2383
f 4405//2382 7561//2382 4398//2382 1192//2382
f 1197//2370 4408//2370 7562//2370 4407//2370
f 4408//2371 1198//2371 4409//2371 7562//2371
f 7562//2372 4409//2372 1194//2372 4400//2372
f 4407//2370 7562//2370 4400//2370 1193//2370
f 1198//2374 4410//2374 7563//2374 4409//2374
f 4410//2388 1199//2388 4411//2388 7563//2388
f 7563//2388 4411//2388 1195//2388 4402//2388
f 4409//2374 7563//2374 4402//2374 1194//2374
f 1199//2389 4412//2389 7564//2389 4411//2389
f 4412//2379 1200//2379 4413//2379 7564//2379
f 7564//2391 4413//2391 1196//2391 4404//2391
f 4411//2378 7564//2378 4404//2378 1195//2378
f 1200//2382 4414//2382 7565//2382 4413//2382
f 4414//2383 1197//2383 4407//2383 7565//2383
f 7565//2383 4407//2383 1193//2383 4406//2383
f 4413//2392 7565//2392 4406//2392 1196//2392
f 1201//2393 4416//2393 7566//2393 4415//2393
f 4416//2394 1202//2394 4417//2394 7566//2394
f 7566//2395 4417//2395 1198//2395 4408//2395
f 4415//2386 7566//2386 4408//2386 1197//2386
f 1202//2396 4418//2396 7567//2396 4417//2396
f 4418//2388 1203//2388 4419//2388 7567//2388
f 7567//2388 4419//2388 1199//2388 4410//2388
f 4417//2374 7567//2374 4410//2374 1198//2374
f 1203//2397 4420//2397 7568//2397 4419//2397
f 4420//2398 1204//2398 4421//2398 7568//2398
f 7568//2399 4421//2399 1200//2399 4412//2399
f 4419//2389 7568//2389 4412//2389 1199//2389
f 1204//2400 4422//2400 7569//2400 4421//2400
f 4422//2383 1201//2383 4415//2383 7569//2383
f 7569//2383 4415//2383 1197//2383 4414//2383
f 4421//2401 7569//2401 4414//2401 1200//2401
f 105//2402 4424//2402 7570//2402 4423//2402
f 4424//2403 106//2403 4425//2403 7570//2403
f 7570//2404 4425//2404 1202//2404 4416//2404
f 4423//2405 7570//2405 4416//2405 1201//2405
f 106//2406 4426//2406 7571//2406 4425//2406
f 4426//2407 107//2407 4427//2407 7571//2407
f 7571//2408 4427//2408 1203//2408 4418//2408
f 4425//2409 7571//2409 4418//2409 1202//2409
f 107//2410 4428//2410 7572//2410 4427//2410
f 4428//2411 108//2411 4429//2411 7572//2411
f 7572//2412 4429//2412 1204//2412 4420//2412
f 4427//2413 7572//2413 4420//2413 1203//2413
f 108//2414 4430//2414 7573//2414 4429//2414
f 4430//2415 105//2415 4423//2415 7573//2415
f 7573//2416 4423//2416 1201//2416 4422//2416
f 4429//2417 7573//2417 4422//2417 1204//2417
f 1205//2418 4432//2418 7574//2418 4431//2418
f 4432//2419 1206//2419 4433//2419 7574//2419
f 7574//2420 4433//2420 106//2420 4424//2420
f 4431//2421 7574//2421 4424//2421 105//2421
f 1206//2422 4434//2422 7575//2422 4433//2422
f 4434//2423 1207//2423 4435//2423 7575//2423
f 7575//2424 4435//2424 107//2424 4426//2424
f 4433//2425 7575//2425 4426//2425 106//2425
f 1207//2426 4436//2426 7576//2426 4435//2426
f 4436//2427 1208//2427 4437//2427 7576//2427
f 7576//2428 4437//2428 108//2428 4428//2428
f 4435//2429 7576//2429 4428//2429 107//2429
f 1208//2430 4438//2430 7577//2430 4437//2430
f 4438//2431 1205//2431 4431//2431 7577//2431
f 7577//2432 4431//2432 105//2432 4430//2432
f 4437//2433 7577//2433 4430//2433 108//2433
f 1209//2434 4440//2434 7578//2434 4439//2434
f 4440//2435 1210//2435 4441//2435 7578//2435
f 7578//2436 4441//2436 1206//2436 4432//2436
f 4439//2437 7578//2437 4432//2437 1205//2437
f 1210//2438 4442//2438 7579//2438 4441//2438
f 4442//2439 1211//2439 4443//2439 7579//2439
f 7579//2440 4443//2440 1207//2440 4434//2440
f 4441//2441 7579//2441 4434//2441 1206//2441
f 1211//2442 4444//2442 7580//2442 4443//2442
f 4444//2443 1212//2443 4445//2443 7580//2443
f 7580//2444 4445//2444 1208//2444 4436//2444
f 4443//2445 7580//2445 4436//2445 1207//2445
f 1212//2446 4446//2446 7581//2446 4445//2446
f 4446//2447 1209//2447 4439//2447 7581//2447
f 7581//2448 4439//2448 1205//2448 4438//2448
f 4445//2449 7581//2449 4438//2449 1208//2449
f 1213//2450 4448//2450 7582//2450 4447//2450
f 4448//2451 1214//2451 4449//2451 7582//2451
f 7582//2451 4449//2451 1210//2451 4440//2451
f 4447//2450 7582//2450 4440//2450 1209//2450
f 1214//2452 4450//2452 7583//2452 4449//2452
f 4450//2453 1215//2453 4451//2453 7583//2453
f 7583//2453 4451//2453 1211//2453 4442//2453
f 4449//2454 7583//2454 4442//2454 1210//2454
f 1215//2455 4452//2455 7584//2455 4451//2455
f 4452//2443 1216//2443 4453//2443 7584//2443
f 7584//2443 4453//2443 1212//2443 4444//2443
f 4451//2442 7584//2442 4444//2442 1211//2442
f 1216//2446 4454//2446 7585//2446 4453//2446
f 4454//2447 1213//2447 4447//2447 7585//2447
f 7585//2447 4447//2447 1209//2447 4446//2447
f 4453//2446 7585//2446 4446//2446 1212//2446
f 1217//2450 4456//2450 7586//2450 4455//2450
f 4456//2451 1218//2451 4457//2451 7586//2451
f 7586//2451 4457//2451 1214//2451 4448//2451
f 4455//2450 7586//2450 4448//2450 1213//2450
f 1218//2454 4458//2454 7587//2454 4457//2454
f 4458//2453 1219//2453 4459//2453 7587//2453
f 7587//2453 4459//2453 1215//2453 4450//2453
f 4457//2452 7587//2452 4450//2452 1214//2452
f 1219//2456 4460//2456 7588//2456 4459//2456
f 4460//2457 1220//2457 4461//2457 7588//2457
f 7588//2458 4461//2458 1216//2458 4452//2458
f 4459//2442 7588//2442 4452//2442 1215//2442
f 1220//2459 4462//2459 7589//2459 4461//2459
f 4462//2447 1217//2447 4455//2447 7589//2447
f 7589//2447 4455//2447 1213//2447 4454//2447
f 4461//2446 7589//2446 4454//2446 1216//2446
f 1221//2450 4464//2450 7590//2450 4463//2450
f 4464//2451 1222//2451 4465//2451 7590//2451
f 7590//2460 4465//2460 1218//2460 4456//2460
f 4463//2461 7590//2461 4456//2461 1217//2461
f 1222//2454 4466//2454 7591//2454 4465//2454
f 4466//2453 1223//2453 4467//2453 7591//2453
f 7591//2453 4467//2453 1219//2453 4458//2453
f 4465//2452 7591//2452 4458//2452 1218//2452
f 1223//2445 4468//2445 7592//2445 4467//2445
f 4468//2443 1224//2443 4469//2443 7592//2443
f 7592//2458 4469//2458 1220//2458 4460//2458
f 4467//2445 7592//2445 4460//2445 1219//2445
f 1224//2446 4470//2446 7593//2446 4469//2446
f 4470//2447 1221//2447 4463//2447 7593//2447
f 7593//2447 4463//2447 1217//2447 4462//2447
f 4469//2459 7593//2459 4462//2459 1220//2459
f 1225//2450 4472//2450 7594//2450 4471//2450
f 4472//2451 1226//2451 4473//2451 7594//2451
f 7594//2451 4473//2451 1222//2451 4464//2451
f 4471//2450 7594//2450 4464//2450 1221//2450
f 1226//2452 4474//2452 7595//2452 4473//2452
f 4474//2453 1227//2453 4475//2453 7595//2453
f 7595//2453 4475//2453 1223//2453 4466//2453
f 4473//2452 7595//2452 4466//2452 1222//2452
f 1227//2445 4476//2445 7596//2445 4475//2445
f 4476//2443 1228//2443 4477//2443 7596//2443
f 7596//2462 4477//2462 1224//2462 4468//2462
f 4475//2445 7596//2445 4468//2445 1223//2445
f 1228//2446 4478//2446 7597//2446 4477//2446
f 4478//2463 1225//2463 4471//2463 7597//2463
f 7597//2447 4471//2447 1221//2447 4470//2447
f 4477//2446 7597//2446 4470//2446 1224//2446
f 1229//2450 4480//2450 7598//2450 4479//2450
f 4480//2464 1230//2464 4481//2464 7598//2464
f 7598//2451 4481//2451 1226//2451 4472//2451
f 4479//2450 7598//2450 4472//2450 1225//2450
f 1230//2452 4482//2452 7599//2452 4481//2452
f 4482//2453 1231//2453 4483//2453 7599//2453
f 7599//2453 4483//2453 1227//2453 4474//2453
f 4481//2454 7599//2454 4474//2454 1226//2454
f 1231//2445 4484//2445 7600//2445 4483//2445
f 4484//2458 1232//2458 4485//2458 7600//2458
f 7600//2457 4485//2457 1228//2457 4476//2457
f 4483//2456 7600//2456 4476//2456 1227//2456
f 1232//2446 4486//2446 7601//2446 4485//2446
f 4486//2447 1229//2447 4479//2447 7601//2447
f 7601//2447 4479//2447 1225//2447 4478//2447
f 4485//2446 7601//2446 4478//2446 1228//2446
f 1233//2465 4488//2465 7602//2465 4487//2465
f 4488//2466 1234//2466 4489//2466 7602//2466
f 7602//2451 4489//2451 1230//2451 4480//2451
f 4487//2450 7602//2450 4480//2450 1229//2450
f 1234//2452 4490//2452 7603//2452 4489//2452
f 4490//2453 1235//2453 4491//2453 7603//2453
f 7603//2453 4491//2453 1231//2453 4482//2453
f 4489//2452 7603//2452 4482//2452 1230//2452
f 1235//2442 4492//2442 7604//2442 4491//2442
f 4492//2443 1236//2443 4493//2443 7604//2443
f 7604//2443 4493//2443 1232//2443 4484//2443
f 4491//2467 7604//2467 4484//2467 1231//2467
f 1236//2446 4494//2446 7605//2446 4493//2446
f 4494//2463 1233//2463 4487//2463 7605//2463
f 7605//2447 4487//2447 1229//2447 4486//2447
f 4493//2446 7605//2446 4486//2446 1232//2446
f 1237//2461 4496//2461 7606//2461 4495//2461
f 4496//2451 1238//2451 4497//2451 7606//2451
f 7606//2451 4497//2451 1234//2451 4488//2451
f 4495//2461 7606//2461 4488//2461 1233//2461
f 1238//2452 4498//2452 7607//2452 4497//2452
f 4498//2453 1239//2453 4499//2453 7607//2453
f 7607//2453 4499//2453 1235//2453 4490//2453
f 4497//2454 7607//2454 4490//2454 1234//2454
f 1239//2467 4500//2467 7608//2467 4499//2467
f 4500//2457 1240//2457 4501//2457 7608//2457
f 7608//2443 4501//2443 1236//2443 4492//2443
f 4499//2455 7608//2455 4492//2455 1235//2455
f 1240//2446 4502//2446 7609//2446 4501//2446
f 4502//2447 1237//2447 4495//2447 7609//2447
f 7609//2447 4495//2447 1233//2447 4494//2447
f 4501//2446 7609//2446 4494//2446 1236//2446
f 1241//2450 4504//2450 7610//2450 4503//2450
f 4504//2451 1242//2451 4505//2451 7610//2451
f 7610//2451 4505//2451 1238//2451 4496//2451
f 4503//2461 7610//2461 4496//2461 1237//2461
f 1242//2452 4506//2452 7611//2452 4505//2452
f 4506//2453 1243//2453 4507//2453 7611//2453
f 7611//2439 4507//2439 1239//2439 4498//2439
f 4505//2452 7611//2452 4498//2452 1238//2452
f 1243//2442 4508//2442 7612//2442 4507//2442
f 4508//2443 1244//2443 4509//2443 7612//2443
f 7612//2443 4509//2443 1240//2443 4500//2443
f 4507//2442 7612//2442 4500//2442 1239//2442
f 1244//2468 4510//2468 7613//2468 4509//2468
f 4510//2447 1241//2447 4503//2447 7613//2447
f 7613//2447 4503//2447 1237//2447 4502//2447
f 4509//2468 7613//2468 4502//2468 1240//2468
f 109//2469 2154//2469 7614//2469 4511//2469
f 2154//2470 110//2470 4512//2470 7614//2470
f 7614//2471 4512//2471 1242//2471 4504//2471
f 4511//2472 7614//2472 4504//2472 1241//2472
f 110//2473 2165//2473 7615//2473 4512//2473
f 2165//2474 111//2474 4513//2474 7615//2474
f 7615//2475 4513//2475 1243//2475 4506//2475
f 4512//2476 7615//2476 4506//2476 1242//2476
f 111//2477 2168//2477 7616//2477 4513//2477
f 2168//2478 112//2478 4514//2478 7616//2478
f 7616//2479 4514//2479 1244//2479 4508//2479
f 4513//2480 7616//2480 4508//2480 1243//2480
f 112//2481 2174//2481 7617//2481 4514//2481
f 2174//2482 109//2482 4511//2482 7617//2482
f 7617//2483 4511//2483 1241//2483 4510//2483
f 4514//2484 7617//2484 4510//2484 1244//2484
f 1248//2485 4516//2485 7618//2485 4515//2485
f 4516//2486 1249//2486 4517//2486 7618//2486
f 7618//2487 4517//2487 1245//2487 2216//2487
f 4515//2488 7618//2488 2216//2488 400//2488
f 1249//2489 4518//2489 7619//2489 4517//2489
f 4518//2490 1250//2490 4519//2490 7619//2490
f 7619//2491 4519//2491 1246//2491 2213//2491
f 4517//2492 7619//2492 2213//2492 1245//2492
f 1250//2493 4520//2493 7620//2493 4519//2493
f 4520//2494 1251//2494 4521//2494 7620//2494
f 7620//2495 4521//2495 1247//2495 2215//2495
f 4519//2496 7620//2496 2215//2496 1246//2496
f 1251//2497 4522//2497 7621//2497 4521//2497
f 4522//2498 1248//2498 4515//2498 7621//2498
f 7621//2499 4515//2499 400//2499 2160//2499
f 4521//2500 7621//2500 2160//2500 1247//2500
f 1252//2501 4524//2501 7622//2501 4523//2501
f 4524//2502 1253//2502 4525//2502 7622//2502
f 7622//2503 4525//2503 1249//2503 4516//2503
f 4523//2504 7622//2504 4516//2504 1248//2504
f 1253//2505 4526//2505 7623//2505 4525//2505
f 4526//2506 1254//2506 4527//2506 7623//2506
f 7623//2507 4527//2507 1250//2507 4518//2507
f 4525//2508 7623//2508 4518//2508 1249//2508
f 1254//2509 4528//2509 7624//2509 4527//2509
f 4528//2510 1255//2510 4529//2510 7624//2510
f 7624//2511 4529//2511 1251//2511 4520//2511
f 4527//2512 7624//2512 4520//2512 1250//2512
f 1255//2513 4530//2513 7625//2513 4529//2513
f 4530//2514 1252//2514 4523//2514 7625//2514
f 7625//2515 4523//2515 1248//2515 4522//2515
f 4529//2516 7625//2516 4522//2516 1251//2516
f 113//2517 4532//2517 7626//2517 4531//2517
f 4532//2518 114//2518 4533//2518 7626//2518
f 7626//2519 4533//2519 1253//2519 4524//2519
f 4531//2520 7626//2520 4524//2520 1252//2520
f 114//2521 4534//2521 7627//2521 4533//2521
f 4534//2522 115//2522 4535//2522 7627//2522
f 7627//2523 4535//2523 1254//2523 4526//2523
f 4533//2524 7627//2524 4526//2524 1253//2524
f 115//2525 4536//2525 7628//2525 4535//2525
f 4536//2526 116//2526 4537//2526 7628//2526
f 7628//2527 4537//2527 1255//2527 4528//2527
f 4535//2528 7628//2528 4528//2528 1254//2528
f 116//2529 4538//2529 7629//2529 4537//2529
f 4538//2530 113//2530 4531//2530 7629//2530
f 7629//2531 4531//2531 1252//2531 4530//2531
f 4537//2532 7629//2532 4530//2532 1255//2532
f 1256//2533 4540//2533 7630//2533 4539//2533
f 4540//2534 1257//2534 4541//2534 7630//2534
f 7630//2535 4541//2535 114//2535 4532//2535
f 4539//2536 7630//2536 4532//2536 113//2536
f 1257//2537 4542//2537 7631//2537 4541//2537
f 4542//2538 1258//2538 4543//2538 7631//2538
f 7631//2539 4543//2539 115//2539 4534//2539
f 4541//2540 7631//2540 4534//2540 114//2540
f 1258//2541 4544//2541 7632//2541 4543//2541
f 4544//2542 1259//2542 4545//2542 7632//2542
f 7632//2543 4545//2543 116//2543 4536//2543
f 4543//2544 7632//2544 4536//2544 115//2544
f 1259//2545 4546//2545 7633//2545 4545//2545
f 4546//2546 1256//2546 4539//2546 7633//2546
f 7633//2547 4539//2547 113//2547 4538//2547
f 4545//2548 7633//2548 4538//2548 116//2548
f 1260//2549 4548//2549 7634//2549 4547//2549
f 4548//2550 1261//2550 4549//2550 7634//2550
f 7634//2551 4549//2551 1257//2551 4540//2551
f 4547//2552 7634//2552 4540//2552 1256//2552
f 1261//2553 4550//2553 7635//2553 4549//2553
f 4550//2554 1262//2554 4551//2554 7635//2554
f 7635//2555 4551//2555 1258//2555 4542//2555
f 4549//2556 7635//2556 4542//2556 1257//2556
f 1262//2557 4552//2557 7636//2557 4551//2557
f 4552//2558 1263//2558 4553//2558 7636//2558
f 7636//2559 4553//2559 1259//2559 4544//2559
f 4551//2560 7636//2560 4544//2560 1258//2560
f 1263//2561 4554//2561 7637//2561 4553//2561
f 4554//2562 1260//2562 4547//2562 7637//2562
f 7637//2563 4547//2563 1256//2563 4546//2563
f 4553//2564 7637//2564 4546//2564 1259//2564
f 1264//2565 4556//2565 7638//2565 4555//2565
f 4556//2566 1265//2566 4557//2566 7638//2566
f 7638//2567 4557//2567 1261//2567 4548//2567
f 4555//2565 7638//2565 4548//2565 1260//2565
f 1265//2568 4558//2568 7639//2568 4557//2568
f 4558//2554 1266//2554 4559//2554 7639//2554
f 7639//2554 4559//2554 1262//2554 4550//2554
f 4557//2568 7639//2568 4550//2568 1261//2568
f 1266//2569 4560//2569 7640//2569 4559//2569
f 4560//2570 1267//2570 4561//2570 7640//2570
f 7640//2571 4561//2571 1263//2571 4552//2571
f 4559//2569 7640//2569 4552//2569 1262//2569
f 1267//2572 4562//2572 7641//2572 4561//2572
f 4562//2562 1264//2562 4555//2562 7641//2562
f 7641//2562 4555//2562 1260//2562 4554//2562
f 4561//2572 7641//2572 4554//2572 1263//2572
f 1268//2573 4564//2573 7642//2573 4563//2573
f 4564//2566 1269//2566 4565//2566 7642//2566
f 7642//2567 4565//2567 1265//2567 4556//2567
f 4563//2565 7642//2565 4556//2565 1264//2565
f 1269//2568 4566//2568 7643//2568 4565//2568
f 4566//2554 1270//2554 4567//2554 7643//2554
f 7643//2554 4567//2554 1266//2554 4558//2554
f 4565//2568 7643//2568 4558//2568 1265//2568
f 1270//2557 4568//2557 7644//2557 4567//2557
f 4568//2570 1271//2570 4569//2570 7644//2570
f 7644//2571 4569//2571 1267//2571 4560//2571
f 4567//2569 7644//2569 4560//2569 1266//2569
f 1271//2572 4570//2572 7645//2572 4569//2572
f 4570//2562 1268//2562 4563//2562 7645//2562
f 7645//2562 4563//2562 1264//2562 4562//2562
f 4569//2572 7645//2572 4562//2572 1267//2572
f 1272//2573 4572//2573 7646//2573 4571//2573
f 4572//2566 1273//2566 4573//2566 7646//2566
f 7646//2566 4573//2566 1269//2566 4564//2566
f 4571//2565 7646//2565 4564//2565 1268//2565
f 1273//2568 4574//2568 7647//2568 4573//2568
f 4574//2554 1274//2554 4575//2554 7647//2554
f 7647//2554 4575//2554 1270//2554 4566//2554
f 4573//2568 7647//2568 4566//2568 1269//2568
f 1274//2569 4576//2569 7648//2569 4575//2569
f 4576//2570 1275//2570 4577//2570 7648//2570
f 7648//2570 4577//2570 1271//2570 4568//2570
f 4575//2569 7648//2569 4568//2569 1270//2569
f 1275//2572 4578//2572 7649//2572 4577//2572
f 4578//2562 1272//2562 4571//2562 7649//2562
f 7649//2562 4571//2562 1268//2562 4570//2562
f 4577//2572 7649//2572 4570//2572 1271//2572
f 1276//2574 4580//2574 7650//2574 4579//2574
f 4580//2575 1277//2575 4581//2575 7650//2575
f 7650//2576 4581//2576 1273//2576 4572//2576
f 4579//2577 7650//2577 4572//2577 1272//2577
f 1277//2578 4582//2578 7651//2578 4581//2578
f 4582//2579 1278//2579 4583//2579 7651//2579
f 7651//2580 4583//2580 1274//2580 4574//2580
f 4581//2581 7651//2581 4574//2581 1273//2581
f 1278//2582 4584//2582 7652//2582 4583//2582
f 4584//2583 1279//2583 4585//2583 7652//2583
f 7652//2584 4585//2584 1275//2584 4576//2584
f 4583//2585 7652//2585 4576//2585 1274//2585
f 1279//2586 4586//2586 7653//2586 4585//2586
f 4586//2587 1276//2587 4579//2587 7653//2587
f 7653//2588 4579//2588 1272//2588 4578//2588
f 4585//2589 7653//2589 4578//2589 1275//2589
f 117//2590 4588//2590 7654//2590 4587//2590
f 4588//2591 118//2591 4589//2591 7654//2591
f 7654//2592 4589//2592 1277//2592 4580//2592
f 4587//2593 7654//2593 4580//2593 1276//2593
f 118//2594 4590//2594 7655//2594 4589//2594
f 4590//2595 119//2595 4591//2595 7655//2595
f 7655//2596 4591//2596 1278//2596 4582//2596
f 4589//2597 7655//2597 4582//2597 1277//2597
f 119//2598 4592//2598 7656//2598 4591//2598
f 4592//2599 120//2599 4593//2599 7656//2599
f 7656//2600 4593//2600 1279//2600 4584//2600
f 4591//2601 7656//2601 4584//2601 1278//2601
f 120//2602 4594//2602 7657//2602 4593//2602
f 4594//2603 117//2603 4587//2603 7657//2603
f 7657//2604 4587//2604 1276//2604 4586//2604
f 4593//2605 7657//2605 4586//2605 1279//2605
f 1280//2606 4596//2606 7658//2606 4595//2606
f 4596//2607 1281//2607 4597//2607 7658//2607
f 7658//2608 4597//2608 118//2608 4588//2608
f 4595//2609 7658//2609 4588//2609 117//2609
f 1281//2610 4598//2610 7659//2610 4597//2610
f 4598//2611 1282//2611 4599//2611 7659//2611
f 7659//2612 4599//2612 119//2612 4590//2612
f 4597//2613 7659//2613 4590//2613 118//2613
f 1282//2614 4600//2614 7660//2614 4599//2614
f 4600//2615 1283//2615 4601//2615 7660//2615
f 7660//2616 4601//2616 120//2616 4592//2616
f 4599//2617 7660//2617 4592//2617 119//2617
f 1283//2618 4602//2618 7661//2618 4601//2618
f 4602//2619 1280//2619 4595//2619 7661//2619
f 7661//2620 4595//2620 117//2620 4594//2620
f 4601//2621 7661//2621 4594//2621 120//2621
f 1284//2622 4604//2622 7662//2622 4603//2622
f 4604//2623 1285//2623 4605//2623 7662//2623
f 7662//2624 4605//2624 1281//2624 4596//2624
f 4603//2625 7662//2625 4596//2625 1280//2625
f 1285//2626 4606//2626 7663//2626 4605//2626
f 4606//2627 1286//2627 4607//2627 7663//2627
f 7663//2628 4607//2628 1282//2628 4598//2628
f 4605//2629 7663//2629 4598//2629 1281//2629
f 1286//2630 4608//2630 7664//2630 4607//2630
f 4608//2631 1287//2631 4609//2631 7664//2631
f 7664//2632 4609//2632 1283//2632 4600//2632
f 4607//2633 7664//2633 4600//2633 1282//2633
f 1287//2634 4610//2634 7665//2634 4609//2634
f 4610//2635 1284//2635 4603//2635 7665//2635
f 7665//2636 4603//2636 1280//2636 4602//2636
f 4609//2637 7665//2637 4602//2637 1283//2637
f 1288//2638 4612//2638 7666//2638 4611//2638
f 4612//2639 1289//2639 4613//2639 7666//2639
f 7666//2640 4613//2640 1285//2640 4604//2640
f 4611//2638 7666//2638 4604//2638 1284//2638
f 1289//2641 4614//2641 7667//2641 4613//2641
f 4614//2642 1290//2642 4615//2642 7667//2642
f 7667//2643 4615//2643 1286//2643 4606//2643
f 4613//2644 7667//2644 4606//2644 1285//2644
f 1290//2645 4616//2645 7668//2645 4615//2645
f 4616//2646 1291//2646 4617//2646 7668//2646
f 7668//2646 4617//2646 1287//2646 4608//2646
f 4615//2645 7668//2645 4608//2645 1286//2645
f 1291//2647 4618//2647 7669//2647 4617//2647
f 4618//2648 1288//2648 4611//2648 7669//2648
f 7669//2649 4611//2649 1284//2649 4610//2649
f 4617//2647 7669//2647 4610//2647 1287//2647
f 1292//2638 4620//2638 7670//2638 4619//2638
f 4620//2650 1293//2650 4621//2650 7670//2650
f 7670//2650 4621//2650 1289//2650 4612//2650
f 4619//2651 7670//2651 4612//2651 1288//2651
f 1293//2641 4622//2641 7671//2641 4621//2641
f 4622//2642 1294//2642 4623//2642 7671//2642
f 7671//2642 4623//2642 1290//2642 4614//2642
f 4621//2652 7671//2652 4614//2652 1289//2652
f 1294//2653 4624//2653 7672//2653 4623//2653
f 4624//2654 1295//2654 4625//2654 7672//2654
f 7672//2646 4625//2646 1291//2646 4616//2646
f 4623//2645 7672//2645 4616//2645 1290//2645
f 1295//2655 4626//2655 7673//2655 4625//2655
f 4626//2649 1292//2649 4619//2649 7673//2649
f 7673//2649 4619//2649 1288//2649 4618//2649
f 4625//2647 7673//2647 4618//2647 1291//2647
f 121//2656 2449//2656 7674//2656 4627//2656
f 2449//2657 122//2657 4628//2657 7674//2657
f 7674//2658 4628//2658 1293//2658 4620//2658
f 4627//2659 7674//2659 4620//2659 1292//2659
f 122//2660 2457//2660 7675//2660 4628//2660
f 2457//2661 123//2661 4629//2661 7675//2661
f 7675//2662 4629//2662 1294//2662 4622//2662
f 4628//2663 7675//2663 4622//2663 1293//2663
f 123//2664 2477//2664 7676//2664 4629//2664
f 2477//2665 124//2665 4630//2665 7676//2665
f 7676//2666 4630//2666 1295//2666 4624//2666
f 4629//2667 7676//2667 4624//2667 1294//2667
f 124//2668 2484//2668 7677//2668 4630//2668
f 2484//2669 121//2669 4627//2669 7677//2669
f 7677//2670 4627//2670 1292//2670 4626//2670
f 4630//2671 7677//2671 4626//2671 1295//2671
f 1300//2672 4632//2672 7678//2672 4631//2672
f 4632//2673 1301//2673 4633//2673 7678//2673
f 7678//2674 4633//2674 1297//2674 2291//2674
f 4631//2675 7678//2675 2291//2675 1296//2675
f 1301//2676 4634//2676 7679//2676 4633//2676
f 4634//2677 1302//2677 4635//2677 7679//2677
f 7679//2678 4635//2678 1298//2678 2266//2678
f 4633//2679 7679//2679 2266//2679 1297//2679
f 1302//2680 4636//2680 7680//2680 4635//2680
f 4636//2681 1303//2681 4637//2681 7680//2681
f 7680//2682 4637//2682 1299//2682 2274//2682
f 4635//2683 7680//2683 2274//2683 1298//2683
f 1303//2684 4638//2684 7681//2684 4637//2684
f 4638//2685 1300//2685 4631//2685 7681//2685
f 7681//2686 4631//2686 1296//2686 2292//2686
f 4637//2687 7681//2687 2292//2687 1299//2687
f 1304//2688 4640//2688 7682//2688 4639//2688
f 4640//2689 1305//2689 4641//2689 7682//2689
f 7682//2690 4641//2690 1301//2690 4632//2690
f 4639//2691 7682//2691 4632//2691 1300//2691
f 1305//2692 4642//2692 7683//2692 4641//2692
f 4642//2693 1306//2693 4643//2693 7683//2693
f 7683//2694 4643//2694 1302//2694 4634//2694
f 4641//2695 7683//2695 4634//2695 1301//2695
f 1306//2696 4644//2696 7684//2696 4643//2696
f 4644//2697 1307//2697 4645//2697 7684//2697
f 7684//2698 4645//2698 1303//2698 4636//2698
f 4643//2699 7684//2699 4636//2699 1302//2699
f 1307//2700 4646//2700 7685//2700 4645//2700
f 4646//2701 1304//2701 4639//2701 7685//2701
f 7685//2702 4639//2702 1300//2702 4638//2702
f 4645//2703 7685//2703 4638//2703 1303//2703
f 125//2704 4648//2704 7686//2704 4647//2704
f 4648//2705 126//2705 4649//2705 7686//2705
f 7686//2706 4649//2706 1305//2706 4640//2706
f 4647//2707 7686//2707 4640//2707 1304//2707
f 126//2708 4650//2708 7687//2708 4649//2708
f 4650//2709 127//2709 4651//2709 7687//2709
f 7687//2710 4651//2710 1306//2710 4642//2710
f 4649//2711 7687//2711 4642//2711 1305//2711
f 127//2712 4652//2712 7688//2712 4651//2712
f 4652//2713 128//2713 4653//2713 7688//2713
f 7688//2714 4653//2714 1307//2714 4644//2714
f 4651//2715 7688//2715 4644//2715 1306//2715
f 128//2716 4654//2716 7689//2716 4653//2716
f 4654//2717 125//2717 4647//2717 7689//2717
f 7689//2718 4647//2718 1304//2718 4646//2718
f 4653//2719 7689//2719 4646//2719 1307//2719
f 1308//2720 4656//2720 7690//2720 4655//2720
f 4656//2721 1309//2721 4657//2721 7690//2721
f 7690//2722 4657//2722 126//2722 4648//2722
f 4655//2723 7690//2723 4648//2723 125//2723
f 1309//2724 4658//2724 7691//2724 4657//2724
f 4658//2725 1310//2725 4659//2725 7691//2725
f 7691//2726 4659//2726 127//2726 4650//2726
f 4657//2727 7691//2727 4650//2727 126//2727
f 1310//2728 4660//2728 7692//2728 4659//2728
f 4660//2729 1311//2729 4661//2729 7692//2729
f 7692//2730 4661//2730 128//2730 4652//2730
f 4659//2731 7692//2731 4652//2731 127//2731
f 1311//2732 4662//2732 7693//2732 4661//2732
f 4662//2733 1308//2733 4655//2733 7693//2733
f 7693//2734 4655//2734 125//2734 4654//2734
f 4661//2735 7693//2735 4654//2735 128//2735
f 1312//2736 4664//2736 7694//2736 4663//2736
f 4664//2737 1313//2737 4665//2737 7694//2737
f 7694//2738 4665//2738 1309//2738 4656//2738
f 4663//2739 7694//2739 4656//2739 1308//2739
f 1313//2740 4666//2740 7695//2740 4665//2740
f 4666//2741 1314//2741 4667//2741 7695//2741
f 7695//2742 4667//2742 1310//2742 4658//2742
f 4665//2743 7695//2743 4658//2743 1309//2743
f 1314//2744 4668//2744 7696//2744 4667//2744
f 4668//2745 1315//2745 4669//2745 7696//2745
f 7696//2746 4669//2746 1311//2746 4660//2746
f 4667//2747 7696//2747 4660//2747 1310//2747
f 1315//2748 4670//2748 7697//2748 4669//2748
f 4670//2749 1312//2749 4663//2749 7697//2749
f 7697//2750 4663//2750 1308//2750 4662//2750
f 4669//2751 7697//2751 4662//2751 1311//2751
f 1316//2752 4672//2752 7698//2752 4671//2752
f 4672//2753 1317//2753 4673//2753 7698//2753
f 7698//2737 4673//2737 1313//2737 4664//2737
f 4671//2754 7698//2754 4664//2754 1312//2754
f 1317//2755 4674//2755 7699//2755 4673//2755
f 4674//2756 1318//2756 4675//2756 7699//2756
f 7699//2756 4675//2756 1314//2756 4666//2756
f 4673//2755 7699//2755 4666//2755 1313//2755
f 1318//2757 4676//2757 7700//2757 4675//2757
f 4676//2758 1319//2758 4677//2758 7700//2758
f 7700//2758 4677//2758 1315//2758 4668//2758
f 4675//2759 7700//2759 4668//2759 1314//2759
f 1319//2760 4678//2760 7701//2760 4677//2760
f 4678//2761 1316//2761 4671//2761 7701//2761
f 7701//2762 4671//2762 1312//2762 4670//2762
f 4677//2760 7701//2760 4670//2760 1315//2760
f 1320//2763 4680//2763 7702//2763 4679//2763
f 4680//2737 1321//2737 4681//2737 7702//2737
f 7702//2753 4681//2753 1317//2753 4672//2753
f 4679//2763 7702//2763 4672//2763 1316//2763
f 1321//2755 4682//2755 7703//2755 4681//2755
f 4682//2756 1322//2756 4683//2756 7703//2756
f 7703//2764 4683//2764 1318//2764 4674//2764
f 4681//2755 7703//2755 4674//2755 1317//2755
f 1322//2765 4684//2765 7704//2765 4683//2765
f 4684//2766 1323//2766 4685//2766 7704//2766
f 7704//2767 4685//2767 1319//2767 4676//2767
f 4683//2759 7704//2759 4676//2759 1318//2759
f 1323//2760 4686//2760 7705//2760 4685//2760
f 4686//2761 1320//2761 4679//2761 7705//2761
f 7705//2762 4679//2762 1316//2762 4678//2762
f 4685//2760 7705//2760 4678//2760 1319//2760
f 1324//2768 4688//2768 7706//2768 4687//2768
f 4688//2753 1325//2753 4689//2753 7706//2753
f 7706//2753 4689//2753 1321//2753 4680//2753
f 4687//2763 7706//2763 4680//2763 1320//2763
f 1325//2755 4690//2755 7707//2755 4689//2755
f 4690//2756 1326//2756 4691//2756 7707//2756
f 7707//2756 4691//2756 1322//2756 4682//2756
f 4689//2769 7707//2769 4682//2769 1321//2769
f 1326//2770 4692//2770 7708//2770 4691//2770
f 4692//2766 1327//2766 4693//2766 7708//2766
f 7708//2766 4693//2766 1323//2766 4684//2766
f 4691//2770 7708//2770 4684//2770 1322//2770
f 1327//2760 4694//2760 7709//2760 4693//2760
f 4694//2761 1324//2761 4687//2761 7709//2761
f 7709//2761 4687//2761 1320//2761 4686//2761
f 4693//2760 7709//2760 4686//2760 1323//2760
f 1328//2763 4696//2763 7710//2763 4695//2763
f 4696//2737 1329//2737 4697//2737 7710//2737
f 7710//2737 4697//2737 1325//2737 4688//2737
f 4695//2768 7710//2768 4688//2768 1324//2768
f 1329//2755 4698//2755 7711//2755 4697//2755
f 4698//2756 1330//2756 4699//2756 7711//2756
f 7711//2756 4699//2756 1326//2756 4690//2756
f 4697//2755 7711//2755 4690//2755 1325//2755
f 1330//2771 4700//2771 7712//2771 4699//2771
f 4700//2767 1331//2767 4701//2767 7712//2767
f 7712//2766 4701//2766 1327//2766 4692//2766
f 4699//2759 7712//2759 4692//2759 1326//2759
f 1331//2760 4702//2760 7713//2760 4701//2760
f 4702//2762 1328//2762 4695//2762 7713//2762
f 7713//2762 4695//2762 1324//2762 4694//2762
f 4701//2760 7713//2760 4694//2760 1327//2760
f 1332//2754 4704//2754 7714//2754 4703//2754
f 4704//2737 1333//2737 4705//2737 7714//2737
f 7714//2753 4705//2753 1329//2753 4696//2753
f 4703//2772 7714//2772 4696//2772 1328//2772
f 1333//2773 4706//2773 7715//2773 4705//2773
f 4706//2764 1334//2764 4707//2764 7715//2764
f 7715//2764 4707//2764 1330//2764 4698//2764
f 4705//2755 7715//2755 4698//2755 1329//2755
f 1334//2759 4708//2759 7716//2759 4707//2759
f 4708//2766 1335//2766 4709//2766 7716//2766
f 7716//2766 4709//2766 1331//2766 4700//2766
f 4707//2771 7716//2771 4700//2771 1330//2771
f 1335//2760 4710//2760 7717//2760 4709//2760
f 4710//2762 1332//2762 4703//2762 7717//2762
f 7717//2761 4703//2761 1328//2761 4702//2761
f 4709//2774 7717//2774 4702//2774 1331//2774
f 1336//2772 4712//2772 7718//2772 4711//2772
f 4712//2737 1337//2737 4713//2737 7718//2737
f 7718//2775 4713//2775 1333//2775 4704//2775
f 4711//2776 7718//2776 4704//2776 1332//2776
f 1337//2755 4714//2755 7719//2755 4713//2755
f 4714//2756 1338//2756 4715//2756 7719//2756
f 7719//2764 4715//2764 1334//2764 4706//2764
f 4713//2755 7719//2755 4706//2755 1333//2755
f 1338//2771 4716//2771 7720//2771 4715//2771
f 4716//2758 1339//2758 4717//2758 7720//2758
f 7720//2767 4717//2767 1335//2767 4708//2767
f 4715//2770 7720//2770 4708//2770 1334//2770
f 1339//2760 4718//2760 7721//2760 4717//2760
f 4718//2762 1336//2762 4711//2762 7721//2762
f 7721//2761 4711//2761 1332//2761 4710//2761
f 4717//2760 7721//2760 4710//2760 1335//2760
f 1340//2763 4720//2763 7722//2763 4719//2763
f 4720//2737 1341//2737 4721//2737 7722//2737
f 7722//2777 4721//2777 1337//2777 4712//2777
f 4719//2768 7722//2768 4712//2768 1336//2768
f 1341//2755 4722//2755 7723//2755 4721//2755
f 4722//2756 1342//2756 4723//2756 7723//2756
f 7723//2756 4723//2756 1338//2756 4714//2756
f 4721//2769 7723//2769 4714//2769 1337//2769
f 1342//2771 4724//2771 7724//2771 4723//2771
f 4724//2767 1343//2767 4725//2767 7724//2767
f 7724//2767 4725//2767 1339//2767 4716//2767
f 4723//2757 7724//2757 4716//2757 1338//2757
f 1343//2760 4726//2760 7725//2760 4725//2760
f 4726//2762 1340//2762 4719//2762 7725//2762
f 7725//2762 4719//2762 1336//2762 4718//2762
f 4725//2774 7725//2774 4718//2774 1339//2774
f 1344//2772 4728//2772 7726//2772 4727//2772
f 4728//2737 1345//2737 4729//2737 7726//2737
f 7726//2737 4729//2737 1341//2737 4720//2737
f 4727//2763 7726//2763 4720//2763 1340//2763
f 1345//2755 4730//2755 7727//2755 4729//2755
f 4730//2756 1346//2756 4731//2756 7727//2756
f 7727//2756 4731//2756 1342//2756 4722//2756
f 4729//2769 7727//2769 4722//2769 1341//2769
f 1346//2771 4732//2771 7728//2771 4731//2771
f 4732//2758 1347//2758 4733//2758 7728//2758
f 7728//2758 4733//2758 1343//2758 4724//2758
f 4731//2770 7728//2770 4724//2770 1342//2770
f 1347//2760 4734//2760 7729//2760 4733//2760
f 4734//2761 1344//2761 4727//2761 7729//2761
f 7729//2762 4727//2762 1340//2762 4726//2762
f 4733//2760 7729//2760 4726//2760 1343//2760
f 1348//2754 4736//2754 7730//2754 4735//2754
f 4736//2737 1349//2737 4737//2737 7730//2737
f 7730//2753 4737//2753 1345//2753 4728//2753
f 4735//2763 7730//2763 4728//2763 1344//2763
f 1349//2755 4738//2755 7731//2755 4737//2755
f 4738//2764 1350//2764 4739//2764 7731//2764
f 7731//2756 4739//2756 1346//2756 4730//2756
f 4737//2755 7731//2755 4730//2755 1345//2755
f 1350//2778 4740//2778 7732//2778 4739//2778
f 4740//2767 1351//2767 4741//2767 7732//2767
f 7732//2767 4741//2767 1347//2767 4732//2767
f 4739//2765 7732//2765 4732//2765 1346//2765
f 1351//2760 4742//2760 7733//2760 4741//2760
f 4742//2761 1348//2761 4735//2761 7733//2761
f 7733//2762 4735//2762 1344//2762 4734//2762
f 4741//2760 7733//2760 4734//2760 1347//2760
f 1352//2772 4744//2772 7734//2772 4743//2772
f 4744//2777 1353//2777 4745//2777 7734//2777
f 7734//2737 4745//2737 1349//2737 4736//2737
f 4743//2763 7734//2763 4736//2763 1348//2763
f 1353//2755 4746//2755 7735//2755 4745//2755
f 4746//2764 1354//2764 4747//2764 7735//2764
f 7735//2764 4747//2764 1350//2764 4738//2764
f 4745//2773 7735//2773 4738//2773 1349//2773
f 1354//2771 4748//2771 7736//2771 4747//2771
f 4748//2767 1355//2767 4749//2767 7736//2767
f 7736//2766 4749//2766 1351//2766 4740//2766
f 4747//2770 7736//2770 4740//2770 1350//2770
f 1355//2760 4750//2760 7737//2760 4749//2760
f 4750//2761 1352//2761 4743//2761 7737//2761
f 7737//2761 4743//2761 1348//2761 4742//2761
f 4749//2760 7737//2760 4742//2760 1351//2760
f 129//2779 2486//2779 7738//2779 4751//2779
f 2486//2780 130//2780 4752//2780 7738//2780
f 7738//2781 4752//2781 1353//2781 4744//2781
f 4751//2782 7738//2782 4744//2782 1352//2782
f 130//2783 2485//2783 7739//2783 4752//2783
f 2485//2784 131//2784 4753//2784 7739//2784
f 7739//2785 4753//2785 1354//2785 4746//2785
f 4752//2786 7739//2786 4746//2786 1353//2786
f 131//2787 2433//2787 7740//2787 4753//2787
f 2433//2788 132//2788 4754//2788 7740//2788
f 7740//2789 4754//2789 1355//2789 4748//2789
f 4753//2790 7740//2790 4748//2790 1354//2790
f 132//2791 2441//2791 7741//2791 4754//2791
f 2441//2792 129//2792 4751//2792 7741//2792
f 7741//2793 4751//2793 1352//2793 4750//2793
f 4754//2794 7741//2794 4750//2794 1355//2794
f 1360//2795 4756//2795 7742//2795 4755//2795
f 4756//2796 1361//2796 4757//2796 7742//2796
f 7742//2797 4757//2797 1357//2797 2247//2797
f 4755//2798 7742//2798 2247//2798 1356//2798
f 1361//2799 4758//2799 7743//2799 4757//2799
f 4758//2800 1362//2800 4759//2800 7743//2800
f 7743//2801 4759//2801 1358//2801 2225//2801
f 4757//2802 7743//2802 2225//2802 1357//2802
f 1362//2803 4760//2803 7744//2803 4759//2803
f 4760//2804 1363//2804 4761//2804 7744//2804
f 7744//2805 4761//2805 1359//2805 2249//2805
f 4759//2806 7744//2806 2249//2806 1358//2806
f 1363//2807 4762//2807 7745//2807 4761//2807
f 4762//2808 1360//2808 4755//2808 7745//2808
f 7745//2809 4755//2809 1356//2809 2248//2809
f 4761//2810 7745//2810 2248//2810 1359//2810
f 1364//2811 4764//2811 7746//2811 4763//2811
f 4764//2812 1365//2812 4765//2812 7746//2812
f 7746//2813 4765//2813 1361//2813 4756//2813
f 4763//2814 7746//2814 4756//2814 1360//2814
f 1365//2815 4766//2815 7747//2815 4765//2815
f 4766//2816 1366//2816 4767//2816 7747//2816
f 7747//2817 4767//2817 1362//2817 4758//2817
f 4765//2818 7747//2818 4758//2818 1361//2818
f 1366//2819 4768//2819 7748//2819 4767//2819
f 4768//2820 1367//2820 4769//2820 7748//2820
f 7748//2821 4769//2821 1363//2821 4760//2821
f 4767//2822 7748//2822 4760//2822 1362//2822
f 1367//2823 4770//2823 7749//2823 4769//2823
f 4770//2824 1364//2824 4763//2824 7749//2824
f 7749//2825 4763//2825 1360//2825 4762//2825
f 4769//2826 7749//2826 4762//2826 1363//2826
f 133//2827 4772//2827 7750//2827 4771//2827
f 4772//2828 134//2828 4773//2828 7750//2828
f 7750//2829 4773//2829 1365//2829 4764//2829
f 4771//2830 7750//2830 4764//2830 1364//2830
f 134//2831 4774//2831 7751//2831 4773//2831
f 4774//2832 135//2832 4775//2832 7751//2832
f 7751//2833 4775//2833 1366//2833 4766//2833
f 4773//2834 7751//2834 4766//2834 1365//2834
f 135//2835 4776//2835 7752//2835 4775//2835
f 4776//2836 136//2836 4777//2836 7752//2836
f 7752//2837 4777//2837 1367//2837 4768//2837
f 4775//2838 7752//2838 4768//2838 1366//2838
f 136//2839 4778//2839 7753//2839 4777//2839
f 4778//2840 133//2840 4771//2840 7753//2840
f 7753//2841 4771//2841 1364//2841 4770//2841
f 4777//2842 7753//2842 4770//2842 1367//2842
f 1368//2843 4780//2843 7754//2843 4779//2843
f 4780//2844 1369//2844 4781//2844 7754//2844
f 7754//2845 4781//2845 134//2845 4772//2845
f 4779//2846 7754//2846 4772//2846 133//2846
f 1369//2847 4782//2847 7755//2847 4781//2847
f 4782//2848 1370//2848 4783//2848 7755//2848
f 7755//2849 4783//2849 135//2849 4774//2849
f 4781//2850 7755//2850 4774//2850 134//2850
f 1370//2851 4784//2851 7756//2851 4783//2851
f 4784//2852 1371//2852 4785//2852 7756//2852
f 7756//2853 4785//2853 136//2853 4776//2853
f 4783//2854 7756//2854 4776//2854 135//2854
f 1371//2855 4786//2855 7757//2855 4785//2855
f 4786//2856 1368//2856 4779//2856 7757//2856
f 7757//2857 4779//2857 133//2857 4778//2857
f 4785//2858 7757//2858 4778//2858 136//2858
f 1372//2859 4788//2859 7758//2859 4787//2859
f 4788//2860 1373//2860 4789//2860 7758//2860
f 7758//2861 4789//2861 1369//2861 4780//2861
f 4787//2862 7758//2862 4780//2862 1368//2862
f 1373//2863 4790//2863 7759//2863 4789//2863
f 4790//2864 1374//2864 4791//2864 7759//2864
f 7759//2865 4791//2865 1370//2865 4782//2865
f 4789//2866 7759//2866 4782//2866 1369//2866
f 1374//2867 4792//2867 7760//2867 4791//2867
f 4792//2868 1375//2868 4793//2868 7760//2868
f 7760//2869 4793//2869 1371//2869 4784//2869
f 4791//2870 7760//2870 4784//2870 1370//2870
f 1375//2871 4794//2871 7761//2871 4793//2871
f 4794//2872 1372//2872 4787//2872 7761//2872
f 7761//2873 4787//2873 1368//2873 4786//2873
f 4793//2874 7761//2874 4786//2874 1371//2874
f 1376//2875 4796//2875 7762//2875 4795//2875
f 4796//2876 1377//2876 4797//2876 7762//2876
f 7762//2877 4797//2877 1373//2877 4788//2877
f 4795//2875 7762//2875 4788//2875 1372//2875
f 1377//2878 4798//2878 7763//2878 4797//2878
f 4798//2879 1378//2879 4799//2879 7763//2879
f 7763//2880 4799//2880 1374//2880 4790//2880
f 4797//2878 7763//2878 4790//2878 1373//2878
f 1378//2881 4800//2881 7764//2881 4799//2881
f 4800//2882 1379//2882 4801//2882 7764//2882
f 7764//2882 4801//2882 1375//2882 4792//2882
f 4799//2881 7764//2881 4792//2881 1374//2881
f 1379//2883 4802//2883 7765//2883 4801//2883
f 4802//2884 1376//2884 4795//2884 7765//2884
f 7765//2884 4795//2884 1372//2884 4794//2884
f 4801//2883 7765//2883 4794//2883 1375//2883
f 1380//2875 4804//2875 7766//2875 4803//2875
f 4804//2877 1381//2877 4805//2877 7766//2877
f 7766//2877 4805//2877 1377//2877 4796//2877
f 4803//2875 7766//2875 4796//2875 1376//2875
f 1381//2878 4806//2878 7767//2878 4805//2878
f 4806//2879 1382//2879 4807//2879 7767//2879
f 7767//2879 4807//2879 1378//2879 4798//2879
f 4805//2878 7767//2878 4798//2878 1377//2878
f 1382//2881 4808//2881 7768//2881 4807//2881
f 4808//2885 1383//2885 4809//2885 7768//2885
f 7768//2882 4809//2882 1379//2882 4800//2882
f 4807//2881 7768//2881 4800//2881 1378//2881
f 1383//2883 4810//2883 7769//2883 4809//2883
f 4810//2884 1380//2884 4803//2884 7769//2884
f 7769//2884 4803//2884 1376//2884 4802//2884
f 4809//2883 7769//2883 4802//2883 1379//2883
f 1384//2886 4812//2886 7770//2886 4811//2886
f 4812//2877 1385//2877 4813//2877 7770//2877
f 7770//2876 4813//2876 1381//2876 4804//2876
f 4811//2875 7770//2875 4804//2875 1380//2875
f 1385//2878 4814//2878 7771//2878 4813//2878
f 4814//2879 1386//2879 4815//2879 7771//2879
f 7771//2880 4815//2880 1382//2880 4806//2880
f 4813//2878 7771//2878 4806//2878 1381//2878
f 1386//2881 4816//2881 7772//2881 4815//2881
f 4816//2882 1387//2882 4817//2882 7772//2882
f 7772//2882 4817//2882 1383//2882 4808//2882
f 4815//2881 7772//2881 4808//2881 1382//2881
f 1387//2883 4818//2883 7773//2883 4817//2883
f 4818//2884 1384//2884 4811//2884 7773//2884
f 7773//2884 4811//2884 1380//2884 4810//2884
f 4817//2883 7773//2883 4810//2883 1383//2883
f 1388//2875 4820//2875 7774//2875 4819//2875
f 4820//2877 1389//2877 4821//2877 7774//2877
f 7774//2877 4821//2877 1385//2877 4812//2877
f 4819//2886 7774//2886 4812//2886 1384//2886
f 1389//2878 4822//2878 7775//2878 4821//2878
f 4822//2887 1390//2887 4823//2887 7775//2887
f 7775//2887 4823//2887 1386//2887 4814//2887
f 4821//2878 7775//2878 4814//2878 1385//2878
f 1390//2888 4824//2888 7776//2888 4823//2888
f 4824//2882 1391//2882 4825//2882 7776//2882
f 7776//2889 4825//2889 1387//2889 4816//2889
f 4823//2881 7776//2881 4816//2881 1386//2881
f 1391//2883 4826//2883 7777//2883 4825//2883
f 4826//2884 1388//2884 4819//2884 7777//2884
f 7777//2884 4819//2884 1384//2884 4818//2884
f 4825//2883 7777//2883 4818//2883 1387//2883
f 1392//2875 4828//2875 7778//2875 4827//2875
f 4828//2877 1393//2877 4829//2877 7778//2877
f 7778//2890 4829//2890 1389//2890 4820//2890
f 4827//2875 7778//2875 4820//2875 1388//2875
f 1393//2878 4830//2878 7779//2878 4829//2878
f 4830//2891 1394//2891 4831//2891 7779//2891
f 7779//2880 4831//2880 1390//2880 4822//2880
f 4829//2878 7779//2878 4822//2878 1389//2878
f 1394//2881 4832//2881 7780//2881 4831//2881
f 4832//2889 1395//2889 4833//2889 7780//2889
f 7780//2882 4833//2882 1391//2882 4824//2882
f 4831//2881 7780//2881 4824//2881 1390//2881
f 1395//2883 4834//2883 7781//2883 4833//2883
f 4834//2884 1392//2884 4827//2884 7781//2884
f 7781//2884 4827//2884 1388//2884 4826//2884
f 4833//2883 7781//2883 4826//2883 1391//2883
f 1396//2875 4836//2875 7782//2875 4835//2875
f 4836//2876 1397//2876 4837//2876 7782//2876
f 7782//2876 4837//2876 1393//2876 4828//2876
f 4835//2886 7782//2886 4828//2886 1392//2886
f 1397//2878 4838//2878 7783//2878 4837//2878
f 4838//2879 1398//2879 4839//2879 7783//2879
f 7783//2879 4839//2879 1394//2879 4830//2879
f 4837//2878 7783//2878 4830//2878 1393//2878
f 1398//2881 4840//2881 7784//2881 4839//2881
f 4840//2889 1399//2889 4841//2889 7784//2889
f 7784//2882 4841//2882 1395//2882 4832//2882
f 4839//2881 7784//2881 4832//2881 1394//2881
f 1399//2883 4842//2883 7785//2883 4841//2883
f 4842//2884 1396//2884 4835//2884 7785//2884
f 7785//2884 4835//2884 1392//2884 4834//2884
f 4841//2883 7785//2883 4834//2883 1395//2883
f 1400//2875 4844//2875 7786//2875 4843//2875
f 4844//2876 1401//2876 4845//2876 7786//2876
f 7786//2876 4845//2876 1397//2876 4836//2876
f 4843//2892 7786//2892 4836//2892 1396//2892
f 1401//2878 4846//2878 7787//2878 4845//2878
f 4846//2880 1402//2880 4847//2880 7787//2880
f 7787//2893 4847//2893 1398//2893 4838//2893
f 4845//2878 7787//2878 4838//2878 1397//2878
f 1402//2881 4848//2881 7788//2881 4847//2881
f 4848//2885 1403//2885 4849//2885 7788//2885
f 7788//2882 4849//2882 1399//2882 4840//2882
f 4847//2881 7788//2881 4840//2881 1398//2881
f 1403//2883 4850//2883 7789//2883 4849//2883
f 4850//2884 1400//2884 4843//2884 7789//2884
f 7789//2884 4843//2884 1396//2884 4842//2884
f 4849//2883 7789//2883 4842//2883 1399//2883
f 1404//2894 4852//2894 7790//2894 4851//2894
f 4852//2895 1405//2895 4853//2895 7790//2895
f 7790//2876 4853//2876 1401//2876 4844//2876
f 4851//2886 7790//2886 4844//2886 1400//2886
f 1405//2878 4854//2878 7791//2878 4853//2878
f 4854//2880 1406//2880 4855//2880 7791//2880
f 7791//2893 4855//2893 1402//2893 4846//2893
f 4853//2878 7791//2878 4846//2878 1401//2878
f 1406//2888 4856//2888 7792//2888 4855//2888
f 4856//2896 1407//2896 4857//2896 7792//2896
f 7792//2897 4857//2897 1403//2897 4848//2897
f 4855//2881 7792//2881 4848//2881 1402//2881
f 1407//2883 4858//2883 7793//2883 4857//2883
f 4858//2884 1404//2884 4851//2884 7793//2884
f 7793//2884 4851//2884 1400//2884 4850//2884
f 4857//2883 7793//2883 4850//2883 1403//2883
f 1408//2875 4860//2875 7794//2875 4859//2875
f 4860//2877 1409//2877 4861//2877 7794//2877
f 7794//2876 4861//2876 1405//2876 4852//2876
f 4859//2886 7794//2886 4852//2886 1404//2886
f 1409//2878 4862//2878 7795//2878 4861//2878
f 4862//2887 1410//2887 4863//2887 7795//2887
f 7795//2893 4863//2893 1406//2893 4854//2893
f 4861//2878 7795//2878 4854//2878 1405//2878
f 1410//2898 4864//2898 7796//2898 4863//2898
f 4864//2885 1411//2885 4865//2885 7796//2885
f 7796//2889 4865//2889 1407//2889 4856//2889
f 4863//2881 7796//2881 4856//2881 1406//2881
f 1411//2883 4866//2883 7797//2883 4865//2883
f 4866//2884 1408//2884 4859//2884 7797//2884
f 7797//2899 4859//2899 1404//2899 4858//2899
f 4865//2883 7797//2883 4858//2883 1407//2883
f 137//2900 2490//2900 7798//2900 4867//2900
f 2490//2901 138//2901 4868//2901 7798//2901
f 7798//2902 4868//2902 1409//2902 4860//2902
f 4867//2903 7798//2903 4860//2903 1408//2903
f 138//2904 2489//2904 7799//2904 4868//2904
f 2489//2905 139//2905 4869//2905 7799//2905
f 7799//2906 4869//2906 1410//2906 4862//2906
f 4868//2907 7799//2907 4862//2907 1409//2907
f 139//2908 2488//2908 7800//2908 4869//2908
f 2488//2909 140//2909 4870//2909 7800//2909
f 7800//2910 4870//2910 1411//2910 4864//2910
f 4869//2911 7800//2911 4864//2911 1410//2911
f 140//2912 2487//2912 7801//2912 4870//2912
f 2487//2913 137//2913 4867//2913 7801//2913
f 7801//2914 4867//2914 1408//2914 4866//2914
f 4870//2915 7801//2915 4866//2915 1411//2915
f 1412//2916 4872//2916 7802//2916 4871//2916
f 4872//2917 1413//2917 4873//2917 7802//2917
f 7802//2918 4873//2918 158//2918 4874//2918
f 4871//2919 7802//2919 4874//2919 157//2919
f 1413//2920 4875//2920 7803//2920 4873//2920
f 4875//2921 1414//2921 4876//2921 7803//2921
f 7803//2922 4876//2922 159//2922 4877//2922
f 4873//2923 7803//2923 4877//2923 158//2923
f 1414//2924 4878//2924 7804//2924 4876//2924
f 4878//2925 1415//2925 4879//2925 7804//2925
f 7804//2926 4879//2926 160//2926 4880//2926
f 4876//2927 7804//2927 4880//2927 159//2927
f 1415//2928 4881//2928 7805//2928 4879//2928
f 4881//2929 1412//2929 4871//2929 7805//2929
f 7805//2930 4871//2930 157//2930 4882//2930
f 4879//2931 7805//2931 4882//2931 160//2931
f 1416//2932 4884//2932 7806//2932 4883//2932
f 4884//2933 1417//2933 4885//2933 7806//2933
f 7806//2934 4885//2934 1413//2934 4872//2934
f 4883//2935 7806//2935 4872//2935 1412//2935
f 1417//2936 4886//2936 7807//2936 4885//2936
f 4886//2937 1418//2937 4887//2937 7807//2937
f 7807//2938 4887//2938 1414//2938 4875//2938
f 4885//2939 7807//2939 4875//2939 1413//2939
f 1418//2940 4888//2940 7808//2940 4887//2940
f 4888//2941 1419//2941 4889//2941 7808//2941
f 7808//2942 4889//2942 1415//2942 4878//2942
f 4887//2943 7808//2943 4878//2943 1414//2943
f 1419//2944 4890//2944 7809//2944 4889//2944
f 4890//2945 1416//2945 4883//2945 7809//2945
f 7809//2946 4883//2946 1412//2946 4881//2946
f 4889//2947 7809//2947 4881//2947 1415//2947
f 1420//2948 4892//2948 7810//2948 4891//2948
f 4892//2949 1421//2949 4893//2949 7810//2949
f 7810//2949 4893//2949 1417//2949 4884//2949
f 4891//2948 7810//2948 4884//2948 1416//2948
f 1421//2936 4894//2936 7811//2936 4893//2936
f 4894//2937 1422//2937 4895//2937 7811//2937
f 7811//2937 4895//2937 1418//2937 4886//2937
f 4893//2936 7811//2936 4886//2936 1417//2936
f 1422//2940 4896//2940 7812//2940 4895//2940
f 4896//2941 1423//2941 4897//2941 7812//2941
f 7812//2941 4897//2941 1419//2941 4888//2941
f 4895//2950 7812//2950 4888//2950 1418//2950
f 1423//2944 4898//2944 7813//2944 4897//2944
f 4898//2951 1420//2951 4891//2951 7813//2951
f 7813//2945 4891//2945 1416//2945 4890//2945
f 4897//2944 7813//2944 4890//2944 1419//2944
f 1424//2952 4900//2952 7814//2952 4899//2952
f 4900//2949 1425//2949 4901//2949 7814//2949
f 7814//2949 4901//2949 1421//2949 4892//2949
f 4899//2953 7814//2953 4892//2953 1420//2953
f 1425//2936 4902//2936 7815//2936 4901//2936
f 4902//2937 1426//2937 4903//2937 7815//2937
f 7815//2937 4903//2937 1422//2937 4894//2937
f 4901//2936 7815//2936 4894//2936 1421//2936
f 1426//2950 4904//2950 7816//2950 4903//2950
f 4904//2941 1427//2941 4905//2941 7816//2941
f 7816//2954 4905//2954 1423//2954 4896//2954
f 4903//2950 7816//2950 4896//2950 1422//2950
f 1427//2944 4906//2944 7817//2944 4905//2944
f 4906//2951 1424//2951 4899//2951 7817//2951
f 7817//2945 4899//2945 1420//2945 4898//2945
f 4905//2944 7817//2944 4898//2944 1423//2944
f 1428//2952 4908//2952 7818//2952 4907//2952
f 4908//2949 1429//2949 4909//2949 7818//2949
f 7818//2949 4909//2949 1425//2949 4900//2949
f 4907//2953 7818//2953 4900//2953 1424//2953
f 1429//2936 4910//2936 7819//2936 4909//2936
f 4910//2937 1430//2937 4911//2937 7819//2937
f 7819//2937 4911//2937 1426//2937 4902//2937
f 4909//2936 7819//2936 4902//2936 1425//2936
f 1430//2950 4912//2950 7820//2950 4911//2950
f 4912//2955 1431//2955 4913//2955 7820//2955
f 7820//2941 4913//2941 1427//2941 4904//2941
f 4911//2950 7820//2950 4904//2950 1426//2950
f 1431//2944 4914//2944 7821//2944 4913//2944
f 4914//2951 1428//2951 4907//2951 7821//2951
f 7821//2951 4907//2951 1424//2951 4906//2951
f 4913//2944 7821//2944 4906//2944 1427//2944
f 1432//2956 4916//2956 7822//2956 4915//2956
f 4916//2957 1433//2957 4917//2957 7822//2957
f 7822//2958 4917//2958 1429//2958 4908//2958
f 4915//2959 7822//2959 4908//2959 1428//2959
f 1433//2960 4918//2960 7823//2960 4917//2960
f 4918//2961 1434//2961 4919//2961 7823//2961
f 7823//2962 4919//2962 1430//2962 4910//2962
f 4917//2963 7823//2963 4910//2963 1429//2963
f 1434//2964 4920//2964 7824//2964 4919//2964
f 4920//2965 1435//2965 4921//2965 7824//2965
f 7824//2966 4921//2966 1431//2966 4912//2966
f 4919//2967 7824//2967 4912//2967 1430//2967
f 1435//2968 4922//2968 7825//2968 4921//2968
f 4922//2969 1432//2969 4915//2969 7825//2969
f 7825//2970 4915//2970 1428//2970 4914//2970
f 4921//2971 7825//2971 4914//2971 1431//2971
f 181//2972 4924//2972 7826//2972 4923//2972
f 4924//2973 182//2973 4925//2973 7826//2973
f 7826//2974 4925//2974 1433//2974 4916//2974
f 4923//2975 7826//2975 4916//2975 1432//2975
f 182//2976 4926//2976 7827//2976 4925//2976
f 4926//2977 183//2977 4927//2977 7827//2977
f 7827//2978 4927//2978 1434//2978 4918//2978
f 4925//2979 7827//2979 4918//2979 1433//2979
f 183//2980 4928//2980 7828//2980 4927//2980
f 4928//2981 184//2981 4929//2981 7828//2981
f 7828//2982 4929//2982 1435//2982 4920//2982
f 4927//2983 7828//2983 4920//2983 1434//2983
f 184//2984 4930//2984 7829//2984 4929//2984
f 4930//2985 181//2985 4923//2985 7829//2985
f 7829//2986 4923//2986 1432//2986 4922//2986
f 4929//2987 7829//2987 4922//2987 1435//2987
f 177//2988 2498//2988 7830//2988 4931//2988
f 2498//2989 178//2989 4932//2989 7830//2989
f 7830//2990 4932//2990 1437//2990 4933//2990
f 4931//2991 7830//2991 4933//2991 1436//2991
f 178//2992 2497//2992 7831//2992 4932//2992
f 2497//2993 179//2993 4934//2993 7831//2993
f 7831//2994 4934//2994 1438//2994 4935//2994
f 4932//2995 7831//2995 4935//2995 1437//2995
f 179//2996 2496//2996 7832//2996 4934//2996
f 2496//2997 180//2997 4936//2997 7832//2997
f 7832//2998 4936//2998 1439//2998 4937//2998
f 4934//2999 7832//2999 4937//2999 1438//2999
f 180//3000 2495//3000 7833//3000 4936//3000
f 2495//3001 177//3001 4931//3001 7833//3001
f 7833//3002 4931//3002 1436//3002 4938//3002
f 4936//3003 7833//3003 4938//3003 1439//3003
f 1436//3004 4933//3004 7834//3004 4939//3004
f 4933//3005 1437//3005 4940//3005 7834//3005
f 7834//3006 4940//3006 1441//3006 4941//3006
f 4939//3007 7834//3007 4941//3007 1440//3007
f 1437//3008 4935//3008 7835//3008 4940//3008
f 4935//3009 1438//3009 4942//3009 7835//3009
f 7835//3010 4942//3010 1442//3010 4943//3010
f 4940//3008 7835//3008 4943//3008 1441//3008
f 1438//3011 4937//3011 7836//3011 4942//3011
f 4937//3012 1439//3012 4944//3012 7836//3012
f 7836//3013 4944//3013 1443//3013 4945//3013
f 4942//3014 7836//3014 4945//3014 1442//3014
f 1439//3015 4938//3015 7837//3015 4944//3015
f 4938//3016 1436//3016 4939//3016 7837//3016
f 7837//3017 4939//3017 1440//3017 4946//3017
f 4944//3015 7837//3015 4946//3015 1443//3015
f 1440//3018 4941//3018 7838//3018 4947//3018
f 4941//3019 1441//3019 4948//3019 7838//3019
f 7838//3020 4948//3020 1445//3020 4949//3020
f 4947//3021 7838//3021 4949//3021 1444//3021
f 1441//3022 4943//3022 7839//3022 4948//3022
f 4943//3023 1442//3023 4950//3023 7839//3023
f 7839//3023 4950//3023 1446//3023 4951//3023
f 4948//3008 7839//3008 4951//3008 1445//3008
f 1442//3024 4945//3024 7840//3024 4950//3024
f 4945//3025 1443//3025 4952//3025 7840//3025
f 7840//3012 4952//3012 1447//3012 4953//3012
f 4950//3024 7840//3024 4953//3024 1446//3024
f 1443//3015 4946//3015 7841//3015 4952//3015
f 4946//3016 1440//3016 4947//3016 7841//3016
f 7841//3016 4947//3016 1444//3016 4954//3016
f 4952//3015 7841//3015 4954//3015 1447//3015
f 1444//3026 4949//3026 7842//3026 4955//3026
f 4949//3027 1445//3027 4956//3027 7842//3027
f 7842//3028 4956//3028 1449//3028 4957//3028
f 4955//3021 7842//3021 4957//3021 1448//3021
f 1445//3022 4951//3022 7843//3022 4956//3022
f 4951//3029 1446//3029 4958//3029 7843//3029
f 7843//3029 4958//3029 1450//3029 4959//3029
f 4956//3008 7843//3008 4959//3008 1449//3008
f 1446//3024 4953//3024 7844//3024 4958//3024
f 4953//3013 1447//3013 4960//3013 7844//3013
f 7844//3012 4960//3012 1451//3012 4961//3012
f 4958//3014 7844//3014 4961//3014 1450//3014
f 1447//3015 4954//3015 7845//3015 4960//3015
f 4954//3016 1444//3016 4955//3016 7845//3016
f 7845//3017 4955//3017 1448//3017 4962//3017
f 4960//3015 7845//3015 4962//3015 1451//3015
f 1448//3021 4957//3021 7846//3021 4963//3021
f 4957//3030 1449//3030 4964//3030 7846//3030
f 7846//3020 4964//3020 1453//3020 4965//3020
f 4963//3021 7846//3021 4965//3021 1452//3021
f 1449//3008 4959//3008 7847//3008 4964//3008
f 4959//3029 1450//3029 4966//3029 7847//3029
f 7847//3029 4966//3029 1454//3029 4967//3029
f 4964//3022 7847//3022 4967//3022 1453//3022
f 1450//3024 4961//3024 7848//3024 4966//3024
f 4961//3012 1451//3012 4968//3012 7848//3012
f 7848//3025 4968//3025 1455//3025 4969//3025
f 4966//3024 7848//3024 4969//3024 1454//3024
f 1451//3015 4962//3015 7849//3015 4968//3015
f 4962//3016 1448//3016 4963//3016 7849//3016
f 7849//3016 4963//3016 1452//3016 4970//3016
f 4968//3015 7849//3015 4970//3015 1455//3015
f 1452//3021 4965//3021 7850//3021 4971//3021
f 4965//3030 1453//3030 4972//3030 7850//3030
f 7850//3019 4972//3019 1457//3019 4973//3019
f 4971//3021 7850//3021 4973//3021 1456//3021
f 1453//3022 4967//3022 7851//3022 4972//3022
f 4967//3029 1454//3029 4974//3029 7851//3029
f 7851//3029 4974//3029 1458//3029 4975//3029
f 4972//3008 7851//3008 4975//3008 1457//3008
f 1454//3014 4969//3014 7852//3014 4974//3014
f 4969//3012 1455//3012 4976//3012 7852//3012
f 7852//3012 4976//3012 1459//3012 4977//3012
f 4974//3024 7852//3024 4977//3024 1458//3024
f 1455//3015 4970//3015 7853//3015 4976//3015
f 4970//3016 1452//3016 4971//3016 7853//3016
f 7853//3016 4971//3016 1456//3016 4978//3016
f 4976//3015 7853//3015 4978//3015 1459//3015
f 1456//3021 4973//3021 7854//3021 4979//3021
f 4973//3019 1457//3019 4980//3019 7854//3019
f 7854//3030 4980//3030 1461//3030 4981//3030
f 4979//3026 7854//3026 4981//3026 1460//3026
f 1457//3008 4975//3008 7855//3008 4980//3008
f 4975//3029 1458//3029 4982//3029 7855//3029
f 7855//3029 4982//3029 1462//3029 4983//3029
f 4980//3008 7855//3008 4983//3008 1461//3008
f 1458//3014 4977//3014 7856//3014 4982//3014
f 4977//3012 1459//3012 4984//3012 7856//3012
f 7856//3012 4984//3012 1463//3012 4985//3012
f 4982//3024 7856//3024 4985//3024 1462//3024
f 1459//3015 4978//3015 7857//3015 4984//3015
f 4978//3016 1456//3016 4979//3016 7857//3016
f 7857//3016 4979//3016 1460//3016 4986//3016
f 4984//3015 7857//3015 4986//3015 1463//3015
f 1460//3031 4981//3031 7858//3031 4987//3031
f 4981//3032 1461//3032 4988//3032 7858//3032
f 7858//3033 4988//3033 1465//3033 4989//3033
f 4987//3034 7858//3034 4989//3034 1464//3034
f 1461//3035 4983//3035 7859//3035 4988//3035
f 4983//3036 1462//3036 4990//3036 7859//3036
f 7859//3037 4990//3037 1466//3037 4991//3037
f 4988//3038 7859//3038 4991//3038 1465//3038
f 1462//3039 4985//3039 7860//3039 4990//3039
f 4985//3040 1463//3040 4992//3040 7860//3040
f 7860//3041 4992//3041 1467//3041 4993//3041
f 4990//3042 7860//3042 4993//3042 1466//3042
f 1463//3043 4986//3043 7861//3043 4992//3043
f 4986//3044 1460//3044 4987//3044 7861//3044
f 7861//3045 4987//3045 1464//3045 4994//3045
f 4992//3046 7861//3046 4994//3046 1467//3046
f 1464//3047 4989//3047 7862//3047 4995//3047
f 4989//3048 1465//3048 4996//3048 7862//3048
f 7862//3049 4996//3049 174//3049 4997//3049
f 4995//3050 7862//3050 4997//3050 173//3050
f 1465//3051 4991//3051 7863//3051 4996//3051
f 4991//3052 1466//3052 4998//3052 7863//3052
f 7863//3053 4998//3053 175//3053 4999//3053
f 4996//3054 7863//3054 4999//3054 174//3054
f 1466//3055 4993//3055 7864//3055 4998//3055
f 4993//3056 1467//3056 5000//3056 7864//3056
f 7864//3057 5000//3057 176//3057 5001//3057
f 4998//3058 7864//3058 5001//3058 175//3058
f 1467//3059 4994//3059 7865//3059 5000//3059
f 4994//3060 1464//3060 4995//3060 7865//3060
f 7865//3061 4995//3061 173//3061 5002//3061
f 5000//3062 7865//3062 5002//3062 176//3062
f 173//3063 4997//3063 7866//3063 5003//3063
f 4997//3064 174//3064 5004//3064 7866//3064
f 7866//3065 5004//3065 1469//3065 5005//3065
f 5003//3066 7866//3066 5005//3066 1468//3066
f 174//3067 4999//3067 7867//3067 5004//3067
f 4999//3068 175//3068 5006//3068 7867//3068
f 7867//3069 5006//3069 1470//3069 5007//3069
f 5004//3070 7867//3070 5007//3070 1469//3070
f 175//3071 5001//3071 7868//3071 5006//3071
f 5001//3072 176//3072 5008//3072 7868//3072
f 7868//3073 5008//3073 1471//3073 5009//3073
f 5006//3074 7868//3074 5009//3074 1470//3074
f 176//3075 5002//3075 7869//3075 5008//3075
f 5002//3076 173//3076 5003//3076 7869//3076
f 7869//3077 5003//3077 1468//3077 5010//3077
f 5008//3078 7869//3078 5010//3078 1471//3078
f 1468//3079 5005//3079 7870//3079 5011//3079
f 5005//3080 1469//3080 5012//3080 7870//3080
f 7870//3081 5012//3081 1473//3081 5013//3081
f 5011//3082 7870//3082 5013//3082 1472//3082
f 1469//3083 5007//3083 7871//3083 5012//3083
f 5007//3084 1470//3084 5014//3084 7871//3084
f 7871//3085 5014//3085 1474//3085 5015//3085
f 5012//3086 7871//3086 5015//3086 1473//3086
f 1470//3087 5009//3087 7872//3087 5014//3087
f 5009//3088 1471//3088 5016//3088 7872//3088
f 7872//3089 5016//3089 1475//3089 5017//3089
f 5014//3090 7872//3090 5017//3090 1474//3090
f 1471//3091 5010//3091 7873//3091 5016//3091
f 5010//3092 1468//3092 5011//3092 7873//3092
f 7873//3093 5011//3093 1472//3093 5018//3093
f 5016//3094 7873//3094 5018//3094 1475//3094
f 1472//3095 5013//3095 7874//3095 5019//3095
f 5013//3096 1473//3096 5020//3096 7874//3096
f 7874//3097 5020//3097 1477//3097 5021//3097
f 5019//3098 7874//3098 5021//3098 1476//3098
f 1473//3099 5015//3099 7875//3099 5020//3099
f 5015//3100 1474//3100 5022//3100 7875//3100
f 7875//3100 5022//3100 1478//3100 5023//3100
f 5020//3101 7875//3101 5023//3101 1477//3101
f 1474//3102 5017//3102 7876//3102 5022//3102
f 5017//3103 1475//3103 5024//3103 7876//3103
f 7876//3104 5024//3104 1479//3104 5025//3104
f 5022//3105 7876//3105 5025//3105 1478//3105
f 1475//3106 5018//3106 7877//3106 5024//3106
f 5018//3107 1472//3107 5019//3107 7877//3107
f 7877//3107 5019//3107 1476//3107 5026//3107
f 5024//3108 7877//3108 5026//3108 1479//3108
f 1476//3109 5021//3109 7878//3109 5027//3109
f 5021//3110 1477//3110 5028//3110 7878//3110
f 7878//3111 5028//3111 162//3111 5029//3111
f 5027//3112 7878//3112 5029//3112 161//3112
f 1477//3113 5023//3113 7879//3113 5028//3113
f 5023//3114 1478//3114 5030//3114 7879//3114
f 7879//3115 5030//3115 163//3115 5031//3115
f 5028//3116 7879//3116 5031//3116 162//3116
f 1478//3117 5025//3117 7880//3117 5030//3117
f 5025//3118 1479//3118 5032//3118 7880//3118
f 7880//3119 5032//3119 164//3119 5033//3119
f 5030//3120 7880//3120 5033//3120 163//3120
f 1479//3121 5026//3121 7881//3121 5032//3121
f 5026//3122 1476//3122 5027//3122 7881//3122
f 7881//3123 5027//3123 161//3123 5034//3123
f 5032//3124 7881//3124 5034//3124 164//3124
f 1480//3125 5036//3125 7882//3125 5035//3125
f 5036//3126 1481//3126 5037//3126 7882//3126
f 7882//3127 5037//3127 166//3127 5038//3127
f 5035//3128 7882//3128 5038//3128 165//3128
f 1481//3129 5039//3129 7883//3129 5037//3129
f 5039//3130 1482//3130 5040//3130 7883//3130
f 7883//3131 5040//3131 167//3131 5041//3131
f 5037//3132 7883//3132 5041//3132 166//3132
f 1482//3133 5042//3133 7884//3133 5040//3133
f 5042//3134 1483//3134 5043//3134 7884//3134
f 7884//3135 5043//3135 168//3135 5044//3135
f 5040//3136 7884//3136 5044//3136 167//3136
f 1483//3137 5045//3137 7885//3137 5043//3137
f 5045//3138 1480//3138 5035//3138 7885//3138
f 7885//3139 5035//3139 165//3139 5046//3139
f 5043//3140 7885//3140 5046//3140 168//3140
f 1484//3141 5048//3141 7886//3141 5047//3141
f 5048//3142 1485//3142 5049//3142 7886//3142
f 7886//3143 5049//3143 1481//3143 5036//3143
f 5047//3144 7886//3144 5036//3144 1480//3144
f 1485//3145 5050//3145 7887//3145 5049//3145
f 5050//3146 1486//3146 5051//3146 7887//3146
f 7887//3147 5051//3147 1482//3147 5039//3147
f 5049//3148 7887//3148 5039//3148 1481//3148
f 1486//3149 5052//3149 7888//3149 5051//3149
f 5052//3150 1487//3150 5053//3150 7888//3150
f 7888//3151 5053//3151 1483//3151 5042//3151
f 5051//3152 7888//3152 5042//3152 1482//3152
f 1487//3153 5054//3153 7889//3153 5053//3153
f 5054//3154 1484//3154 5047//3154 7889//3154
f 7889//3155 5047//3155 1480//3155 5045//3155
f 5053//3156 7889//3156 5045//3156 1483//3156
f 1488//3141 5056//3141 7890//3141 5055//3141
f 5056//3157 1489//3157 5057//3157 7890//3157
f 7890//3157 5057//3157 1485//3157 5048//3157
f 5055//3141 7890//3141 5048//3141 1484//3141
f 1489//3158 5058//3158 7891//3158 5057//3158
f 5058//3159 1490//3159 5059//3159 7891//3159
f 7891//3159 5059//3159 1486//3159 5050//3159
f 5057//3158 7891//3158 5050//3158 1485//3158
f 1490//3160 5060//3160 7892//3160 5059//3160
f 5060//3150 1491//3150 5061//3150 7892//3150
f 7892//3150 5061//3150 1487//3150 5052//3150
f 5059//3160 7892//3160 5052//3160 1486//3160
f 1491//3161 5062//3161 7893//3161 5061//3161
f 5062//3162 1488//3162 5055//3162 7893//3162
f 7893//3162 5055//3162 1484//3162 5054//3162
f 5061//3161 7893//3161 5054//3161 1487//3161
f 1492//3141 5064//3141 7894//3141 5063//3141
f 5064//3157 1493//3157 5065//3157 7894//3157
f 7894//3157 5065//3157 1489//3157 5056//3157
f 5063//3163 7894//3163 5056//3163 1488//3163
f 1493//3164 5066//3164 7895//3164 5065//3164
f 5066//3146 1494//3146 5067//3146 7895//3146
f 7895//3146 5067//3146 1490//3146 5058//3146
f 5065//3158 7895//3158 5058//3158 1489//3158
f 1494//3160 5068//3160 7896//3160 5067//3160
f 5068//3150 1495//3150 5069//3150 7896//3150
f 7896//3165 5069//3165 1491//3165 5060//3165
f 5067//3160 7896//3160 5060//3160 1490//3160
f 1495//3161 5070//3161 7897//3161 5069//3161
f 5070//3166 1492//3166 5063//3166 7897//3166
f 7897//3167 5063//3167 1488//3167 5062//3167
f 5069//3161 7897//3161 5062//3161 1491//3161
f 1496//3141 5072//3141 7898//3141 5071//3141
f 5072//3168 1497//3168 5073//3168 7898//3168
f 7898//3157 5073//3157 1493//3157 5064//3157
f 5071//3163 7898//3163 5064//3163 1492//3163
f 1497//3158 5074//3158 7899//3158 5073//3158
f 5074//3159 1498//3159 5075//3159 7899//3159
f 7899//3146 5075//3146 1494//3146 5066//3146
f 5073//3158 7899//3158 5066//3158 1493//3158
f 1498//3149 5076//3149 7900//3149 5075//3149
f 5076//3165 1499//3165 5077//3165 7900//3165
f 7900//3165 5077//3165 1495//3165 5068//3165
f 5075//3169 7900//3169 5068//3169 1494//3169
f 1499//3161 5078//3161 7901//3161 5077//3161
f 5078//3162 1496//3162 5071//3162 7901//3162
f 7901//3167 5071//3167 1492//3167 5070//3167
f 5077//3161 7901//3161 5070//3161 1495//3161
f 1500//3141 5080//3141 7902//3141 5079//3141
f 5080//3168 1501//3168 5081//3168 7902//3168
f 7902//3157 5081//3157 1497//3157 5072//3157
f 5079//3163 7902//3163 5072//3163 1496//3163
f 1501//3158 5082//3158 7903//3158 5081//3158
f 5082//3159 1502//3159 5083//3159 7903//3159
f 7903//3146 5083//3146 1498//3146 5074//3146
f 5081//3158 7903//3158 5074//3158 1497//3158
f 1502//3160 5084//3160 7904//3160 5083//3160
f 5084//3150 1503//3150 5085//3150 7904//3150
f 7904//3165 5085//3165 1499//3165 5076//3165
f 5083//3169 7904//3169 5076//3169 1498//3169
f 1503//3161 5086//3161 7905//3161 5085//3161
f 5086//3167 1500//3167 5079//3167 7905//3167
f 7905//3167 5079//3167 1496//3167 5078//3167
f 5085//3161 7905//3161 5078//3161 1499//3161
f 1504//3163 5088//3163 7906//3163 5087//3163
f 5088//3157 1505//3157 5089//3157 7906//3157
f 7906//3157 5089//3157 1501//3157 5080//3157
f 5087//3141 7906//3141 5080//3141 1500//3141
f 1505//3158 5090//3158 7907//3158 5089//3158
f 5090//3146 1506//3146 5091//3146 7907//3146
f 7907//3170 5091//3170 1502//3170 5082//3170
f 5089//3164 7907//3164 5082//3164 1501//3164
f 1506//3160 5092//3160 7908//3160 5091//3160
f 5092//3171 1507//3171 5093//3171 7908//3171
f 7908//3172 5093//3172 1503//3172 5084//3172
f 5091//3173 7908//3173 5084//3173 1502//3173
f 1507//3161 5094//3161 7909//3161 5093//3161
f 5094//3167 1504//3167 5087//3167 7909//3167
f 7909//3167 5087//3167 1500//3167 5086//3167
f 5093//3161 7909//3161 5086//3161 1503//3161
f 169//3174 2494//3174 7910//3174 5095//3174
f 2494//3175 170//3175 5096//3175 7910//3175
f 7910//3176 5096//3176 1505//3176 5088//3176
f 5095//3177 7910//3177 5088//3177 1504//3177
f 170//3178 2493//3178 7911//3178 5096//3178
f 2493//3179 171//3179 5097//3179 7911//3179
f 7911//3180 5097//3180 1506//3180 5090//3180
f 5096//3181 7911//3181 5090//3181 1505//3181
f 171//3182 2492//3182 7912//3182 5097//3182
f 2492//3183 172//3183 5098//3183 7912//3183
f 7912//3184 5098//3184 1507//3184 5092//3184
f 5097//3185 7912//3185 5092//3185 1506//3185
f 172//3186 2491//3186 7913//3186 5098//3186
f 2491//3187 169//3187 5095//3187 7913//3187
f 7913//3188 5095//3188 1504//3188 5094//3188
f 5098//3189 7913//3189 5094//3189 1507//3189
f 1508//3190 5100//3190 7914//3190 5099//3190
f 5100//3191 1509//3191 5101//3191 7914//3191
f 7914//3192 5101//3192 142//3192 5102//3192
f 5099//3193 7914//3193 5102//3193 141//3193
f 1509//3194 5103//3194 7915//3194 5101//3194
f 5103//3195 1510//3195 5104//3195 7915//3195
f 7915//3196 5104//3196 143//3196 5105//3196
f 5101//3197 7915//3197 5105//3197 142//3197
f 1510//3198 5106//3198 7916//3198 5104//3198
f 5106//3199 1511//3199 5107//3199 7916//3199
f 7916//3200 5107//3200 144//3200 5108//3200
f 5104//3201 7916//3201 5108//3201 143//3201
f 1511//3202 5109//3202 7917//3202 5107//3202
f 5109//3203 1508//3203 5099//3203 7917//3203
f 7917//3204 5099//3204 141//3204 5110//3204
f 5107//3205 7917//3205 5110//3205 144//3205
f 1512//3206 5112//3206 7918//3206 5111//3206
f 5112//3207 1513//3207 5113//3207 7918//3207
f 7918//3208 5113//3208 1509//3208 5100//3208
f 5111//3209 7918//3209 5100//3209 1508//3209
f 1513//3210 5114//3210 7919//3210 5113//3210
f 5114//3211 1514//3211 5115//3211 7919//3211
f 7919//3212 5115//3212 1510//3212 5103//3212
f 5113//3213 7919//3213 5103//3213 1509//3213
f 1514//3214 5116//3214 7920//3214 5115//3214
f 5116//3215 1515//3215 5117//3215 7920//3215
f 7920//3216 5117//3216 1511//3216 5106//3216
f 5115//3217 7920//3217 5106//3217 1510//3217
f 1515//3218 5118//3218 7921//3218 5117//3218
f 5118//3219 1512//3219 5111//3219 7921//3219
f 7921//3220 5111//3220 1508//3220 5109//3220
f 5117//3221 7921//3221 5109//3221 1511//3221
f 1516//3222 5120//3222 7922//3222 5119//3222
f 5120//3223 1517//3223 5121//3223 7922//3223
f 7922//3224 5121//3224 1513//3224 5112//3224
f 5119//3225 7922//3225 5112//3225 1512//3225
f 1517//3226 5122//3226 7923//3226 5121//3226
f 5122//3227 1518//3227 5123//3227 7923//3227
f 7923//3228 5123//3228 1514//3228 5114//3228
f 5121//3229 7923//3229 5114//3229 1513//3229
f 1518//3230 5124//3230 7924//3230 5123//3230
f 5124//3231 1519//3231 5125//3231 7924//3231
f 7924//3232 5125//3232 1515//3232 5116//3232
f 5123//3233 7924//3233 5116//3233 1514//3233
f 1519//3234 5126//3234 7925//3234 5125//3234
f 5126//3235 1516//3235 5119//3235 7925//3235
f 7925//3236 5119//3236 1512//3236 5118//3236
f 5125//3237 7925//3237 5118//3237 1515//3237
f 165//3238 5038//3238 7926//3238 5127//3238
f 5038//3239 166//3239 5128//3239 7926//3239
f 7926//3240 5128//3240 1517//3240 5120//3240
f 5127//3241 7926//3241 5120//3241 1516//3241
f 166//3242 5041//3242 7927//3242 5128//3242
f 5041//3243 167//3243 5129//3243 7927//3243
f 7927//3244 5129//3244 1518//3244 5122//3244
f 5128//3245 7927//3245 5122//3245 1517//3245
f 167//3246 5044//3246 7928//3246 5129//3246
f 5044//3247 168//3247 5130//3247 7928//3247
f 7928//3248 5130//3248 1519//3248 5124//3248
f 5129//3249 7928//3249 5124//3249 1518//3249
f 168//3250 5046//3250 7929//3250 5130//3250
f 5046//3251 165//3251 5127//3251 7929//3251
f 7929//3252 5127//3252 1516//3252 5126//3252
f 5130//3253 7929//3253 5126//3253 1519//3253
f 1524//3254 5132//3254 7930//3254 5131//3254
f 5132//3255 1525//3255 5133//3255 7930//3255
f 7930//3256 5133//3256 1521//3256 2375//3256
f 5131//3257 7930//3257 2375//3257 1520//3257
f 1525//3258 5134//3258 7931//3258 5133//3258
f 5134//3259 1526//3259 5135//3259 7931//3259
f 7931//3260 5135//3260 1522//3260 2342//3260
f 5133//3261 7931//3261 2342//3261 1521//3261
f 1526//3262 5136//3262 7932//3262 5135//3262
f 5136//3263 1527//3263 5137//3263 7932//3263
f 7932//3264 5137//3264 1523//3264 2378//3264
f 5135//3265 7932//3265 2378//3265 1522//3265
f 1527//3266 5138//3266 7933//3266 5137//3266
f 5138//3267 1524//3267 5131//3267 7933//3267
f 7933//3268 5131//3268 1520//3268 2376//3268
f 5137//3269 7933//3269 2376//3269 1523//3269
f 1528//3270 5140//3270 7934//3270 5139//3270
f 5140//3271 1529//3271 5141//3271 7934//3271
f 7934//3272 5141//3272 1525//3272 5132//3272
f 5139//3273 7934//3273 5132//3273 1524//3273
f 1529//3274 5142//3274 7935//3274 5141//3274
f 5142//3275 1530//3275 5143//3275 7935//3275
f 7935//3276 5143//3276 1526//3276 5134//3276
f 5141//3277 7935//3277 5134//3277 1525//3277
f 1530//3278 5144//3278 7936//3278 5143//3278
f 5144//3279 1531//3279 5145//3279 7936//3279
f 7936//3280 5145//3280 1527//3280 5136//3280
f 5143//3281 7936//3281 5136//3281 1526//3281
f 1531//3282 5146//3282 7937//3282 5145//3282
f 5146//3283 1528//3283 5139//3283 7937//3283
f 7937//3284 5139//3284 1524//3284 5138//3284
f 5145//3285 7937//3285 5138//3285 1527//3285
f 1532//3286 5148//3286 7938//3286 5147//3286
f 5148//3287 1533//3287 5149//3287 7938//3287
f 7938//3288 5149//3288 1529//3288 5140//3288
f 5147//3289 7938//3289 5140//3289 1528//3289
f 1533//3290 5150//3290 7939//3290 5149//3290
f 5150//3291 1534//3291 5151//3291 7939//3291
f 7939//3292 5151//3292 1530//3292 5142//3292
f 5149//3293 7939//3293 5142//3293 1529//3293
f 1534//3294 5152//3294 7940//3294 5151//3294
f 5152//3295 1535//3295 5153//3295 7940//3295
f 7940//3296 5153//3296 1531//3296 5144//3296
f 5151//3297 7940//3297 5144//3297 1530//3297
f 1535//3298 5154//3298 7941//3298 5153//3298
f 5154//3299 1532//3299 5147//3299 7941//3299
f 7941//3300 5147//3300 1528//3300 5146//3300
f 5153//3301 7941//3301 5146//3301 1531//3301
f 157//3302 4874//3302 7942//3302 5155//3302
f 4874//3303 158//3303 5156//3303 7942//3303
f 7942//3304 5156//3304 1533//3304 5148//3304
f 5155//3305 7942//3305 5148//3305 1532//3305
f 158//3306 4877//3306 7943//3306 5156//3306
f 4877//3307 159//3307 5157//3307 7943//3307
f 7943//3308 5157//3308 1534//3308 5150//3308
f 5156//3309 7943//3309 5150//3309 1533//3309
f 159//3310 4880//3310 7944//3310 5157//3310
f 4880//3311 160//3311 5158//3311 7944//3311
f 7944//3312 5158//3312 1535//3312 5152//3312
f 5157//3313 7944//3313 5152//3313 1534//3313
f 160//3314 4882//3314 7945//3314 5158//3314
f 4882//3315 157//3315 5155//3315 7945//3315
f 7945//3316 5155//3316 1532//3316 5154//3316
f 5158//3317 7945//3317 5154//3317 1535//3317
f 153//3318 5160//3318 7946//3318 5159//3318
f 5160//3319 154//3319 5161//3319 7946//3319
f 7946//3320 5161//3320 1537//3320 5162//3320
f 5159//3321 7946//3321 5162//3321 1536//3321
f 154//3322 5163//3322 7947//3322 5161//3322
f 5163//3323 155//3323 5164//3323 7947//3323
f 7947//3324 5164//3324 1538//3324 5165//3324
f 5161//3325 7947//3325 5165//3325 1537//3325
f 155//3326 5166//3326 7948//3326 5164//3326
f 5166//3327 156//3327 5167//3327 7948//3327
f 7948//3328 5167//3328 1539//3328 5168//3328
f 5164//3329 7948//3329 5168//3329 1538//3329
f 156//3330 5169//3330 7949//3330 5167//3330
f 5169//3331 153//3331 5159//3331 7949//3331
f 7949//3332 5159//3332 1536//3332 5170//3332
f 5167//3333 7949//3333 5170//3333 1539//3333
f 1536//3334 5162//3334 7950//3334 5171//3334
f 5162//3335 1537//3335 5172//3335 7950//3335
f 7950//3336 5172//3336 1541//3336 5173//3336
f 5171//3337 7950//3337 5173//3337 1540//3337
f 1537//3338 5165//3338 7951//3338 5172//3338
f 5165//3339 1538//3339 5174//3339 7951//3339
f 7951//3340 5174//3340 1542//3340 5175//3340
f 5172//3341 7951//3341 5175//3341 1541//3341
f 1538//3342 5168//3342 7952//3342 5174//3342
f 5168//3343 1539//3343 5176//3343 7952//3343
f 7952//3344 5176//3344 1543//3344 5177//3344
f 5174//3345 7952//3345 5177//3345 1542//3345
f 1539//3346 5170//3346 7953//3346 5176//3346
f 5170//3347 1536//3347 5171//3347 7953//3347
f 7953//3348 5171//3348 1540//3348 5178//3348
f 5176//3349 7953//3349 5178//3349 1543//3349
f 1540//3350 5173//3350 7954//3350 5179//3350
f 5173//3351 1541//3351 5180//3351 7954//3351
f 7954//3352 5180//3352 1545//3352 5181//3352
f 5179//3353 7954//3353 5181//3353 1544//3353
f 1541//3354 5175//3354 7955//3354 5180//3354
f 5175//3355 1542//3355 5182//3355 7955//3355
f 7955//3356 5182//3356 1546//3356 5183//3356
f 5180//3357 7955//3357 5183//3357 1545//3357
f 1542//3358 5177//3358 7956//3358 5182//3358
f 5177//3359 1543//3359 5184//3359 7956//3359
f 7956//3360 5184//3360 1547//3360 5185//3360
f 5182//3361 7956//3361 5185//3361 1546//3361
f 1543//3362 5178//3362 7957//3362 5184//3362
f 5178//3363 1540//3363 5179//3363 7957//3363
f 7957//3364 5179//3364 1544//3364 5186//3364
f 5184//3365 7957//3365 5186//3365 1547//3365
f 1544//3366 5181//3366 7958//3366 5187//3366
f 5181//3367 1545//3367 5188//3367 7958//3367
f 7958//3368 5188//3368 1549//3368 2325//3368
f 5187//3369 7958//3369 2325//3369 1548//3369
f 1545//3370 5183//3370 7959//3370 5188//3370
f 5183//3371 1546//3371 5189//3371 7959//3371
f 7959//3372 5189//3372 1092//3372 2312//3372
f 5188//3373 7959//3373 2312//3373 1549//3373
f 1546//3374 5185//3374 7960//3374 5189//3374
f 5185//3375 1547//3375 5190//3375 7960//3375
f 7960//3376 5190//3376 1550//3376 2330//3376
f 5189//3377 7960//3377 2330//3377 1092//3377
f 1547//3378 5186//3378 7961//3378 5190//3378
f 5186//3379 1544//3379 5187//3379 7961//3379
f 7961//3380 5187//3380 1548//3380 2329//3380
f 5190//3381 7961//3381 2329//3381 1550//3381
f 1555//3382 5192//3382 7962//3382 5191//3382
f 5192//3383 1556//3383 5193//3383 7962//3383
f 7962//3384 5193//3384 1552//3384 2262//3384
f 5191//3385 7962//3385 2262//3385 1551//3385
f 1556//3386 5194//3386 7963//3386 5193//3386
f 5194//3387 1557//3387 5195//3387 7963//3387
f 7963//3388 5195//3388 1553//3388 2261//3388
f 5193//3389 7963//3389 2261//3389 1552//3389
f 1557//3390 5196//3390 7964//3390 5195//3390
f 5196//3391 1558//3391 5197//3391 7964//3391
f 7964//3392 5197//3392 1554//3392 2208//3392
f 5195//3393 7964//3393 2208//3393 1553//3393
f 1558//3394 5198//3394 7965//3394 5197//3394
f 5198//3395 1555//3395 5191//3395 7965//3395
f 7965//3396 5191//3396 1551//3396 2214//3396
f 5197//3397 7965//3397 2214//3397 1554//3397
f 149//3398 5200//3398 7966//3398 5199//3398
f 5200//3399 150//3399 5201//3399 7966//3399
f 7966//3400 5201//3400 1556//3400 5192//3400
f 5199//3401 7966//3401 5192//3401 1555//3401
f 150//3402 5202//3402 7967//3402 5201//3402
f 5202//3403 151//3403 5203//3403 7967//3403
f 7967//3404 5203//3404 1557//3404 5194//3404
f 5201//3405 7967//3405 5194//3405 1556//3405
f 151//3406 5204//3406 7968//3406 5203//3406
f 5204//3407 152//3407 5205//3407 7968//3407
f 7968//3408 5205//3408 1558//3408 5196//3408
f 5203//3409 7968//3409 5196//3409 1557//3409
f 152//3410 5206//3410 7969//3410 5205//3410
f 5206//3411 149//3411 5199//3411 7969//3411
f 7969//3412 5199//3412 1555//3412 5198//3412
f 5205//3413 7969//3413 5198//3413 1558//3413
f 145//3414 5208//3414 7970//3414 5207//3414
f 5208//3415 146//3415 5209//3415 7970//3415
f 7970//3416 5209//3416 1560//3416 5210//3416
f 5207//3417 7970//3417 5210//3417 1559//3417
f 146//3418 5211//3418 7971//3418 5209//3418
f 5211//3419 147//3419 5212//3419 7971//3419
f 7971//3420 5212//3420 1561//3420 5213//3420
f 5209//3421 7971//3421 5213//3421 1560//3421
f 147//3422 5214//3422 7972//3422 5212//3422
f 5214//3423 148//3423 5215//3423 7972//3423
f 7972//3424 5215//3424 1562//3424 5216//3424
f 5212//3425 7972//3425 5216//3425 1561//3425
f 148//3426 5217//3426 7973//3426 5215//3426
f 5217//3427 145//3427 5207//3427 7973//3427
f 7973//3428 5207//3428 1559//3428 5218//3428
f 5215//3429 7973//3429 5218//3429 1562//3429
f 1559//3430 5210//3430 7974//3430 5219//3430
f 5210//3431 1560//3431 5220//3431 7974//3431
f 7974//3432 5220//3432 1564//3432 5221//3432
f 5219//3433 7974//3433 5221//3433 1563//3433
f 1560//3434 5213//3434 7975//3434 5220//3434
f 5213//3435 1561//3435 5222//3435 7975//3435
f 7975//3436 5222//3436 1565//3436 5223//3436
f 5220//3437 7975//3437 5223//3437 1564//3437
f 1561//3438 5216//3438 7976//3438 5222//3438
f 5216//3439 1562//3439 5224//3439 7976//3439
f 7976//3440 5224//3440 1566//3440 5225//3440
f 5222//3441 7976//3441 5225//3441 1565//3441
f 1562//3442 5218//3442 7977//3442 5224//3442
f 5218//3443 1559//3443 5219//3443 7977//3443
f 7977//3444 5219//3444 1563//3444 5226//3444
f 5224//3445 7977//3445 5226//3445 1566//3445
f 1563//3446 5221//3446 7978//3446 5227//3446
f 5221//3447 1564//3447 5228//3447 7978//3447
f 7978//3448 5228//3448 1567//3448 2206//3448
f 5227//3449 7978//3449 2206//3449 399//3449
f 1564//3450 5223//3450 7979//3450 5228//3450
f 5223//3451 1565//3451 5229//3451 7979//3451
f 7979//3452 5229//3452 1568//3452 2173//3452
f 5228//3453 7979//3453 2173//3453 1567//3453
f 1565//3454 5225//3454 7980//3454 5229//3454
f 5225//3455 1566//3455 5230//3455 7980//3455
f 7980//3456 5230//3456 1569//3456 2209//3456
f 5229//3457 7980//3457 2209//3457 1568//3457
f 1566//3458 5226//3458 7981//3458 5230//3458
f 5226//3459 1563//3459 5227//3459 7981//3459
f 7981//3460 5227//3460 399//3460 2207//3460
f 5230//3461 7981//3461 2207//3461 1569//3461
f 1572//3462 5232//3462 7982//3462 5231//3462
f 5232//3463 1573//3463 5233//3463 7982//3463
f 7982//3464 5233//3464 2147//3464 2362//3464
f 5231//3465 7982//3465 2362//3465 2148//3465
f 1573//3466 5234//3466 7983//3466 5233//3466
f 5234//3467 1574//3467 5235//3467 7983//3467
f 7983//3468 5235//3468 2146//3468 2358//3468
f 5233//3469 7983//3469 2358//3469 2147//3469
f 1574//3470 5236//3470 7984//3470 5235//3470
f 5236//3471 1575//3471 5237//3471 7984//3471
f 7984//3472 5237//3472 2145//3472 2355//3472
f 5235//3473 7984//3473 2355//3473 2146//3473
f 1575//3474 5238//3474 7985//3474 5237//3474
f 5238//3475 1572//3475 5231//3475 7985//3475
f 7985//3476 5231//3476 2148//3476 2365//3476
f 5237//3477 7985//3477 2365//3477 2145//3477
f 141//3478 5102//3478 7986//3478 5239//3478
f 5102//3479 142//3479 5240//3479 7986//3479
f 7986//3480 5240//3480 1573//3480 5232//3480
f 5239//3481 7986//3481 5232//3481 1572//3481
f 142//3482 5105//3482 7987//3482 5240//3482
f 5105//3483 143//3483 5241//3483 7987//3483
f 7987//3484 5241//3484 1574//3484 5234//3484
f 5240//3485 7987//3485 5234//3485 1573//3485
f 143//3486 5108//3486 7988//3486 5241//3486
f 5108//3487 144//3487 5242//3487 7988//3487
f 7988//3488 5242//3488 1575//3488 5236//3488
f 5241//3489 7988//3489 5236//3489 1574//3489
f 144//3490 5110//3490 7989//3490 5242//3490
f 5110//3491 141//3491 5239//3491 7989//3491
f 7989//3492 5239//3492 1572//3492 5238//3492
f 5242//3493 7989//3493 5238//3493 1575//3493
f 161//3494 5029//3494 7990//3494 5243//3494
f 5029//3495 162//3495 5244//3495 7990//3495
f 7990//3496 5244//3496 1577//3496 5245//3496
f 5243//3497 7990//3497 5245//3497 1576//3497
f 162//3498 5031//3498 7991//3498 5244//3498
f 5031//3499 163//3499 5246//3499 7991//3499
f 7991//3500 5246//3500 1578//3500 5247//3500
f 5244//3501 7991//3501 5247//3501 1577//3501
f 163//3502 5033//3502 7992//3502 5246//3502
f 5033//3503 164//3503 5248//3503 7992//3503
f 7992//3504 5248//3504 1579//3504 5249//3504
f 5246//3505 7992//3505 5249//3505 1578//3505
f 164//3506 5034//3506 7993//3506 5248//3506
f 5034//3507 161//3507 5243//3507 7993//3507
f 7993//3508 5243//3508 1576//3508 5250//3508
f 5248//3509 7993//3509 5250//3509 1579//3509
f 1576//3510 5245//3510 7994//3510 5251//3510
f 5245//3511 1577//3511 5252//3511 7994//3511
f 7994//3512 5252//3512 1581//3512 5253//3512
f 5251//3513 7994//3513 5253//3513 1580//3513
f 1577//3514 5247//3514 7995//3514 5252//3514
f 5247//3515 1578//3515 5254//3515 7995//3515
f 7995//3516 5254//3516 1582//3516 5255//3516
f 5252//3517 7995//3517 5255//3517 1581//3517
f 1578//3518 5249//3518 7996//3518 5254//3518
f 5249//3519 1579//3519 5256//3519 7996//3519
f 7996//3520 5256//3520 1583//3520 5257//3520
f 5254//3521 7996//3521 5257//3521 1582//3521
f 1579//3522 5250//3522 7997//3522 5256//3522
f 5250//3523 1576//3523 5251//3523 7997//3523
f 7997//3524 5251//3524 1580//3524 5258//3524
f 5256//3525 7997//3525 5258//3525 1583//3525
f 1580//3526 5253//3526 7998//3526 5259//3526
f 5253//3527 1581//3527 5260//3527 7998//3527
f 7998//3528 5260//3528 1585//3528 5261//3528
f 5259//3529 7998//3529 5261//3529 1584//3529
f 1581//3530 5255//3530 7999//3530 5260//3530
f 5255//3531 1582//3531 5262//3531 7999//3531
f 7999//3532 5262//3532 1586//3532 5263//3532
f 5260//3533 7999//3533 5263//3533 1585//3533
f 1582//3534 5257//3534 8000//3534 5262//3534
f 5257//3535 1583//3535 5264//3535 8000//3535
f 8000//3536 5264//3536 1587//3536 5265//3536
f 5262//3537 8000//3537 5265//3537 1586//3537
f 1583//3538 5258//3538 8001//3538 5264//3538
f 5258//3539 1580//3539 5259//3539 8001//3539
f 8001//3540 5259//3540 1584//3540 5266//3540
f 5264//3541 8001//3541 5266//3541 1587//3541
f 1584//3542 5261//3542 8002//3542 5267//3542
f 5261//3543 1585//3543 5268//3543 8002//3543
f 8002//3544 5268//3544 1589//3544 2430//3544
f 5267//3545 8002//3545 2430//3545 1588//3545
f 1585//3546 5263//3546 8003//3546 5268//3546
f 5263//3547 1586//3547 5269//3547 8003//3547
f 8003//3548 5269//3548 1590//3548 2403//3548
f 5268//3549 8003//3549 2403//3549 1589//3549
f 1586//3550 5265//3550 8004//3550 5269//3550
f 5265//3551 1587//3551 5270//3551 8004//3551
f 8004//3552 5270//3552 1591//3552 2432//3552
f 5269//3553 8004//3553 2432//3553 1590//3553
f 1587//3554 5266//3554 8005//3554 5270//3554
f 5266//3555 1584//3555 5267//3555 8005//3555
f 8005//3556 5267//3556 1588//3556 2431//3556
f 5270//3557 8005//3557 2431//3557 1591//3557
f 1592//3558 5272//3558 8006//3558 5271//3558
f 5272//3559 1593//3559 5273//3559 8006//3559
f 8006//3560 5273//3560 182//3560 4924//3560
f 5271//3561 8006//3561 4924//3561 181//3561
f 1593//3562 5274//3562 8007//3562 5273//3562
f 5274//3563 1594//3563 5275//3563 8007//3563
f 8007//3564 5275//3564 183//3564 4926//3564
f 5273//3565 8007//3565 4926//3565 182//3565
f 1594//3566 5276//3566 8008//3566 5275//3566
f 5276//3567 1595//3567 5277//3567 8008//3567
f 8008//3568 5277//3568 184//3568 4928//3568
f 5275//3569 8008//3569 4928//3569 183//3569
f 1595//3570 5278//3570 8009//3570 5277//3570
f 5278//3571 1592//3571 5271//3571 8009//3571
f 8009//3572 5271//3572 181//3572 4930//3572
f 5277//3573 8009//3573 4930//3573 184//3573
f 1596//3574 5280//3574 8010//3574 5279//3574
f 5280//3575 1597//3575 5281//3575 8010//3575
f 8010//3576 5281//3576 1593//3576 5272//3576
f 5279//3577 8010//3577 5272//3577 1592//3577
f 1597//3578 5282//3578 8011//3578 5281//3578
f 5282//3579 1598//3579 5283//3579 8011//3579
f 8011//3580 5283//3580 1594//3580 5274//3580
f 5281//3581 8011//3581 5274//3581 1593//3581
f 1598//3582 5284//3582 8012//3582 5283//3582
f 5284//3583 1599//3583 5285//3583 8012//3583
f 8012//3584 5285//3584 1595//3584 5276//3584
f 5283//3585 8012//3585 5276//3585 1594//3585
f 1599//3586 5286//3586 8013//3586 5285//3586
f 5286//3587 1596//3587 5279//3587 8013//3587
f 8013//3588 5279//3588 1592//3588 5278//3588
f 5285//3589 8013//3589 5278//3589 1595//3589
f 1600//3590 5288//3590 8014//3590 5287//3590
f 5288//3591 1601//3591 5289//3591 8014//3591
f 8014//3592 5289//3592 1597//3592 5280//3592
f 5287//3590 8014//3590 5280//3590 1596//3590
f 1601//3581 5290//3581 8015//3581 5289//3581
f 5290//3593 1602//3593 5291//3593 8015//3593
f 8015//3593 5291//3593 1598//3593 5282//3593
f 5289//3594 8015//3594 5282//3594 1597//3594
f 1602//3595 5292//3595 8016//3595 5291//3595
f 5292//3596 1603//3596 5293//3596 8016//3596
f 8016//3597 5293//3597 1599//3597 5284//3597
f 5291//3595 8016//3595 5284//3595 1598//3595
f 1603//3598 5294//3598 8017//3598 5293//3598
f 5294//3587 1600//3587 5287//3587 8017//3587
f 8017//3587 5287//3587 1596//3587 5286//3587
f 5293//3598 8017//3598 5286//3598 1599//3598
f 1604//3599 5296//3599 8018//3599 5295//3599
f 5296//3591 1605//3591 5297//3591 8018//3591
f 8018//3592 5297//3592 1601//3592 5288//3592
f 5295//3590 8018//3590 5288//3590 1600//3590
f 1605//3581 5298//3581 8019//3581 5297//3581
f 5298//3593 1606//3593 5299//3593 8019//3593
f 8019//3593 5299//3593 1602//3593 5290//3593
f 5297//3581 8019//3581 5290//3581 1601//3581
f 1606//3595 5300//3595 8020//3595 5299//3595
f 5300//3596 1607//3596 5301//3596 8020//3596
f 8020//3596 5301//3596 1603//3596 5292//3596
f 5299//3595 8020//3595 5292//3595 1602//3595
f 1607//3598 5302//3598 8021//3598 5301//3598
f 5302//3587 1604//3587 5295//3587 8021//3587
f 8021//3587 5295//3587 1600//3587 5294//3587
f 5301//3598 8021//3598 5294//3598 1603//3598
f 1608//3600 5304//3600 8022//3600 5303//3600
f 5304//3592 1609//3592 5305//3592 8022//3592
f 8022//3591 5305//3591 1605//3591 5296//3591
f 5303//3600 8022//3600 5296//3600 1604//3600
f 1609//3581 5306//3581 8023//3581 5305//3581
f 5306//3593 1610//3593 5307//3593 8023//3593
f 8023//3593 5307//3593 1606//3593 5298//3593
f 5305//3581 8023//3581 5298//3581 1605//3581
f 1610//3595 5308//3595 8024//3595 5307//3595
f 5308//3596 1611//3596 5309//3596 8024//3596
f 8024//3596 5309//3596 1607//3596 5300//3596
f 5307//3595 8024//3595 5300//3595 1606//3595
f 1611//3598 5310//3598 8025//3598 5309//3598
f 5310//3587 1608//3587 5303//3587 8025//3587
f 8025//3587 5303//3587 1604//3587 5302//3587
f 5309//3598 8025//3598 5302//3598 1607//3598
f 1612//3599 5312//3599 8026//3599 5311//3599
f 5312//3591 1613//3591 5313//3591 8026//3591
f 8026//3591 5313//3591 1609//3591 5304//3591
f 5311//3599 8026//3599 5304//3599 1608//3599
f 1613//3581 5314//3581 8027//3581 5313//3581
f 5314//3593 1614//3593 5315//3593 8027//3593
f 8027//3593 5315//3593 1610//3593 5306//3593
f 5313//3581 8027//3581 5306//3581 1609//3581
f 1614//3595 5316//3595 8028//3595 5315//3595
f 5316//3597 1615//3597 5317//3597 8028//3597
f 8028//3601 5317//3601 1611//3601 5308//3601
f 5315//3602 8028//3602 5308//3602 1610//3602
f 1615//3598 5318//3598 8029//3598 5317//3598
f 5318//3587 1612//3587 5311//3587 8029//3587
f 8029//3587 5311//3587 1608//3587 5310//3587
f 5317//3598 8029//3598 5310//3598 1611//3598
f 1616//3599 5320//3599 8030//3599 5319//3599
f 5320//3592 1617//3592 5321//3592 8030//3592
f 8030//3592 5321//3592 1613//3592 5312//3592
f 5319//3600 8030//3600 5312//3600 1612//3600
f 1617//3581 5322//3581 8031//3581 5321//3581
f 5322//3593 1618//3593 5323//3593 8031//3593
f 8031//3593 5323//3593 1614//3593 5314//3593
f 5321//3581 8031//3581 5314//3581 1613//3581
f 1618//3602 5324//3602 8032//3602 5323//3602
f 5324//3601 1619//3601 5325//3601 8032//3601
f 8032//3597 5325//3597 1615//3597 5316//3597
f 5323//3603 8032//3603 5316//3603 1614//3603
f 1619//3598 5326//3598 8033//3598 5325//3598
f 5326//3587 1616//3587 5319//3587 8033//3587
f 8033//3587 5319//3587 1612//3587 5318//3587
f 5325//3598 8033//3598 5318//3598 1615//3598
f 1620//3604 5328//3604 8034//3604 5327//3604
f 5328//3591 1621//3591 5329//3591 8034//3591
f 8034//3605 5329//3605 1617//3605 5320//3605
f 5327//3599 8034//3599 5320//3599 1616//3599
f 1621//3578 5330//3578 8035//3578 5329//3578
f 5330//3593 1622//3593 5331//3593 8035//3593
f 8035//3593 5331//3593 1618//3593 5322//3593
f 5329//3581 8035//3581 5322//3581 1617//3581
f 1622//3602 5332//3602 8036//3602 5331//3602
f 5332//3597 1623//3597 5333//3597 8036//3597
f 8036//3597 5333//3597 1619//3597 5324//3597
f 5331//3602 8036//3602 5324//3602 1618//3602
f 1623//3598 5334//3598 8037//3598 5333//3598
f 5334//3587 1620//3587 5327//3587 8037//3587
f 8037//3587 5327//3587 1616//3587 5326//3587
f 5333//3598 8037//3598 5326//3598 1619//3598
f 185//3606 2502//3606 8038//3606 5335//3606
f 2502//3607 186//3607 5336//3607 8038//3607
f 8038//3608 5336//3608 1621//3608 5328//3608
f 5335//3609 8038//3609 5328//3609 1620//3609
f 186//3610 2501//3610 8039//3610 5336//3610
f 2501//3611 187//3611 5337//3611 8039//3611
f 8039//3612 5337//3612 1622//3612 5330//3612
f 5336//3613 8039//3613 5330//3613 1621//3613
f 187//3614 2500//3614 8040//3614 5337//3614
f 2500//3615 188//3615 5338//3615 8040//3615
f 8040//3616 5338//3616 1623//3616 5332//3616
f 5337//3617 8040//3617 5332//3617 1622//3617
f 188//3618 2499//3618 8041//3618 5338//3618
f 2499//3619 185//3619 5335//3619 8041//3619
f 8041//3620 5335//3620 1620//3620 5334//3620
f 5338//3621 8041//3621 5334//3621 1623//3621
f 189//3622 5340//3622 8042//3622 5339//3622
f 5340//3623 190//3623 5341//3623 8042//3623
f 8042//3624 5341//3624 1625//3624 5342//3624
f 5339//3625 8042//3625 5342//3625 1624//3625
f 190//3626 5343//3626 8043//3626 5341//3626
f 5343//3627 191//3627 5344//3627 8043//3627
f 8043//3628 5344//3628 1626//3628 5345//3628
f 5341//3629 8043//3629 5345//3629 1625//3629
f 191//3630 5346//3630 8044//3630 5344//3630
f 5346//3631 192//3631 5347//3631 8044//3631
f 8044//3632 5347//3632 1627//3632 5348//3632
f 5344//3633 8044//3633 5348//3633 1626//3633
f 192//3634 5349//3634 8045//3634 5347//3634
f 5349//3635 189//3635 5339//3635 8045//3635
f 8045//3636 5339//3636 1624//3636 5350//3636
f 5347//3637 8045//3637 5350//3637 1627//3637
f 1624//3638 5342//3638 8046//3638 5351//3638
f 5342//3639 1625//3639 5352//3639 8046//3639
f 8046//3640 5352//3640 1629//3640 5353//3640
f 5351//3641 8046//3641 5353//3641 1628//3641
f 1625//3642 5345//3642 8047//3642 5352//3642
f 5345//3643 1626//3643 5354//3643 8047//3643
f 8047//3644 5354//3644 1630//3644 5355//3644
f 5352//3645 8047//3645 5355//3645 1629//3645
f 1626//3646 5348//3646 8048//3646 5354//3646
f 5348//3647 1627//3647 5356//3647 8048//3647
f 8048//3648 5356//3648 1631//3648 5357//3648
f 5354//3649 8048//3649 5357//3649 1630//3649
f 1627//3650 5350//3650 8049//3650 5356//3650
f 5350//3651 1624//3651 5351//3651 8049//3651
f 8049//3652 5351//3652 1628//3652 5358//3652
f 5356//3653 8049//3653 5358//3653 1631//3653
f 1628//3654 5353//3654 8050//3654 5359//3654
f 5353//3655 1629//3655 5360//3655 8050//3655
f 8050//3656 5360//3656 154//3656 5160//3656
f 5359//3657 8050//3657 5160//3657 153//3657
f 1629//3658 5355//3658 8051//3658 5360//3658
f 5355//3659 1630//3659 5361//3659 8051//3659
f 8051//3660 5361//3660 155//3660 5163//3660
f 5360//3661 8051//3661 5163//3661 154//3661
f 1630//3662 5357//3662 8052//3662 5361//3662
f 5357//3663 1631//3663 5362//3663 8052//3663
f 8052//3664 5362//3664 156//3664 5166//3664
f 5361//3665 8052//3665 5166//3665 155//3665
f 1631//3666 5358//3666 8053//3666 5362//3666
f 5358//3667 1628//3667 5359//3667 8053//3667
f 8053//3668 5359//3668 153//3668 5169//3668
f 5362//3669 8053//3669 5169//3669 156//3669
f 193//3670 2506//3670 8054//3670 5363//3670
f 2506//3671 194//3671 5364//3671 8054//3671
f 8054//3672 5364//3672 1633//3672 5365//3672
f 5363//3673 8054//3673 5365//3673 1632//3673
f 194//3674 2505//3674 8055//3674 5364//3674
f 2505//3675 195//3675 5366//3675 8055//3675
f 8055//3676 5366//3676 1634//3676 5367//3676
f 5364//3677 8055//3677 5367//3677 1633//3677
f 195//3678 2504//3678 8056//3678 5366//3678
f 2504//3679 196//3679 5368//3679 8056//3679
f 8056//3680 5368//3680 1635//3680 5369//3680
f 5366//3681 8056//3681 5369//3681 1634//3681
f 196//3682 2503//3682 8057//3682 5368//3682
f 2503//3683 193//3683 5363//3683 8057//3683
f 8057//3684 5363//3684 1632//3684 5370//3684
f 5368//3685 8057//3685 5370//3685 1635//3685
f 1632//3686 5365//3686 8058//3686 5371//3686
f 5365//3687 1633//3687 5372//3687 8058//3687
f 8058//3687 5372//3687 1637//3687 5373//3687
f 5371//3686 8058//3686 5373//3686 1636//3686
f 1633//3688 5367//3688 8059//3688 5372//3688
f 5367//3689 1634//3689 5374//3689 8059//3689
f 8059//3689 5374//3689 1638//3689 5375//3689
f 5372//3690 8059//3690 5375//3690 1637//3690
f 1634//3691 5369//3691 8060//3691 5374//3691
f 5369//3692 1635//3692 5376//3692 8060//3692
f 8060//3693 5376//3693 1639//3693 5377//3693
f 5374//3694 8060//3694 5377//3694 1638//3694
f 1635//3695 5370//3695 8061//3695 5376//3695
f 5370//3696 1632//3696 5371//3696 8061//3696
f 8061//3696 5371//3696 1636//3696 5378//3696
f 5376//3697 8061//3697 5378//3697 1639//3697
f 1636//3698 5373//3698 8062//3698 5379//3698
f 5373//3699 1637//3699 5380//3699 8062//3699
f 8062//3700 5380//3700 1641//3700 5381//3700
f 5379//3686 8062//3686 5381//3686 1640//3686
f 1637//3690 5375//3690 8063//3690 5380//3690
f 5375//3689 1638//3689 5382//3689 8063//3689
f 8063//3689 5382//3689 1642//3689 5383//3689
f 5380//3690 8063//3690 5383//3690 1641//3690
f 1638//3691 5377//3691 8064//3691 5382//3691
f 5377//3692 1639//3692 5384//3692 8064//3692
f 8064//3693 5384//3693 1643//3693 5385//3693
f 5382//3691 8064//3691 5385//3691 1642//3691
f 1639//3695 5378//3695 8065//3695 5384//3695
f 5378//3701 1636//3701 5379//3701 8065//3701
f 8065//3701 5379//3701 1640//3701 5386//3701
f 5384//3697 8065//3697 5386//3697 1643//3697
f 1640//3702 5381//3702 8066//3702 5387//3702
f 5381//3700 1641//3700 5388//3700 8066//3700
f 8066//3700 5388//3700 1645//3700 5389//3700
f 5387//3686 8066//3686 5389//3686 1644//3686
f 1641//3690 5383//3690 8067//3690 5388//3690
f 5383//3689 1642//3689 5390//3689 8067//3689
f 8067//3689 5390//3689 1646//3689 5391//3689
f 5388//3690 8067//3690 5391//3690 1645//3690
f 1642//3691 5385//3691 8068//3691 5390//3691
f 5385//3692 1643//3692 5392//3692 8068//3692
f 8068//3692 5392//3692 1647//3692 5393//3692
f 5390//3691 8068//3691 5393//3691 1646//3691
f 1643//3697 5386//3697 8069//3697 5392//3697
f 5386//3696 1640//3696 5387//3696 8069//3696
f 8069//3701 5387//3701 1644//3701 5394//3701
f 5392//3697 8069//3697 5394//3697 1647//3697
f 1644//3703 5389//3703 8070//3703 5395//3703
f 5389//3704 1645//3704 5396//3704 8070//3704
f 8070//3705 5396//3705 1649//3705 5397//3705
f 5395//3706 8070//3706 5397//3706 1648//3706
f 1645//3707 5391//3707 8071//3707 5396//3707
f 5391//3708 1646//3708 5398//3708 8071//3708
f 8071//3709 5398//3709 1650//3709 5399//3709
f 5396//3710 8071//3710 5399//3710 1649//3710
f 1646//3711 5393//3711 8072//3711 5398//3711
f 5393//3712 1647//3712 5400//3712 8072//3712
f 8072//3713 5400//3713 1651//3713 5401//3713
f 5398//3714 8072//3714 5401//3714 1650//3714
f 1647//3715 5394//3715 8073//3715 5400//3715
f 5394//3701 1644//3701 5395//3701 8073//3701
f 8073//3716 5395//3716 1648//3716 5402//3716
f 5400//3717 8073//3717 5402//3717 1651//3717
f 1648//3718 5397//3718 8074//3718 5403//3718
f 5397//3719 1649//3719 5404//3719 8074//3719
f 8074//3720 5404//3720 190//3720 5340//3720
f 5403//3721 8074//3721 5340//3721 189//3721
f 1649//3722 5399//3722 8075//3722 5404//3722
f 5399//3723 1650//3723 5405//3723 8075//3723
f 8075//3724 5405//3724 191//3724 5343//3724
f 5404//3725 8075//3725 5343//3725 190//3725
f 1650//3726 5401//3726 8076//3726 5405//3726
f 5401//3727 1651//3727 5406//3727 8076//3727
f 8076//3728 5406//3728 192//3728 5346//3728
f 5405//3729 8076//3729 5346//3729 191//3729
f 1651//3730 5402//3730 8077//3730 5406//3730
f 5402//3731 1648//3731 5403//3731 8077//3731
f 8077//3732 5403//3732 189//3732 5349//3732
f 5406//3733 8077//3733 5349//3733 192//3733
f 1652//3734 5408//3734 8078//3734 5407//3734
f 5408//3735 1653//3735 5409//3735 8078//3735
f 8078//3736 5409//3736 150//3736 5200//3736
f 5407//3737 8078//3737 5200//3737 149//3737
f 1653//3738 5410//3738 8079//3738 5409//3738
f 5410//3739 1654//3739 5411//3739 8079//3739
f 8079//3740 5411//3740 151//3740 5202//3740
f 5409//3741 8079//3741 5202//3741 150//3741
f 1654//3742 5412//3742 8080//3742 5411//3742
f 5412//3743 1655//3743 5413//3743 8080//3743
f 8080//3744 5413//3744 152//3744 5204//3744
f 5411//3745 8080//3745 5204//3745 151//3745
f 1655//3746 5414//3746 8081//3746 5413//3746
f 5414//3747 1652//3747 5407//3747 8081//3747
f 8081//3748 5407//3748 149//3748 5206//3748
f 5413//3749 8081//3749 5206//3749 152//3749
f 1656//3750 5416//3750 8082//3750 5415//3750
f 5416//3751 1657//3751 5417//3751 8082//3751
f 8082//3752 5417//3752 1653//3752 5408//3752
f 5415//3753 8082//3753 5408//3753 1652//3753
f 1657//3754 5418//3754 8083//3754 5417//3754
f 5418//3755 1658//3755 5419//3755 8083//3755
f 8083//3756 5419//3756 1654//3756 5410//3756
f 5417//3757 8083//3757 5410//3757 1653//3757
f 1658//3758 5420//3758 8084//3758 5419//3758
f 5420//3759 1659//3759 5421//3759 8084//3759
f 8084//3759 5421//3759 1655//3759 5412//3759
f 5419//3760 8084//3760 5412//3760 1654//3760
f 1659//3761 5422//3761 8085//3761 5421//3761
f 5422//3762 1656//3762 5415//3762 8085//3762
f 8085//3763 5415//3763 1652//3763 5414//3763
f 5421//3764 8085//3764 5414//3764 1655//3764
f 1660//3750 5424//3750 8086//3750 5423//3750
f 5424//3751 1661//3751 5425//3751 8086//3751
f 8086//3751 5425//3751 1657//3751 5416//3751
f 5423//3750 8086//3750 5416//3750 1656//3750
f 1661//3765 5426//3765 8087//3765 5425//3765
f 5426//3755 1662//3755 5427//3755 8087//3755
f 8087//3755 5427//3755 1658//3755 5418//3755
f 5425//3754 8087//3754 5418//3754 1657//3754
f 1662//3758 5428//3758 8088//3758 5427//3758
f 5428//3766 1663//3766 5429//3766 8088//3766
f 8088//3766 5429//3766 1659//3766 5420//3766
f 5427//3758 8088//3758 5420//3758 1658//3758
f 1663//3767 5430//3767 8089//3767 5429//3767
f 5430//3762 1660//3762 5423//3762 8089//3762
f 8089//3762 5423//3762 1656//3762 5422//3762
f 5429//3761 8089//3761 5422//3761 1659//3761
f 1664//3768 5432//3768 8090//3768 5431//3768
f 5432//3769 1665//3769 5433//3769 8090//3769
f 8090//3770 5433//3770 1661//3770 5424//3770
f 5431//3771 8090//3771 5424//3771 1660//3771
f 1665//3772 5434//3772 8091//3772 5433//3772
f 5434//3773 1666//3773 5435//3773 8091//3773
f 8091//3774 5435//3774 1662//3774 5426//3774
f 5433//3775 8091//3775 5426//3775 1661//3775
f 1666//3776 5436//3776 8092//3776 5435//3776
f 5436//3777 1667//3777 5437//3777 8092//3777
f 8092//3778 5437//3778 1663//3778 5428//3778
f 5435//3779 8092//3779 5428//3779 1662//3779
f 1667//3780 5438//3780 8093//3780 5437//3780
f 5438//3781 1664//3781 5431//3781 8093//3781
f 8093//3782 5431//3782 1660//3782 5430//3782
f 5437//3783 8093//3783 5430//3783 1663//3783
f 197//3784 5440//3784 8094//3784 5439//3784
f 5440//3785 198//3785 5441//3785 8094//3785
f 8094//3786 5441//3786 1665//3786 5432//3786
f 5439//3787 8094//3787 5432//3787 1664//3787
f 198//3788 5442//3788 8095//3788 5441//3788
f 5442//3789 199//3789 5443//3789 8095//3789
f 8095//3790 5443//3790 1666//3790 5434//3790
f 5441//3791 8095//3791 5434//3791 1665//3791
f 199//3792 5444//3792 8096//3792 5443//3792
f 5444//3793 200//3793 5445//3793 8096//3793
f 8096//3794 5445//3794 1667//3794 5436//3794
f 5443//3795 8096//3795 5436//3795 1666//3795
f 200//3796 5446//3796 8097//3796 5445//3796
f 5446//3797 197//3797 5439//3797 8097//3797
f 8097//3798 5439//3798 1664//3798 5438//3798
f 5445//3799 8097//3799 5438//3799 1667//3799
f 1668//3800 5448//3800 8098//3800 5447//3800
f 5448//3801 1669//3801 5449//3801 8098//3801
f 8098//3802 5449//3802 198//3802 5440//3802
f 5447//3803 8098//3803 5440//3803 197//3803
f 1669//3804 5450//3804 8099//3804 5449//3804
f 5450//3805 1670//3805 5451//3805 8099//3805
f 8099//3806 5451//3806 199//3806 5442//3806
f 5449//3807 8099//3807 5442//3807 198//3807
f 1670//3808 5452//3808 8100//3808 5451//3808
f 5452//3809 1671//3809 5453//3809 8100//3809
f 8100//3810 5453//3810 200//3810 5444//3810
f 5451//3811 8100//3811 5444//3811 199//3811
f 1671//3812 5454//3812 8101//3812 5453//3812
f 5454//3813 1668//3813 5447//3813 8101//3813
f 8101//3814 5447//3814 197//3814 5446//3814
f 5453//3815 8101//3815 5446//3815 200//3815
f 1672//3816 5456//3816 8102//3816 5455//3816
f 5456//3817 1673//3817 5457//3817 8102//3817
f 8102//3818 5457//3818 1669//3818 5448//3818
f 5455//3819 8102//3819 5448//3819 1668//3819
f 1673//3820 5458//3820 8103//3820 5457//3820
f 5458//3821 1674//3821 5459//3821 8103//3821
f 8103//3822 5459//3822 1670//3822 5450//3822
f 5457//3823 8103//3823 5450//3823 1669//3823
f 1674//3824 5460//3824 8104//3824 5459//3824
f 5460//3825 1675//3825 5461//3825 8104//3825
f 8104//3826 5461//3826 1671//3826 5452//3826
f 5459//3827 8104//3827 5452//3827 1670//3827
f 1675//3828 5462//3828 8105//3828 5461//3828
f 5462//3829 1672//3829 5455//3829 8105//3829
f 8105//3830 5455//3830 1668//3830 5454//3830
f 5461//3831 8105//3831 5454//3831 1671//3831
f 1676//3832 5464//3832 8106//3832 5463//3832
f 5464//3833 1677//3833 5465//3833 8106//3833
f 8106//3834 5465//3834 1673//3834 5456//3834
f 5463//3835 8106//3835 5456//3835 1672//3835
f 1677//3836 5466//3836 8107//3836 5465//3836
f 5466//3821 1678//3821 5467//3821 8107//3821
f 8107//3821 5467//3821 1674//3821 5458//3821
f 5465//3836 8107//3836 5458//3836 1673//3836
f 1678//3837 5468//3837 8108//3837 5467//3837
f 5468//3838 1679//3838 5469//3838 8108//3838
f 8108//3839 5469//3839 1675//3839 5460//3839
f 5467//3840 8108//3840 5460//3840 1674//3840
f 1679//3841 5470//3841 8109//3841 5469//3841
f 5470//3842 1676//3842 5463//3842 8109//3842
f 8109//3842 5463//3842 1672//3842 5462//3842
f 5469//3841 8109//3841 5462//3841 1675//3841
f 1680//3835 5472//3835 8110//3835 5471//3835
f 5472//3843 1681//3843 5473//3843 8110//3843
f 8110//3833 5473//3833 1677//3833 5464//3833
f 5471//3835 8110//3835 5464//3835 1676//3835
f 1681//3836 5474//3836 8111//3836 5473//3836
f 5474//3821 1682//3821 5475//3821 8111//3821
f 8111//3821 5475//3821 1678//3821 5466//3821
f 5473//3836 8111//3836 5466//3836 1677//3836
f 1682//3844 5476//3844 8112//3844 5475//3844
f 5476//3839 1683//3839 5477//3839 8112//3839
f 8112//3839 5477//3839 1679//3839 5468//3839
f 5475//3837 8112//3837 5468//3837 1678//3837
f 1683//3841 5478//3841 8113//3841 5477//3841
f 5478//3842 1680//3842 5471//3842 8113//3842
f 8113//3842 5471//3842 1676//3842 5470//3842
f 5477//3841 8113//3841 5470//3841 1679//3841
f 201//3845 2510//3845 8114//3845 5479//3845
f 2510//3846 202//3846 5480//3846 8114//3846
f 8114//3847 5480//3847 1681//3847 5472//3847
f 5479//3848 8114//3848 5472//3848 1680//3848
f 202//3849 2509//3849 8115//3849 5480//3849
f 2509//3850 203//3850 5481//3850 8115//3850
f 8115//3851 5481//3851 1682//3851 5474//3851
f 5480//3852 8115//3852 5474//3852 1681//3852
f 203//3853 2508//3853 8116//3853 5481//3853
f 2508//3854 204//3854 5482//3854 8116//3854
f 8116//3855 5482//3855 1683//3855 5476//3855
f 5481//3856 8116//3856 5476//3856 1682//3856
f 204//3857 2507//3857 8117//3857 5482//3857
f 2507//3858 201//3858 5479//3858 8117//3858
f 8117//3859 5479//3859 1680//3859 5478//3859
f 5482//3860 8117//3860 5478//3860 1683//3860
f 205//3861 2514//3861 8118//3861 5483//3861
f 2514//3862 206//3862 5484//3862 8118//3862
f 8118//3863 5484//3863 1685//3863 5485//3863
f 5483//3864 8118//3864 5485//3864 1684//3864
f 206//3865 2513//3865 8119//3865 5484//3865
f 2513//3866 207//3866 5486//3866 8119//3866
f 8119//3867 5486//3867 1686//3867 5487//3867
f 5484//3868 8119//3868 5487//3868 1685//3868
f 207//3869 2512//3869 8120//3869 5486//3869
f 2512//3870 208//3870 5488//3870 8120//3870
f 8120//3871 5488//3871 1687//3871 5489//3871
f 5486//3872 8120//3872 5489//3872 1686//3872
f 208//3873 2511//3873 8121//3873 5488//3873
f 2511//3874 205//3874 5483//3874 8121//3874
f 8121//3875 5483//3875 1684//3875 5490//3875
f 5488//3876 8121//3876 5490//3876 1687//3876
f 1684//3877 5485//3877 8122//3877 5491//3877
f 5485//3878 1685//3878 5492//3878 8122//3878
f 8122//3878 5492//3878 1689//3878 5493//3878
f 5491//3879 8122//3879 5493//3879 1688//3879
f 1685//3880 5487//3880 8123//3880 5492//3880
f 5487//3881 1686//3881 5494//3881 8123//3881
f 8123//3882 5494//3882 1690//3882 5495//3882
f 5492//3883 8123//3883 5495//3883 1689//3883
f 1686//3884 5489//3884 8124//3884 5494//3884
f 5489//3885 1687//3885 5496//3885 8124//3885
f 8124//3886 5496//3886 1691//3886 5497//3886
f 5494//3887 8124//3887 5497//3887 1690//3887
f 1687//3888 5490//3888 8125//3888 5496//3888
f 5490//3889 1684//3889 5491//3889 8125//3889
f 8125//3890 5491//3890 1688//3890 5498//3890
f 5496//3888 8125//3888 5498//3888 1691//3888
f 1688//3891 5493//3891 8126//3891 5499//3891
f 5493//3892 1689//3892 5500//3892 8126//3892
f 8126//3893 5500//3893 1693//3893 5501//3893
f 5499//3877 8126//3877 5501//3877 1692//3877
f 1689//3894 5495//3894 8127//3894 5500//3894
f 5495//3895 1690//3895 5502//3895 8127//3895
f 8127//3895 5502//3895 1694//3895 5503//3895
f 5500//3880 8127//3880 5503//3880 1693//3880
f 1690//3896 5497//3896 8128//3896 5502//3896
f 5497//3897 1691//3897 5504//3897 8128//3897
f 8128//3885 5504//3885 1695//3885 5505//3885
f 5502//3898 8128//3898 5505//3898 1694//3898
f 1691//3888 5498//3888 8129//3888 5504//3888
f 5498//3890 1688//3890 5499//3890 8129//3890
f 8129//3890 5499//3890 1692//3890 5506//3890
f 5504//3888 8129//3888 5506//3888 1695//3888
f 1692//3877 5501//3877 8130//3877 5507//3877
f 5501//3878 1693//3878 5508//3878 8130//3878
f 8130//3878 5508//3878 1697//3878 5509//3878
f 5507//3877 8130//3877 5509//3877 1696//3877
f 1693//3883 5503//3883 8131//3883 5508//3883
f 5503//3895 1694//3895 5510//3895 8131//3895
f 8131//3895 5510//3895 1698//3895 5511//3895
f 5508//3894 8131//3894 5511//3894 1697//3894
f 1694//3898 5505//3898 8132//3898 5510//3898
f 5505//3885 1695//3885 5512//3885 8132//3885
f 8132//3899 5512//3899 1699//3899 5513//3899
f 5510//3887 8132//3887 5513//3887 1698//3887
f 1695//3888 5506//3888 8133//3888 5512//3888
f 5506//3890 1692//3890 5507//3890 8133//3890
f 8133//3890 5507//3890 1696//3890 5514//3890
f 5512//3888 8133//3888 5514//3888 1699//3888
f 1696//3877 5509//3877 8134//3877 5515//3877
f 5509//3893 1697//3893 5516//3893 8134//3893
f 8134//3893 5516//3893 1701//3893 5517//3893
f 5515//3877 8134//3877 5517//3877 1700//3877
f 1697//3883 5511//3883 8135//3883 5516//3883
f 5511//3895 1698//3895 5518//3895 8135//3895
f 8135//3895 5518//3895 1702//3895 5519//3895
f 5516//3883 8135//3883 5519//3883 1701//3883
f 1698//3898 5513//3898 8136//3898 5518//3898
f 5513//3886 1699//3886 5520//3886 8136//3886
f 8136//3885 5520//3885 1703//3885 5521//3885
f 5518//3898 8136//3898 5521//3898 1702//3898
f 1699//3888 5514//3888 8137//3888 5520//3888
f 5514//3890 1696//3890 5515//3890 8137//3890
f 8137//3900 5515//3900 1700//3900 5522//3900
f 5520//3888 8137//3888 5522//3888 1703//3888
f 1700//3877 5517//3877 8138//3877 5523//3877
f 5517//3878 1701//3878 5524//3878 8138//3878
f 8138//3878 5524//3878 1705//3878 5525//3878
f 5523//3877 8138//3877 5525//3877 1704//3877
f 1701//3883 5519//3883 8139//3883 5524//3883
f 5519//3895 1702//3895 5526//3895 8139//3895
f 8139//3895 5526//3895 1706//3895 5527//3895
f 5524//3894 8139//3894 5527//3894 1705//3894
f 1702//3898 5521//3898 8140//3898 5526//3898
f 5521//3886 1703//3886 5528//3886 8140//3886
f 8140//3886 5528//3886 1707//3886 5529//3886
f 5526//3896 8140//3896 5529//3896 1706//3896
f 1703//3888 5522//3888 8141//3888 5528//3888
f 5522//3900 1700//3900 5523//3900 8141//3900
f 8141//3890 5523//3890 1704//3890 5530//3890
f 5528//3888 8141//3888 5530//3888 1707//3888
f 1704//3891 5525//3891 8142//3891 5531//3891
f 5525//3878 1705//3878 5532//3878 8142//3878
f 8142//3893 5532//3893 1709//3893 5533//3893
f 5531//3877 8142//3877 5533//3877 1708//3877
f 1705//3894 5527//3894 8143//3894 5532//3894
f 5527//3895 1706//3895 5534//3895 8143//3895
f 8143//3895 5534//3895 1710//3895 5535//3895
f 5532//3883 8143//3883 5535//3883 1709//3883
f 1706//3887 5529//3887 8144//3887 5534//3887
f 5529//3885 1707//3885 5536//3885 8144//3885
f 8144//3886 5536//3886 1711//3886 5537//3886
f 5534//3887 8144//3887 5537//3887 1710//3887
f 1707//3888 5530//3888 8145//3888 5536//3888
f 5530//3900 1704//3900 5531//3900 8145//3900
f 8145//3890 5531//3890 1708//3890 5538//3890
f 5536//3888 8145//3888 5538//3888 1711//3888
f 1708//3901 5533//3901 8146//3901 5539//3901
f 5533//3902 1709//3902 5540//3902 8146//3902
f 8146//3903 5540//3903 1713//3903 5541//3903
f 5539//3904 8146//3904 5541//3904 1712//3904
f 1709//3880 5535//3880 8147//3880 5540//3880
f 5535//3895 1710//3895 5542//3895 8147//3895
f 8147//3905 5542//3905 1714//3905 5543//3905
f 5540//3906 8147//3906 5543//3906 1713//3906
f 1710//3887 5537//3887 8148//3887 5542//3887
f 5537//3886 1711//3886 5544//3886 8148//3886
f 8148//3907 5544//3907 1715//3907 5545//3907
f 5542//3908 8148//3908 5545//3908 1714//3908
f 1711//3909 5538//3909 8149//3909 5544//3909
f 5538//3910 1708//3910 5539//3910 8149//3910
f 8149//3911 5539//3911 1712//3911 5546//3911
f 5544//3912 8149//3912 5546//3912 1715//3912
f 1712//3913 5541//3913 8150//3913 5547//3913
f 5541//3914 1713//3914 5548//3914 8150//3914
f 8150//3915 5548//3915 146//3915 5208//3915
f 5547//3916 8150//3916 5208//3916 145//3916
f 1713//3917 5543//3917 8151//3917 5548//3917
f 5543//3918 1714//3918 5549//3918 8151//3918
f 8151//3919 5549//3919 147//3919 5211//3919
f 5548//3920 8151//3920 5211//3920 146//3920
f 1714//3921 5545//3921 8152//3921 5549//3921
f 5545//3922 1715//3922 5550//3922 8152//3922
f 8152//3923 5550//3923 148//3923 5214//3923
f 5549//3924 8152//3924 5214//3924 147//3924
f 1715//3925 5546//3925 8153//3925 5550//3925
f 5546//3926 1712//3926 5547//3926 8153//3926
f 8153//3927 5547//3927 145//3927 5217//3927
f 5550//3928 8153//3928 5217//3928 148//3928
f 1716//3929 5552//3929 8154//3929 5551//3929
f 5552//3930 1717//3930 5553//3930 8154//3930
f 8154//3931 5553//3931 226//3931 5554//3931
f 5551//3932 8154//3932 5554//3932 225//3932
f 1717//3933 5555//3933 8155//3933 5553//3933
f 5555//3934 1718//3934 5556//3934 8155//3934
f 8155//3935 5556//3935 227//3935 5557//3935
f 5553//3936 8155//3936 5557//3936 226//3936
f 1718//3937 5558//3937 8156//3937 5556//3937
f 5558//3938 1719//3938 5559//3938 8156//3938
f 8156//3939 5559//3939 228//3939 5560//3939
f 5556//3940 8156//3940 5560//3940 227//3940
f 1719//3941 5561//3941 8157//3941 5559//3941
f 5561//3942 1716//3942 5551//3942 8157//3942
f 8157//3943 5551//3943 225//3943 5562//3943
f 5559//3944 8157//3944 5562//3944 228//3944
f 1720//3945 5564//3945 8158//3945 5563//3945
f 5564//3946 1721//3946 5565//3946 8158//3946
f 8158//3947 5565//3947 1717//3947 5552//3947
f 5563//3945 8158//3945 5552//3945 1716//3945
f 1721//3948 5566//3948 8159//3948 5565//3948
f 5566//3949 1722//3949 5567//3949 8159//3949
f 8159//3950 5567//3950 1718//3950 5555//3950
f 5565//3951 8159//3951 5555//3951 1717//3951
f 1722//3952 5568//3952 8160//3952 5567//3952
f 5568//3953 1723//3953 5569//3953 8160//3953
f 8160//3954 5569//3954 1719//3954 5558//3954
f 5567//3955 8160//3955 5558//3955 1718//3955
f 1723//3956 5570//3956 8161//3956 5569//3956
f 5570//3957 1720//3957 5563//3957 8161//3957
f 8161//3958 5563//3958 1716//3958 5561//3958
f 5569//3959 8161//3959 5561//3959 1719//3959
f 1724//3960 5572//3960 8162//3960 5571//3960
f 5572//3961 1725//3961 5573//3961 8162//3961
f 8162//3946 5573//3946 1721//3946 5564//3946
f 5571//3945 8162//3945 5564//3945 1720//3945
f 1725//3948 5574//3948 8163//3948 5573//3948
f 5574//3949 1726//3949 5575//3949 8163//3949
f 8163//3949 5575//3949 1722//3949 5566//3949
f 5573//3948 8163//3948 5566//3948 1721//3948
f 1726//3952 5576//3952 8164//3952 5575//3952
f 5576//3953 1727//3953 5577//3953 8164//3953
f 8164//3953 5577//3953 1723//3953 5568//3953
f 5575//3952 8164//3952 5568//3952 1722//3952
f 1727//3962 5578//3962 8165//3962 5577//3962
f 5578//3957 1724//3957 5571//3957 8165//3957
f 8165//3957 5571//3957 1720//3957 5570//3957
f 5577//3956 8165//3956 5570//3956 1723//3956
f 1728//3945 5580//3945 8166//3945 5579//3945
f 5580//3963 1729//3963 5581//3963 8166//3963
f 8166//3946 5581//3946 1725//3946 5572//3946
f 5579//3960 8166//3960 5572//3960 1724//3960
f 1729//3948 5582//3948 8167//3948 5581//3948
f 5582//3949 1730//3949 5583//3949 8167//3949
f 8167//3949 5583//3949 1726//3949 5574//3949
f 5581//3948 8167//3948 5574//3948 1725//3948
f 1730//3952 5584//3952 8168//3952 5583//3952
f 5584//3953 1731//3953 5585//3953 8168//3953
f 8168//3953 5585//3953 1727//3953 5576//3953
f 5583//3952 8168//3952 5576//3952 1726//3952
f 1731//3962 5586//3962 8169//3962 5585//3962
f 5586//3957 1728//3957 5579//3957 8169//3957
f 8169//3957 5579//3957 1724//3957 5578//3957
f 5585//3962 8169//3962 5578//3962 1727//3962
f 1732//3945 5588//3945 8170//3945 5587//3945
f 5588//3946 1733//3946 5589//3946 8170//3946
f 8170//3946 5589//3946 1729//3946 5580//3946
f 5587//3945 8170//3945 5580//3945 1728//3945
f 1733//3948 5590//3948 8171//3948 5589//3948
f 5590//3949 1734//3949 5591//3949 8171//3949
f 8171//3949 5591//3949 1730//3949 5582//3949
f 5589//3948 8171//3948 5582//3948 1729//3948
f 1734//3952 5592//3952 8172//3952 5591//3952
f 5592//3953 1735//3953 5593//3953 8172//3953
f 8172//3953 5593//3953 1731//3953 5584//3953
f 5591//3952 8172//3952 5584//3952 1730//3952
f 1735//3962 5594//3962 8173//3962 5593//3962
f 5594//3957 1732//3957 5587//3957 8173//3957
f 8173//3957 5587//3957 1728//3957 5586//3957
f 5593//3962 8173//3962 5586//3962 1731//3962
f 1736//3960 5596//3960 8174//3960 5595//3960
f 5596//3946 1737//3946 5597//3946 8174//3946
f 8174//3946 5597//3946 1733//3946 5588//3946
f 5595//3945 8174//3945 5588//3945 1732//3945
f 1737//3948 5598//3948 8175//3948 5597//3948
f 5598//3949 1738//3949 5599//3949 8175//3949
f 8175//3949 5599//3949 1734//3949 5590//3949
f 5597//3948 8175//3948 5590//3948 1733//3948
f 1738//3952 5600//3952 8176//3952 5599//3952
f 5600//3953 1739//3953 5601//3953 8176//3953
f 8176//3953 5601//3953 1735//3953 5592//3953
f 5599//3952 8176//3952 5592//3952 1734//3952
f 1739//3962 5602//3962 8177//3962 5601//3962
f 5602//3957 1736//3957 5595//3957 8177//3957
f 8177//3957 5595//3957 1732//3957 5594//3957
f 5601//3962 8177//3962 5594//3962 1735//3962
f 1740//3964 5604//3964 8178//3964 5603//3964
f 5604//3965 1741//3965 5605//3965 8178//3965
f 8178//3966 5605//3966 1737//3966 5596//3966
f 5603//3967 8178//3967 5596//3967 1736//3967
f 1741//3948 5606//3948 8179//3948 5605//3948
f 5606//3968 1742//3968 5607//3968 8179//3968
f 8179//3969 5607//3969 1738//3969 5598//3969
f 5605//3948 8179//3948 5598//3948 1737//3948
f 1742//3970 5608//3970 8180//3970 5607//3970
f 5608//3971 1743//3971 5609//3971 8180//3971
f 8180//3972 5609//3972 1739//3972 5600//3972
f 5607//3973 8180//3973 5600//3973 1738//3973
f 1743//3962 5610//3962 8181//3962 5609//3962
f 5610//3974 1740//3974 5603//3974 8181//3974
f 8181//3975 5603//3975 1736//3975 5602//3975
f 5609//3962 8181//3962 5602//3962 1739//3962
f 249//3976 5612//3976 8182//3976 5611//3976
f 5612//3977 250//3977 5613//3977 8182//3977
f 8182//3978 5613//3978 1741//3978 5604//3978
f 5611//3979 8182//3979 5604//3979 1740//3979
f 250//3980 5614//3980 8183//3980 5613//3980
f 5614//3981 251//3981 5615//3981 8183//3981
f 8183//3982 5615//3982 1742//3982 5606//3982
f 5613//3983 8183//3983 5606//3983 1741//3983
f 251//3984 5616//3984 8184//3984 5615//3984
f 5616//3985 252//3985 5617//3985 8184//3985
f 8184//3986 5617//3986 1743//3986 5608//3986
f 5615//3987 8184//3987 5608//3987 1742//3987
f 252//3988 5618//3988 8185//3988 5617//3988
f 5618//3989 249//3989 5611//3989 8185//3989
f 8185//3990 5611//3990 1740//3990 5610//3990
f 5617//3991 8185//3991 5610//3991 1743//3991
f 245//3992 2522//3992 8186//3992 5619//3992
f 2522//3993 246//3993 5620//3993 8186//3993
f 8186//3994 5620//3994 1745//3994 5621//3994
f 5619//3995 8186//3995 5621//3995 1744//3995
f 246//3996 2521//3996 8187//3996 5620//3996
f 2521//3997 247//3997 5622//3997 8187//3997
f 8187//3998 5622//3998 1746//3998 5623//3998
f 5620//3999 8187//3999 5623//3999 1745//3999
f 247//4000 2520//4000 8188//4000 5622//4000
f 2520//4001 248//4001 5624//4001 8188//4001
f 8188//4002 5624//4002 1747//4002 5625//4002
f 5622//4003 8188//4003 5625//4003 1746//4003
f 248//4004 2519//4004 8189//4004 5624//4004
f 2519//4005 245//4005 5619//4005 8189//4005
f 8189//4006 5619//4006 1744//4006 5626//4006
f 5624//4007 8189//4007 5626//4007 1747//4007
f 1744//4008 5621//4008 8190//4008 5627//4008
f 5621//4009 1745//4009 5628//4009 8190//4009
f 8190//4010 5628//4010 1749//4010 5629//4010
f 5627//4011 8190//4011 5629//4011 1748//4011
f 1745//4012 5623//4012 8191//4012 5628//4012
f 5623//4013 1746//4013 5630//4013 8191//4013
f 8191//4014 5630//4014 1750//4014 5631//4014
f 5628//4012 8191//4012 5631//4012 1749//4012
f 1746//4015 5625//4015 8192//4015 5630//4015
f 5625//4016 1747//4016 5632//4016 8192//4016
f 8192//4017 5632//4017 1751//4017 5633//4017
f 5630//4018 8192//4018 5633//4018 1750//4018
f 1747//4019 5626//4019 8193//4019 5632//4019
f 5626//4020 1744//4020 5627//4020 8193//4020
f 8193//4020 5627//4020 1748//4020 5634//4020
f 5632//4021 8193//4021 5634//4021 1751//4021
f 1748//4011 5629//4011 8194//4011 5635//4011
f 5629//4022 1749//4022 5636//4022 8194//4022
f 8194//4022 5636//4022 1753//4022 5637//4022
f 5635//4011 8194//4011 5637//4011 1752//4011
f 1749//4012 5631//4012 8195//4012 5636//4012
f 5631//4014 1750//4014 5638//4014 8195//4014
f 8195//4014 5638//4014 1754//4014 5639//4014
f 5636//4012 8195//4012 5639//4012 1753//4012
f 1750//4023 5633//4023 8196//4023 5638//4023
f 5633//4016 1751//4016 5640//4016 8196//4016
f 8196//4017 5640//4017 1755//4017 5641//4017
f 5638//4015 8196//4015 5641//4015 1754//4015
f 1751//4021 5634//4021 8197//4021 5640//4021
f 5634//4020 1748//4020 5635//4020 8197//4020
f 8197//4024 5635//4024 1752//4024 5642//4024
f 5640//4021 8197//4021 5642//4021 1755//4021
f 1752//4008 5637//4008 8198//4008 5643//4008
f 5637//4022 1753//4022 5644//4022 8198//4022
f 8198//4022 5644//4022 1757//4022 5645//4022
f 5643//4011 8198//4011 5645//4011 1756//4011
f 1753//4012 5639//4012 8199//4012 5644//4012
f 5639//4014 1754//4014 5646//4014 8199//4014
f 8199//4025 5646//4025 1758//4025 5647//4025
f 5644//4012 8199//4012 5647//4012 1757//4012
f 1754//4026 5641//4026 8200//4026 5646//4026
f 5641//4016 1755//4016 5648//4016 8200//4016
f 8200//4016 5648//4016 1759//4016 5649//4016
f 5646//4027 8200//4027 5649//4027 1758//4027
f 1755//4019 5642//4019 8201//4019 5648//4019
f 5642//4020 1752//4020 5643//4020 8201//4020
f 8201//4020 5643//4020 1756//4020 5650//4020
f 5648//4021 8201//4021 5650//4021 1759//4021
f 1756//4028 5645//4028 8202//4028 5651//4028
f 5645//4029 1757//4029 5652//4029 8202//4029
f 8202//4030 5652//4030 1761//4030 5653//4030
f 5651//4031 8202//4031 5653//4031 1760//4031
f 1757//4032 5647//4032 8203//4032 5652//4032
f 5647//4025 1758//4025 5654//4025 8203//4025
f 8203//4014 5654//4014 1762//4014 5655//4014
f 5652//4033 8203//4033 5655//4033 1761//4033
f 1758//4023 5649//4023 8204//4023 5654//4023
f 5649//4017 1759//4017 5656//4017 8204//4017
f 8204//4034 5656//4034 1763//4034 5657//4034
f 5654//4035 8204//4035 5657//4035 1762//4035
f 1759//4036 5650//4036 8205//4036 5656//4036
f 5650//4037 1756//4037 5651//4037 8205//4037
f 8205//4038 5651//4038 1760//4038 5658//4038
f 5656//4039 8205//4039 5658//4039 1763//4039
f 1760//4040 5653//4040 8206//4040 5659//4040
f 5653//4041 1761//4041 5660//4041 8206//4041
f 8206//4042 5660//4042 242//4042 5661//4042
f 5659//4043 8206//4043 5661//4043 241//4043
f 1761//4044 5655//4044 8207//4044 5660//4044
f 5655//4045 1762//4045 5662//4045 8207//4045
f 8207//4046 5662//4046 243//4046 5663//4046
f 5660//4047 8207//4047 5663//4047 242//4047
f 1762//4048 5657//4048 8208//4048 5662//4048
f 5657//4049 1763//4049 5664//4049 8208//4049
f 8208//4050 5664//4050 244//4050 5665//4050
f 5662//4051 8208//4051 5665//4051 243//4051
f 1763//4052 5658//4052 8209//4052 5664//4052
f 5658//4053 1760//4053 5659//4053 8209//4053
f 8209//4054 5659//4054 241//4054 5666//4054
f 5664//4055 8209//4055 5666//4055 244//4055
f 241//4056 5661//4056 8210//4056 5667//4056
f 5661//4057 242//4057 5668//4057 8210//4057
f 8210//4058 5668//4058 1765//4058 5669//4058
f 5667//4059 8210//4059 5669//4059 1764//4059
f 242//4060 5663//4060 8211//4060 5668//4060
f 5663//4061 243//4061 5670//4061 8211//4061
f 8211//4062 5670//4062 1766//4062 5671//4062
f 5668//4063 8211//4063 5671//4063 1765//4063
f 243//4064 5665//4064 8212//4064 5670//4064
f 5665//4065 244//4065 5672//4065 8212//4065
f 8212//4066 5672//4066 1767//4066 5673//4066
f 5670//4067 8212//4067 5673//4067 1766//4067
f 244//4068 5666//4068 8213//4068 5672//4068
f 5666//4069 241//4069 5667//4069 8213//4069
f 8213//4070 5667//4070 1764//4070 5674//4070
f 5672//4071 8213//4071 5674//4071 1767//4071
f 1764//4072 5669//4072 8214//4072 5675//4072
f 5669//4073 1765//4073 5676//4073 8214//4073
f 8214//4074 5676//4074 1769//4074 5677//4074
f 5675//4075 8214//4075 5677//4075 1768//4075
f 1765//4076 5671//4076 8215//4076 5676//4076
f 5671//4077 1766//4077 5678//4077 8215//4077
f 8215//4078 5678//4078 1770//4078 5679//4078
f 5676//4079 8215//4079 5679//4079 1769//4079
f 1766//4080 5673//4080 8216//4080 5678//4080
f 5673//4081 1767//4081 5680//4081 8216//4081
f 8216//4082 5680//4082 1771//4082 5681//4082
f 5678//4083 8216//4083 5681//4083 1770//4083
f 1767//4084 5674//4084 8217//4084 5680//4084
f 5674//4085 1764//4085 5675//4085 8217//4085
f 8217//4086 5675//4086 1768//4086 5682//4086
f 5680//4087 8217//4087 5682//4087 1771//4087
f 1768//4088 5677//4088 8218//4088 5683//4088
f 5677//4089 1769//4089 5684//4089 8218//4089
f 8218//4090 5684//4090 1773//4090 5685//4090
f 5683//4091 8218//4091 5685//4091 1772//4091
f 1769//4092 5679//4092 8219//4092 5684//4092
f 5679//4093 1770//4093 5686//4093 8219//4093
f 8219//4093 5686//4093 1774//4093 5687//4093
f 5684//4092 8219//4092 5687//4092 1773//4092
f 1770//4094 5681//4094 8220//4094 5686//4094
f 5681//4095 1771//4095 5688//4095 8220//4095
f 8220//4096 5688//4096 1775//4096 5689//4096
f 5686//4094 8220//4094 5689//4094 1774//4094
f 1771//4097 5682//4097 8221//4097 5688//4097
f 5682//4098 1768//4098 5683//4098 8221//4098
f 8221//4099 5683//4099 1772//4099 5690//4099
f 5688//4100 8221//4100 5690//4100 1775//4100
f 1772//4101 5685//4101 8222//4101 5691//4101
f 5685//4102 1773//4102 5692//4102 8222//4102
f 8222//4090 5692//4090 1777//4090 5693//4090
f 5691//4101 8222//4101 5693//4101 1776//4101
f 1773//4103 5687//4103 8223//4103 5692//4103
f 5687//4093 1774//4093 5694//4093 8223//4093
f 8223//4104 5694//4104 1778//4104 5695//4104
f 5692//4092 8223//4092 5695//4092 1777//4092
f 1774//4105 5689//4105 8224//4105 5694//4105
f 5689//4095 1775//4095 5696//4095 8224//4095
f 8224//4095 5696//4095 1779//4095 5697//4095
f 5694//4105 8224//4105 5697//4105 1778//4105
f 1775//4100 5690//4100 8225//4100 5696//4100
f 5690//4098 1772//4098 5691//4098 8225//4098
f 8225//4098 5691//4098 1776//4098 5698//4098
f 5696//4097 8225//4097 5698//4097 1779//4097
f 1776//4101 5693//4101 8226//4101 5699//4101
f 5693//4089 1777//4089 5700//4089 8226//4089
f 8226//4090 5700//4090 1781//4090 5701//4090
f 5699//4091 8226//4091 5701//4091 1780//4091
f 1777//4103 5695//4103 8227//4103 5700//4103
f 5695//4093 1778//4093 5702//4093 8227//4093
f 8227//4093 5702//4093 1782//4093 5703//4093
f 5700//4103 8227//4103 5703//4103 1781//4103
f 1778//4094 5697//4094 8228//4094 5702//4094
f 5697//4096 1779//4096 5704//4096 8228//4096
f 8228//4095 5704//4095 1783//4095 5705//4095
f 5702//4106 8228//4106 5705//4106 1782//4106
f 1779//4100 5698//4100 8229//4100 5704//4100
f 5698//4098 1776//4098 5699//4098 8229//4098
f 8229//4098 5699//4098 1780//4098 5706//4098
f 5704//4100 8229//4100 5706//4100 1783//4100
f 1780//4091 5701//4091 8230//4091 5707//4091
f 5701//4102 1781//4102 5708//4102 8230//4102
f 8230//4089 5708//4089 1785//4089 5709//4089
f 5707//4101 8230//4101 5709//4101 1784//4101
f 1781//4103 5703//4103 8231//4103 5708//4103
f 5703//4093 1782//4093 5710//4093 8231//4093
f 8231//4093 5710//4093 1786//4093 5711//4093
f 5708//4092 8231//4092 5711//4092 1785//4092
f 1782//4094 5705//4094 8232//4094 5710//4094
f 5705//4096 1783//4096 5712//4096 8232//4096
f 8232//4095 5712//4095 1787//4095 5713//4095
f 5710//4105 8232//4105 5713//4105 1786//4105
f 1783//4087 5706//4087 8233//4087 5712//4087
f 5706//4098 1780//4098 5707//4098 8233//4098
f 8233//4098 5707//4098 1784//4098 5714//4098
f 5712//4097 8233//4097 5714//4097 1787//4097
f 1784//4107 5709//4107 8234//4107 5715//4107
f 5709//4089 1785//4089 5716//4089 8234//4089
f 8234//4108 5716//4108 1789//4108 5717//4108
f 5715//4107 8234//4107 5717//4107 1788//4107
f 1785//4092 5711//4092 8235//4092 5716//4092
f 5711//4104 1786//4104 5718//4104 8235//4104
f 8235//4093 5718//4093 1790//4093 5719//4093
f 5716//4103 8235//4103 5719//4103 1789//4103
f 1786//4094 5713//4094 8236//4094 5718//4094
f 5713//4109 1787//4109 5720//4109 8236//4109
f 8236//4110 5720//4110 1791//4110 5721//4110
f 5718//4094 8236//4094 5721//4094 1790//4094
f 1787//4097 5714//4097 8237//4097 5720//4097
f 5714//4098 1784//4098 5715//4098 8237//4098
f 8237//4098 5715//4098 1788//4098 5722//4098
f 5720//4097 8237//4097 5722//4097 1791//4097
f 1788//4111 5717//4111 8238//4111 5723//4111
f 5717//4112 1789//4112 5724//4112 8238//4112
f 8238//4113 5724//4113 1793//4113 5725//4113
f 5723//4114 8238//4114 5725//4114 1792//4114
f 1789//4115 5719//4115 8239//4115 5724//4115
f 5719//4116 1790//4116 5726//4116 8239//4116
f 8239//4117 5726//4117 1794//4117 5727//4117
f 5724//4118 8239//4118 5727//4118 1793//4118
f 1790//4119 5721//4119 8240//4119 5726//4119
f 5721//4120 1791//4120 5728//4120 8240//4120
f 8240//4121 5728//4121 1795//4121 5729//4121
f 5726//4122 8240//4122 5729//4122 1794//4122
f 1791//4123 5722//4123 8241//4123 5728//4123
f 5722//4124 1788//4124 5723//4124 8241//4124
f 8241//4125 5723//4125 1792//4125 5730//4125
f 5728//4126 8241//4126 5730//4126 1795//4126
f 1792//4127 5725//4127 8242//4127 5731//4127
f 5725//4128 1793//4128 5732//4128 8242//4128
f 8242//4129 5732//4129 230//4129 5733//4129
f 5731//4130 8242//4130 5733//4130 229//4130
f 1793//4131 5727//4131 8243//4131 5732//4131
f 5727//4132 1794//4132 5734//4132 8243//4132
f 8243//4133 5734//4133 231//4133 5735//4133
f 5732//4134 8243//4134 5735//4134 230//4134
f 1794//4135 5729//4135 8244//4135 5734//4135
f 5729//4136 1795//4136 5736//4136 8244//4136
f 8244//4137 5736//4137 232//4137 5737//4137
f 5734//4138 8244//4138 5737//4138 231//4138
f 1795//4139 5730//4139 8245//4139 5736//4139
f 5730//4140 1792//4140 5731//4140 8245//4140
f 8245//4141 5731//4141 229//4141 5738//4141
f 5736//4142 8245//4142 5738//4142 232//4142
f 1796//4143 5740//4143 8246//4143 5739//4143
f 5740//4144 1797//4144 5741//4144 8246//4144
f 8246//4145 5741//4145 234//4145 5742//4145
f 5739//4146 8246//4146 5742//4146 233//4146
f 1797//4147 5743//4147 8247//4147 5741//4147
f 5743//4148 1798//4148 5744//4148 8247//4148
f 8247//4149 5744//4149 235//4149 5745//4149
f 5741//4150 8247//4150 5745//4150 234//4150
f 1798//4151 5746//4151 8248//4151 5744//4151
f 5746//4152 1799//4152 5747//4152 8248//4152
f 8248//4153 5747//4153 236//4153 5748//4153
f 5744//4154 8248//4154 5748//4154 235//4154
f 1799//4155 5749//4155 8249//4155 5747//4155
f 5749//4156 1796//4156 5739//4156 8249//4156
f 8249//4157 5739//4157 233//4157 5750//4157
f 5747//4158 8249//4158 5750//4158 236//4158
f 1800//4159 5752//4159 8250//4159 5751//4159
f 5752//4160 1801//4160 5753//4160 8250//4160
f 8250//4161 5753//4161 1797//4161 5740//4161
f 5751//4162 8250//4162 5740//4162 1796//4162
f 1801//4163 5754//4163 8251//4163 5753//4163
f 5754//4164 1802//4164 5755//4164 8251//4164
f 8251//4165 5755//4165 1798//4165 5743//4165
f 5753//4166 8251//4166 5743//4166 1797//4166
f 1802//4167 5756//4167 8252//4167 5755//4167
f 5756//4168 1803//4168 5757//4168 8252//4168
f 8252//4169 5757//4169 1799//4169 5746//4169
f 5755//4170 8252//4170 5746//4170 1798//4170
f 1803//4171 5758//4171 8253//4171 5757//4171
f 5758//4172 1800//4172 5751//4172 8253//4172
f 8253//4173 5751//4173 1796//4173 5749//4173
f 5757//4174 8253//4174 5749//4174 1799//4174
f 1804//4159 5760//4159 8254//4159 5759//4159
f 5760//4175 1805//4175 5761//4175 8254//4175
f 8254//4176 5761//4176 1801//4176 5752//4176
f 5759//4159 8254//4159 5752//4159 1800//4159
f 1805//4177 5762//4177 8255//4177 5761//4177
f 5762//4178 1806//4178 5763//4178 8255//4178
f 8255//4178 5763//4178 1802//4178 5754//4178
f 5761//4177 8255//4177 5754//4177 1801//4177
f 1806//4179 5764//4179 8256//4179 5763//4179
f 5764//4180 1807//4180 5765//4180 8256//4180
f 8256//4181 5765//4181 1803//4181 5756//4181
f 5763//4179 8256//4179 5756//4179 1802//4179
f 1807//4182 5766//4182 8257//4182 5765//4182
f 5766//4183 1804//4183 5759//4183 8257//4183
f 8257//4183 5759//4183 1800//4183 5758//4183
f 5765//4182 8257//4182 5758//4182 1803//4182
f 1808//4184 5768//4184 8258//4184 5767//4184
f 5768//4185 1809//4185 5769//4185 8258//4185
f 8258//4186 5769//4186 1805//4186 5760//4186
f 5767//4159 8258//4159 5760//4159 1804//4159
f 1809//4177 5770//4177 8259//4177 5769//4177
f 5770//4187 1810//4187 5771//4187 8259//4187
f 8259//4187 5771//4187 1806//4187 5762//4187
f 5769//4177 8259//4177 5762//4177 1805//4177
f 1810//4179 5772//4179 8260//4179 5771//4179
f 5772//4180 1811//4180 5773//4180 8260//4180
f 8260//4180 5773//4180 1807//4180 5764//4180
f 5771//4188 8260//4188 5764//4188 1806//4188
f 1811//4189 5774//4189 8261//4189 5773//4189
f 5774//4183 1808//4183 5767//4183 8261//4183
f 8261//4183 5767//4183 1804//4183 5766//4183
f 5773//4182 8261//4182 5766//4182 1807//4182
f 1812//4159 5776//4159 8262//4159 5775//4159
f 5776//4190 1813//4190 5777//4190 8262//4190
f 8262//4175 5777//4175 1809//4175 5768//4175
f 5775//4184 8262//4184 5768//4184 1808//4184
f 1813//4177 5778//4177 8263//4177 5777//4177
f 5778//4178 1814//4178 5779//4178 8263//4178
f 8263//4178 5779//4178 1810//4178 5770//4178
f 5777//4191 8263//4191 5770//4191 1809//4191
f 1814//4179 5780//4179 8264//4179 5779//4179
f 5780//4181 1815//4181 5781//4181 8264//4181
f 8264//4180 5781//4180 1811//4180 5772//4180
f 5779//4188 8264//4188 5772//4188 1810//4188
f 1815//4182 5782//4182 8265//4182 5781//4182
f 5782//4183 1812//4183 5775//4183 8265//4183
f 8265//4183 5775//4183 1808//4183 5774//4183
f 5781//4182 8265//4182 5774//4182 1811//4182
f 1816//4162 5784//4162 8266//4162 5783//4162
f 5784//4176 1817//4176 5785//4176 8266//4176
f 8266//4192 5785//4192 1813//4192 5776//4192
f 5783//4159 8266//4159 5776//4159 1812//4159
f 1817//4177 5786//4177 8267//4177 5785//4177
f 5786//4178 1818//4178 5787//4178 8267//4178
f 8267//4193 5787//4193 1814//4193 5778//4193
f 5785//4177 8267//4177 5778//4177 1813//4177
f 1818//4179 5788//4179 8268//4179 5787//4179
f 5788//4180 1819//4180 5789//4180 8268//4180
f 8268//4180 5789//4180 1815//4180 5780//4180
f 5787//4179 8268//4179 5780//4179 1814//4179
f 1819//4189 5790//4189 8269//4189 5789//4189
f 5790//4183 1816//4183 5783//4183 8269//4183
f 8269//4183 5783//4183 1812//4183 5782//4183
f 5789//4182 8269//4182 5782//4182 1815//4182
f 1820//4162 5792//4162 8270//4162 5791//4162
f 5792//4176 1821//4176 5793//4176 8270//4176
f 8270//4176 5793//4176 1817//4176 5784//4176
f 5791//4159 8270//4159 5784//4159 1816//4159
f 1821//4177 5794//4177 8271//4177 5793//4177
f 5794//4187 1822//4187 5795//4187 8271//4187
f 8271//4178 5795//4178 1818//4178 5786//4178
f 5793//4177 8271//4177 5786//4177 1817//4177
f 1822//4179 5796//4179 8272//4179 5795//4179
f 5796//4194 1823//4194 5797//4194 8272//4194
f 8272//4180 5797//4180 1819//4180 5788//4180
f 5795//4188 8272//4188 5788//4188 1818//4188
f 1823//4182 5798//4182 8273//4182 5797//4182
f 5798//4183 1820//4183 5791//4183 8273//4183
f 8273//4183 5791//4183 1816//4183 5790//4183
f 5797//4182 8273//4182 5790//4182 1819//4182
f 237//4195 2518//4195 8274//4195 5799//4195
f 2518//4196 238//4196 5800//4196 8274//4196
f 8274//4197 5800//4197 1821//4197 5792//4197
f 5799//4198 8274//4198 5792//4198 1820//4198
f 238//4199 2517//4199 8275//4199 5800//4199
f 2517//4200 239//4200 5801//4200 8275//4200
f 8275//4201 5801//4201 1822//4201 5794//4201
f 5800//4202 8275//4202 5794//4202 1821//4202
f 239//4203 2516//4203 8276//4203 5801//4203
f 2516//4204 240//4204 5802//4204 8276//4204
f 8276//4205 5802//4205 1823//4205 5796//4205
f 5801//4206 8276//4206 5796//4206 1822//4206
f 240//4207 2515//4207 8277//4207 5802//4207
f 2515//4208 237//4208 5799//4208 8277//4208
f 8277//4209 5799//4209 1820//4209 5798//4209
f 5802//4210 8277//4210 5798//4210 1823//4210
f 1824//4211 5804//4211 8278//4211 5803//4211
f 5804//4212 1825//4212 5805//4212 8278//4212
f 8278//4213 5805//4213 210//4213 5806//4213
f 5803//4214 8278//4214 5806//4214 209//4214
f 1825//4215 5807//4215 8279//4215 5805//4215
f 5807//4216 1826//4216 5808//4216 8279//4216
f 8279//4217 5808//4217 211//4217 5809//4217
f 5805//4218 8279//4218 5809//4218 210//4218
f 1826//4219 5810//4219 8280//4219 5808//4219
f 5810//4220 1827//4220 5811//4220 8280//4220
f 8280//4221 5811//4221 212//4221 5812//4221
f 5808//4222 8280//4222 5812//4222 211//4222
f 1827//4223 5813//4223 8281//4223 5811//4223
f 5813//4224 1824//4224 5803//4224 8281//4224
f 8281//4225 5803//4225 209//4225 5814//4225
f 5811//4226 8281//4226 5814//4226 212//4226
f 1828//4227 5816//4227 8282//4227 5815//4227
f 5816//4228 1829//4228 5817//4228 8282//4228
f 8282//4229 5817//4229 1825//4229 5804//4229
f 5815//4230 8282//4230 5804//4230 1824//4230
f 1829//4231 5818//4231 8283//4231 5817//4231
f 5818//4232 1830//4232 5819//4232 8283//4232
f 8283//4233 5819//4233 1826//4233 5807//4233
f 5817//4234 8283//4234 5807//4234 1825//4234
f 1830//4235 5820//4235 8284//4235 5819//4235
f 5820//4236 1831//4236 5821//4236 8284//4236
f 8284//4237 5821//4237 1827//4237 5810//4237
f 5819//4238 8284//4238 5810//4238 1826//4238
f 1831//4239 5822//4239 8285//4239 5821//4239
f 5822//4240 1828//4240 5815//4240 8285//4240
f 8285//4241 5815//4241 1824//4241 5813//4241
f 5821//4242 8285//4242 5813//4242 1827//4242
f 1832//4243 5824//4243 8286//4243 5823//4243
f 5824//4244 1833//4244 5825//4244 8286//4244
f 8286//4244 5825//4244 1829//4244 5816//4244
f 5823//4243 8286//4243 5816//4243 1828//4243
f 1833//4245 5826//4245 8287//4245 5825//4245
f 5826//4232 1834//4232 5827//4232 8287//4232
f 8287//4232 5827//4232 1830//4232 5818//4232
f 5825//4245 8287//4245 5818//4245 1829//4245
f 1834//4246 5828//4246 8288//4246 5827//4246
f 5828//4247 1835//4247 5829//4247 8288//4247
f 8288//4248 5829//4248 1831//4248 5820//4248
f 5827//4246 8288//4246 5820//4246 1830//4246
f 1835//4249 5830//4249 8289//4249 5829//4249
f 5830//4250 1832//4250 5823//4250 8289//4250
f 8289//4250 5823//4250 1828//4250 5822//4250
f 5829//4249 8289//4249 5822//4249 1831//4249
f 1836//4243 5832//4243 8290//4243 5831//4243
f 5832//4251 1837//4251 5833//4251 8290//4251
f 8290//4244 5833//4244 1833//4244 5824//4244
f 5831//4243 8290//4243 5824//4243 1832//4243
f 1837//4245 5834//4245 8291//4245 5833//4245
f 5834//4232 1838//4232 5835//4232 8291//4232
f 8291//4232 5835//4232 1834//4232 5826//4232
f 5833//4245 8291//4245 5826//4245 1833//4245
f 1838//4246 5836//4246 8292//4246 5835//4246
f 5836//4247 1839//4247 5837//4247 8292//4247
f 8292//4248 5837//4248 1835//4248 5828//4248
f 5835//4246 8292//4246 5828//4246 1834//4246
f 1839//4249 5838//4249 8293//4249 5837//4249
f 5838//4250 1836//4250 5831//4250 8293//4250
f 8293//4250 5831//4250 1832//4250 5830//4250
f 5837//4239 8293//4239 5830//4239 1835//4239
f 1840//4252 5840//4252 8294//4252 5839//4252
f 5840//4253 1841//4253 5841//4253 8294//4253
f 8294//4254 5841//4254 1837//4254 5832//4254
f 5839//4255 8294//4255 5832//4255 1836//4255
f 1841//4256 5842//4256 8295//4256 5841//4256
f 5842//4257 1842//4257 5843//4257 8295//4257
f 8295//4258 5843//4258 1838//4258 5834//4258
f 5841//4259 8295//4259 5834//4259 1837//4259
f 1842//4260 5844//4260 8296//4260 5843//4260
f 5844//4261 1843//4261 5845//4261 8296//4261
f 8296//4262 5845//4262 1839//4262 5836//4262
f 5843//4263 8296//4263 5836//4263 1838//4263
f 1843//4264 5846//4264 8297//4264 5845//4264
f 5846//4265 1840//4265 5839//4265 8297//4265
f 8297//4266 5839//4266 1836//4266 5838//4266
f 5845//4267 8297//4267 5838//4267 1839//4267
f 233//4268 5742//4268 8298//4268 5847//4268
f 5742//4269 234//4269 5848//4269 8298//4269
f 8298//4270 5848//4270 1841//4270 5840//4270
f 5847//4271 8298//4271 5840//4271 1840//4271
f 234//4272 5745//4272 8299//4272 5848//4272
f 5745//4273 235//4273 5849//4273 8299//4273
f 8299//4274 5849//4274 1842//4274 5842//4274
f 5848//4275 8299//4275 5842//4275 1841//4275
f 235//4276 5748//4276 8300//4276 5849//4276
f 5748//4277 236//4277 5850//4277 8300//4277
f 8300//4278 5850//4278 1843//4278 5844//4278
f 5849//4279 8300//4279 5844//4279 1842//4279
f 236//4280 5750//4280 8301//4280 5850//4280
f 5750//4281 233//4281 5847//4281 8301//4281
f 8301//4282 5847//4282 1840//4282 5846//4282
f 5850//4283 8301//4283 5846//4283 1843//4283
f 1847//4284 5852//4284 8302//4284 5851//4284
f 5852//4285 1848//4285 5853//4285 8302//4285
f 8302//4286 5853//4286 1845//4286 2418//4286
f 5851//4287 8302//4287 2418//4287 1844//4287
f 1848//4288 5854//4288 8303//4288 5853//4288
f 5854//4289 1849//4289 5855//4289 8303//4289
f 8303//4290 5855//4290 426//4290 2425//4290
f 5853//4291 8303//4291 2425//4291 1845//4291
f 1849//4292 5856//4292 8304//4292 5855//4292
f 5856//4293 1850//4293 5857//4293 8304//4293
f 8304//4294 5857//4294 1846//4294 2421//4294
f 5855//4295 8304//4295 2421//4295 426//4295
f 1850//4296 5858//4296 8305//4296 5857//4296
f 5858//4297 1847//4297 5851//4297 8305//4297
f 8305//4298 5851//4298 1844//4298 2423//4298
f 5857//4299 8305//4299 2423//4299 1846//4299
f 1851//4300 5860//4300 8306//4300 5859//4300
f 5860//4301 1852//4301 5861//4301 8306//4301
f 8306//4302 5861//4302 1848//4302 5852//4302
f 5859//4303 8306//4303 5852//4303 1847//4303
f 1852//4304 5862//4304 8307//4304 5861//4304
f 5862//4305 1853//4305 5863//4305 8307//4305
f 8307//4306 5863//4306 1849//4306 5854//4306
f 5861//4307 8307//4307 5854//4307 1848//4307
f 1853//4308 5864//4308 8308//4308 5863//4308
f 5864//4309 1854//4309 5865//4309 8308//4309
f 8308//4310 5865//4310 1850//4310 5856//4310
f 5863//4311 8308//4311 5856//4311 1849//4311
f 1854//4312 5866//4312 8309//4312 5865//4312
f 5866//4313 1851//4313 5859//4313 8309//4313
f 8309//4314 5859//4314 1847//4314 5858//4314
f 5865//4315 8309//4315 5858//4315 1850//4315
f 1855//4316 5868//4316 8310//4316 5867//4316
f 5868//4317 1856//4317 5869//4317 8310//4317
f 8310//4318 5869//4318 1852//4318 5860//4318
f 5867//4319 8310//4319 5860//4319 1851//4319
f 1856//4320 5870//4320 8311//4320 5869//4320
f 5870//4321 1857//4321 5871//4321 8311//4321
f 8311//4322 5871//4322 1853//4322 5862//4322
f 5869//4323 8311//4323 5862//4323 1852//4323
f 1857//4324 5872//4324 8312//4324 5871//4324
f 5872//4325 1858//4325 5873//4325 8312//4325
f 8312//4326 5873//4326 1854//4326 5864//4326
f 5871//4327 8312//4327 5864//4327 1853//4327
f 1858//4328 5874//4328 8313//4328 5873//4328
f 5874//4329 1855//4329 5867//4329 8313//4329
f 8313//4330 5867//4330 1851//4330 5866//4330
f 5873//4331 8313//4331 5866//4331 1854//4331
f 225//4332 5554//4332 8314//4332 5875//4332
f 5554//4333 226//4333 5876//4333 8314//4333
f 8314//4334 5876//4334 1856//4334 5868//4334
f 5875//4335 8314//4335 5868//4335 1855//4335
f 226//4336 5557//4336 8315//4336 5876//4336
f 5557//4337 227//4337 5877//4337 8315//4337
f 8315//4338 5877//4338 1857//4338 5870//4338
f 5876//4339 8315//4339 5870//4339 1856//4339
f 227//4340 5560//4340 8316//4340 5877//4340
f 5560//4341 228//4341 5878//4341 8316//4341
f 8316//4342 5878//4342 1858//4342 5872//4342
f 5877//4343 8316//4343 5872//4343 1857//4343
f 228//4344 5562//4344 8317//4344 5878//4344
f 5562//4345 225//4345 5875//4345 8317//4345
f 8317//4346 5875//4346 1855//4346 5874//4346
f 5878//4347 8317//4347 5874//4347 1858//4347
f 221//4348 5880//4348 8318//4348 5879//4348
f 5880//4349 222//4349 5881//4349 8318//4349
f 8318//4350 5881//4350 1860//4350 5882//4350
f 5879//4351 8318//4351 5882//4351 1859//4351
f 222//4352 5883//4352 8319//4352 5881//4352
f 5883//4353 223//4353 5884//4353 8319//4353
f 8319//4354 5884//4354 1861//4354 5885//4354
f 5881//4355 8319//4355 5885//4355 1860//4355
f 223//4356 5886//4356 8320//4356 5884//4356
f 5886//4357 224//4357 5887//4357 8320//4357
f 8320//4358 5887//4358 1862//4358 5888//4358
f 5884//4359 8320//4359 5888//4359 1861//4359
f 224//4360 5889//4360 8321//4360 5887//4360
f 5889//4361 221//4361 5879//4361 8321//4361
f 8321//4362 5879//4362 1859//4362 5890//4362
f 5887//4363 8321//4363 5890//4363 1862//4363
f 1859//4364 5882//4364 8322//4364 5891//4364
f 5882//4365 1860//4365 5892//4365 8322//4365
f 8322//4366 5892//4366 1864//4366 5893//4366
f 5891//4367 8322//4367 5893//4367 1863//4367
f 1860//4368 5885//4368 8323//4368 5892//4368
f 5885//4369 1861//4369 5894//4369 8323//4369
f 8323//4370 5894//4370 1865//4370 5895//4370
f 5892//4371 8323//4371 5895//4371 1864//4371
f 1861//4372 5888//4372 8324//4372 5894//4372
f 5888//4373 1862//4373 5896//4373 8324//4373
f 8324//4374 5896//4374 1866//4374 5897//4374
f 5894//4375 8324//4375 5897//4375 1865//4375
f 1862//4376 5890//4376 8325//4376 5896//4376
f 5890//4377 1859//4377 5891//4377 8325//4377
f 8325//4378 5891//4378 1863//4378 5898//4378
f 5896//4379 8325//4379 5898//4379 1866//4379
f 1863//4380 5893//4380 8326//4380 5899//4380
f 5893//4381 1864//4381 5900//4381 8326//4381
f 8326//4382 5900//4382 1868//4382 2341//4382
f 5899//4383 8326//4383 2341//4383 1867//4383
f 1864//4384 5895//4384 8327//4384 5900//4384
f 5895//4385 1865//4385 5901//4385 8327//4385
f 8327//4386 5901//4386 1869//4386 2340//4386
f 5900//4387 8327//4387 2340//4387 1868//4387
f 1865//4388 5897//4388 8328//4388 5901//4388
f 5897//4389 1866//4389 5902//4389 8328//4389
f 8328//4390 5902//4390 1870//4390 2339//4390
f 5901//4391 8328//4391 2339//4391 1869//4391
f 1866//4392 5898//4392 8329//4392 5902//4392
f 5898//4393 1863//4393 5899//4393 8329//4393
f 8329//4394 5899//4394 1867//4394 2343//4394
f 5902//4395 8329//4395 2343//4395 1870//4395
f 217//4396 5904//4396 8330//4396 5903//4396
f 5904//4397 218//4397 5905//4397 8330//4397
f 8330//4398 5905//4398 2151//4398 2326//4398
f 5903//4399 8330//4399 2326//4399 2152//4399
f 218//4400 5906//4400 8331//4400 5905//4400
f 5906//4401 219//4401 5907//4401 8331//4401
f 8331//4402 5907//4402 2150//4402 2321//4402
f 5905//4403 8331//4403 2321//4403 2151//4403
f 219//4404 5908//4404 8332//4404 5907//4404
f 5908//4405 220//4405 5909//4405 8332//4405
f 8332//4406 5909//4406 2149//4406 2318//4406
f 5907//4407 8332//4407 2318//4407 2150//4407
f 220//4408 5910//4408 8333//4408 5909//4408
f 5910//4409 217//4409 5903//4409 8333//4409
f 8333//4410 5903//4410 2152//4410 2328//4410
f 5909//4411 8333//4411 2328//4411 2149//4411
f 213//4412 5912//4412 8334//4412 5911//4412
f 5912//4413 214//4413 5913//4413 8334//4413
f 8334//4414 5913//4414 1875//4414 5914//4414
f 5911//4415 8334//4415 5914//4415 1874//4415
f 214//4416 5915//4416 8335//4416 5913//4416
f 5915//4417 215//4417 5916//4417 8335//4417
f 8335//4418 5916//4418 1876//4418 5917//4418
f 5913//4419 8335//4419 5917//4419 1875//4419
f 215//4420 5918//4420 8336//4420 5916//4420
f 5918//4421 216//4421 5919//4421 8336//4421
f 8336//4422 5919//4422 1877//4422 5920//4422
f 5916//4423 8336//4423 5920//4423 1876//4423
f 216//4424 5921//4424 8337//4424 5919//4424
f 5921//4425 213//4425 5911//4425 8337//4425
f 8337//4426 5911//4426 1874//4426 5922//4426
f 5919//4427 8337//4427 5922//4427 1877//4427
f 1874//4428 5914//4428 8338//4428 5923//4428
f 5914//4429 1875//4429 5924//4429 8338//4429
f 8338//4430 5924//4430 1879//4430 2242//4430
f 5923//4431 8338//4431 2242//4431 1878//4431
f 1875//4432 5917//4432 8339//4432 5924//4432
f 5917//4433 1876//4433 5925//4433 8339//4433
f 8339//4434 5925//4434 1880//4434 2256//4434
f 5924//4435 8339//4435 2256//4435 1879//4435
f 1876//4436 5920//4436 8340//4436 5925//4436
f 5920//4437 1877//4437 5926//4437 8340//4437
f 8340//4438 5926//4438 1881//4438 2255//4438
f 5925//4439 8340//4439 2255//4439 1880//4439
f 1877//4440 5922//4440 8341//4440 5926//4440
f 5922//4441 1874//4441 5923//4441 8341//4441
f 8341//4442 5923//4442 1878//4442 2238//4442
f 5926//4443 8341//4443 2238//4443 1881//4443
f 1885//4444 5928//4444 8342//4444 5927//4444
f 5928//4445 1886//4445 5929//4445 8342//4445
f 8342//4446 5929//4446 1883//4446 2185//4446
f 5927//4447 8342//4447 2185//4447 1882//4447
f 1886//4448 5930//4448 8343//4448 5929//4448
f 5930//4449 1887//4449 5931//4449 8343//4449
f 8343//4450 5931//4450 1884//4450 2184//4450
f 5929//4451 8343//4451 2184//4451 1883//4451
f 1887//4452 5932//4452 8344//4452 5931//4452
f 5932//4453 1888//4453 5933//4453 8344//4453
f 8344//4454 5933//4454 786//4454 2182//4454
f 5931//4455 8344//4455 2182//4455 1884//4455
f 1888//4456 5934//4456 8345//4456 5933//4456
f 5934//4457 1885//4457 5927//4457 8345//4457
f 8345//4458 5927//4458 1882//4458 2162//4458
f 5933//4459 8345//4459 2162//4459 786//4459
f 1889//4460 5936//4460 8346//4460 5935//4460
f 5936//4461 1890//4461 5937//4461 8346//4461
f 8346//4462 5937//4462 1886//4462 5928//4462
f 5935//4463 8346//4463 5928//4463 1885//4463
f 1890//4464 5938//4464 8347//4464 5937//4464
f 5938//4465 1891//4465 5939//4465 8347//4465
f 8347//4466 5939//4466 1887//4466 5930//4466
f 5937//4467 8347//4467 5930//4467 1886//4467
f 1891//4468 5940//4468 8348//4468 5939//4468
f 5940//4469 1892//4469 5941//4469 8348//4469
f 8348//4470 5941//4470 1888//4470 5932//4470
f 5939//4471 8348//4471 5932//4471 1887//4471
f 1892//4472 5942//4472 8349//4472 5941//4472
f 5942//4473 1889//4473 5935//4473 8349//4473
f 8349//4474 5935//4474 1885//4474 5934//4474
f 5941//4475 8349//4475 5934//4475 1888//4475
f 1893//4476 5944//4476 8350//4476 5943//4476
f 5944//4477 1894//4477 5945//4477 8350//4477
f 8350//4478 5945//4478 1890//4478 5936//4478
f 5943//4476 8350//4476 5936//4476 1889//4476
f 1894//4479 5946//4479 8351//4479 5945//4479
f 5946//4480 1895//4480 5947//4480 8351//4480
f 8351//4480 5947//4480 1891//4480 5938//4480
f 5945//4479 8351//4479 5938//4479 1890//4479
f 1895//4481 5948//4481 8352//4481 5947//4481
f 5948//4482 1896//4482 5949//4482 8352//4482
f 8352//4482 5949//4482 1892//4482 5940//4482
f 5947//4481 8352//4481 5940//4481 1891//4481
f 1896//4483 5950//4483 8353//4483 5949//4483
f 5950//4484 1893//4484 5943//4484 8353//4484
f 8353//4484 5943//4484 1889//4484 5942//4484
f 5949//4483 8353//4483 5942//4483 1892//4483
f 1897//4485 5952//4485 8354//4485 5951//4485
f 5952//4477 1898//4477 5953//4477 8354//4477
f 8354//4477 5953//4477 1894//4477 5944//4477
f 5951//4485 8354//4485 5944//4485 1893//4485
f 1898//4486 5954//4486 8355//4486 5953//4486
f 5954//4480 1899//4480 5955//4480 8355//4480
f 8355//4480 5955//4480 1895//4480 5946//4480
f 5953//4486 8355//4486 5946//4486 1894//4486
f 1899//4481 5956//4481 8356//4481 5955//4481
f 5956//4482 1900//4482 5957//4482 8356//4482
f 8356//4482 5957//4482 1896//4482 5948//4482
f 5955//4481 8356//4481 5948//4481 1895//4481
f 1900//4483 5958//4483 8357//4483 5957//4483
f 5958//4484 1897//4484 5951//4484 8357//4484
f 8357//4484 5951//4484 1893//4484 5950//4484
f 5957//4483 8357//4483 5950//4483 1896//4483
f 1901//4487 5960//4487 8358//4487 5959//4487
f 5960//4488 1902//4488 5961//4488 8358//4488
f 8358//4489 5961//4489 1898//4489 5952//4489
f 5959//4490 8358//4490 5952//4490 1897//4490
f 1902//4491 5962//4491 8359//4491 5961//4491
f 5962//4492 1903//4492 5963//4492 8359//4492
f 8359//4480 5963//4480 1899//4480 5954//4480
f 5961//4479 8359//4479 5954//4479 1898//4479
f 1903//4493 5964//4493 8360//4493 5963//4493
f 5964//4494 1904//4494 5965//4494 8360//4494
f 8360//4495 5965//4495 1900//4495 5956//4495
f 5963//4496 8360//4496 5956//4496 1899//4496
f 1904//4497 5966//4497 8361//4497 5965//4497
f 5966//4498 1901//4498 5959//4498 8361//4498
f 8361//4484 5959//4484 1897//4484 5958//4484
f 5965//4499 8361//4499 5958//4499 1900//4499
f 209//4500 5806//4500 8362//4500 5967//4500
f 5806//4501 210//4501 5968//4501 8362//4501
f 8362//4502 5968//4502 1902//4502 5960//4502
f 5967//4503 8362//4503 5960//4503 1901//4503
f 210//4504 5809//4504 8363//4504 5968//4504
f 5809//4505 211//4505 5969//4505 8363//4505
f 8363//4506 5969//4506 1903//4506 5962//4506
f 5968//4507 8363//4507 5962//4507 1902//4507
f 211//4508 5812//4508 8364//4508 5969//4508
f 5812//4509 212//4509 5970//4509 8364//4509
f 8364//4510 5970//4510 1904//4510 5964//4510
f 5969//4511 8364//4511 5964//4511 1903//4511
f 212//4512 5814//4512 8365//4512 5970//4512
f 5814//4513 209//4513 5967//4513 8365//4513
f 8365//4514 5967//4514 1901//4514 5966//4514
f 5970//4515 8365//4515 5966//4515 1904//4515
f 229//4516 5733//4516 8366//4516 5971//4516
f 5733//4517 230//4517 5972//4517 8366//4517
f 8366//4518 5972//4518 1906//4518 5973//4518
f 5971//4519 8366//4519 5973//4519 1905//4519
f 230//4520 5735//4520 8367//4520 5972//4520
f 5735//4521 231//4521 5974//4521 8367//4521
f 8367//4522 5974//4522 1907//4522 5975//4522
f 5972//4523 8367//4523 5975//4523 1906//4523
f 231//4524 5737//4524 8368//4524 5974//4524
f 5737//4525 232//4525 5976//4525 8368//4525
f 8368//4526 5976//4526 1908//4526 5977//4526
f 5974//4527 8368//4527 5977//4527 1907//4527
f 232//4528 5738//4528 8369//4528 5976//4528
f 5738//4529 229//4529 5971//4529 8369//4529
f 8369//4530 5971//4530 1905//4530 5978//4530
f 5976//4531 8369//4531 5978//4531 1908//4531
f 1905//4532 5973//4532 8370//4532 5979//4532
f 5973//4533 1906//4533 5980//4533 8370//4533
f 8370//4534 5980//4534 1910//4534 2470//4534
f 5979//4535 8370//4535 2470//4535 1909//4535
f 1906//4536 5975//4536 8371//4536 5980//4536
f 5975//4537 1907//4537 5981//4537 8371//4537
f 8371//4538 5981//4538 1911//4538 2482//4538
f 5980//4539 8371//4539 2482//4539 1910//4539
f 1907//4540 5977//4540 8372//4540 5981//4540
f 5977//4541 1908//4541 5982//4541 8372//4541
f 8372//4542 5982//4542 1912//4542 2480//4542
f 5981//4543 8372//4543 2480//4543 1911//4543
f 1908//4544 5978//4544 8373//4544 5982//4544
f 5978//4545 1905//4545 5979//4545 8373//4545
f 8373//4546 5979//4546 1909//4546 2466//4546
f 5982//4547 8373//4547 2466//4547 1912//4547
f 1913//4548 5984//4548 8374//4548 5983//4548
f 5984//4549 1914//4549 5985//4549 8374//4549
f 8374//4550 5985//4550 250//4550 5612//4550
f 5983//4551 8374//4551 5612//4551 249//4551
f 1914//4552 5986//4552 8375//4552 5985//4552
f 5986//4553 1915//4553 5987//4553 8375//4553
f 8375//4554 5987//4554 251//4554 5614//4554
f 5985//4555 8375//4555 5614//4555 250//4555
f 1915//4556 5988//4556 8376//4556 5987//4556
f 5988//4557 1916//4557 5989//4557 8376//4557
f 8376//4558 5989//4558 252//4558 5616//4558
f 5987//4559 8376//4559 5616//4559 251//4559
f 1916//4560 5990//4560 8377//4560 5989//4560
f 5990//4561 1913//4561 5983//4561 8377//4561
f 8377//4562 5983//4562 249//4562 5618//4562
f 5989//4563 8377//4563 5618//4563 252//4563
f 1917//4564 5992//4564 8378//4564 5991//4564
f 5992//4565 1918//4565 5993//4565 8378//4565
f 8378//4566 5993//4566 1914//4566 5984//4566
f 5991//4567 8378//4567 5984//4567 1913//4567
f 1918//4568 5994//4568 8379//4568 5993//4568
f 5994//4569 1919//4569 5995//4569 8379//4569
f 8379//4570 5995//4570 1915//4570 5986//4570
f 5993//4571 8379//4571 5986//4571 1914//4571
f 1919//4572 5996//4572 8380//4572 5995//4572
f 5996//4573 1920//4573 5997//4573 8380//4573
f 8380//4574 5997//4574 1916//4574 5988//4574
f 5995//4575 8380//4575 5988//4575 1915//4575
f 1920//4576 5998//4576 8381//4576 5997//4576
f 5998//4577 1917//4577 5991//4577 8381//4577
f 8381//4578 5991//4578 1913//4578 5990//4578
f 5997//4579 8381//4579 5990//4579 1916//4579
f 1921//4580 6000//4580 8382//4580 5999//4580
f 6000//4581 1922//4581 6001//4581 8382//4581
f 8382//4581 6001//4581 1918//4581 5992//4581
f 5999//4580 8382//4580 5992//4580 1917//4580
f 1922//4582 6002//4582 8383//4582 6001//4582
f 6002//4583 1923//4583 6003//4583 8383//4583
f 8383//4583 6003//4583 1919//4583 5994//4583
f 6001//4582 8383//4582 5994//4582 1918//4582
f 1923//4584 6004//4584 8384//4584 6003//4584
f 6004//4585 1924//4585 6005//4585 8384//4585
f 8384//4586 6005//4586 1920//4586 5996//4586
f 6003//4584 8384//4584 5996//4584 1919//4584
f 1924//4576 6006//4576 8385//4576 6005//4576
f 6006//4577 1921//4577 5999//4577 8385//4577
f 8385//4577 5999//4577 1917//4577 5998//4577
f 6005//4587 8385//4587 5998//4587 1920//4587
f 1925//4588 6008//4588 8386//4588 6007//4588
f 6008//4581 1926//4581 6009//4581 8386//4581
f 8386//4581 6009//4581 1922//4581 6000//4581
f 6007//4589 8386//4589 6000//4589 1921//4589
f 1926//4582 6010//4582 8387//4582 6009//4582
f 6010//4583 1927//4583 6011//4583 8387//4583
f 8387//4583 6011//4583 1923//4583 6002//4583
f 6009//4582 8387//4582 6002//4582 1922//4582
f 1927//4584 6012//4584 8388//4584 6011//4584
f 6012//4586 1928//4586 6013//4586 8388//4586
f 8388//4590 6013//4590 1924//4590 6004//4590
f 6011//4584 8388//4584 6004//4584 1923//4584
f 1928//4576 6014//4576 8389//4576 6013//4576
f 6014//4577 1925//4577 6007//4577 8389//4577
f 8389//4591 6007//4591 1921//4591 6006//4591
f 6013//4576 8389//4576 6006//4576 1924//4576
f 1929//4588 6016//4588 8390//4588 6015//4588
f 6016//4581 1930//4581 6017//4581 8390//4581
f 8390//4581 6017//4581 1926//4581 6008//4581
f 6015//4589 8390//4589 6008//4589 1925//4589
f 1930//4582 6018//4582 8391//4582 6017//4582
f 6018//4583 1931//4583 6019//4583 8391//4583
f 8391//4583 6019//4583 1927//4583 6010//4583
f 6017//4582 8391//4582 6010//4582 1926//4582
f 1931//4592 6020//4592 8392//4592 6019//4592
f 6020//4585 1932//4585 6021//4585 8392//4585
f 8392//4593 6021//4593 1928//4593 6012//4593
f 6019//4584 8392//4584 6012//4584 1927//4584
f 1932//4594 6022//4594 8393//4594 6021//4594
f 6022//4577 1929//4577 6015//4577 8393//4577
f 8393//4577 6015//4577 1925//4577 6014//4577
f 6021//4594 8393//4594 6014//4594 1928//4594
f 1933//4595 6024//4595 8394//4595 6023//4595
f 6024//4581 1934//4581 6025//4581 8394//4581
f 8394//4596 6025//4596 1930//4596 6016//4596
f 6023//4588 8394//4588 6016//4588 1929//4588
f 1934//4582 6026//4582 8395//4582 6025//4582
f 6026//4583 1935//4583 6027//4583 8395//4583
f 8395//4583 6027//4583 1931//4583 6018//4583
f 6025//4582 8395//4582 6018//4582 1930//4582
f 1935//4597 6028//4597 8396//4597 6027//4597
f 6028//4598 1936//4598 6029//4598 8396//4598
f 8396//4586 6029//4586 1932//4586 6020//4586
f 6027//4584 8396//4584 6020//4584 1931//4584
f 1936//4599 6030//4599 8397//4599 6029//4599
f 6030//4600 1933//4600 6023//4600 8397//4600
f 8397//4577 6023//4577 1929//4577 6022//4577
f 6029//4601 8397//4601 6022//4601 1932//4601
f 1937//4588 6032//4588 8398//4588 6031//4588
f 6032//4602 1938//4602 6033//4602 8398//4602
f 8398//4602 6033//4602 1934//4602 6024//4602
f 6031//4588 8398//4588 6024//4588 1933//4588
f 1938//4582 6034//4582 8399//4582 6033//4582
f 6034//4583 1939//4583 6035//4583 8399//4583
f 8399//4583 6035//4583 1935//4583 6026//4583
f 6033//4582 8399//4582 6026//4582 1934//4582
f 1939//4584 6036//4584 8400//4584 6035//4584
f 6036//4586 1940//4586 6037//4586 8400//4586
f 8400//4585 6037//4585 1936//4585 6028//4585
f 6035//4603 8400//4603 6028//4603 1935//4603
f 1940//4576 6038//4576 8401//4576 6037//4576
f 6038//4577 1937//4577 6031//4577 8401//4577
f 8401//4591 6031//4591 1933//4591 6030//4591
f 6037//4594 8401//4594 6030//4594 1936//4594
f 1941//4589 6040//4589 8402//4589 6039//4589
f 6040//4604 1942//4604 6041//4604 8402//4604
f 8402//4602 6041//4602 1938//4602 6032//4602
f 6039//4580 8402//4580 6032//4580 1937//4580
f 1942//4582 6042//4582 8403//4582 6041//4582
f 6042//4583 1943//4583 6043//4583 8403//4583
f 8403//4605 6043//4605 1939//4605 6034//4605
f 6041//4582 8403//4582 6034//4582 1938//4582
f 1943//4603 6044//4603 8404//4603 6043//4603
f 6044//4585 1944//4585 6045//4585 8404//4585
f 8404//4585 6045//4585 1940//4585 6036//4585
f 6043//4597 8404//4597 6036//4597 1939//4597
f 1944//4606 6046//4606 8405//4606 6045//4606
f 6046//4577 1941//4577 6039//4577 8405//4577
f 8405//4600 6039//4600 1937//4600 6038//4600
f 6045//4606 8405//4606 6038//4606 1940//4606
f 1945//4588 6048//4588 8406//4588 6047//4588
f 6048//4602 1946//4602 6049//4602 8406//4602
f 8406//4602 6049//4602 1942//4602 6040//4602
f 6047//4589 8406//4589 6040//4589 1941//4589
f 1946//4582 6050//4582 8407//4582 6049//4582
f 6050//4605 1947//4605 6051//4605 8407//4605
f 8407//4583 6051//4583 1943//4583 6042//4583
f 6049//4582 8407//4582 6042//4582 1942//4582
f 1947//4584 6052//4584 8408//4584 6051//4584
f 6052//4593 1948//4593 6053//4593 8408//4593
f 8408//4585 6053//4585 1944//4585 6044//4585
f 6051//4603 8408//4603 6044//4603 1943//4603
f 1948//4576 6054//4576 8409//4576 6053//4576
f 6054//4591 1945//4591 6047//4591 8409//4591
f 8409//4591 6047//4591 1941//4591 6046//4591
f 6053//4594 8409//4594 6046//4594 1944//4594
f 253//4607 2526//4607 8410//4607 6055//4607
f 2526//4608 254//4608 6056//4608 8410//4608
f 8410//4609 6056//4609 1946//4609 6048//4609
f 6055//4610 8410//4610 6048//4610 1945//4610
f 254//4611 2525//4611 8411//4611 6056//4611
f 2525//4612 255//4612 6057//4612 8411//4612
f 8411//4613 6057//4613 1947//4613 6050//4613
f 6056//4614 8411//4614 6050//4614 1946//4614
f 255//4615 2524//4615 8412//4615 6057//4615
f 2524//4616 256//4616 6058//4616 8412//4616
f 8412//4617 6058//4617 1948//4617 6052//4617
f 6057//4618 8412//4618 6052//4618 1947//4618
f 256//4619 2523//4619 8413//4619 6058//4619
f 2523//4620 253//4620 6055//4620 8413//4620
f 8413//4621 6055//4621 1945//4621 6054//4621
f 6058//4622 8413//4622 6054//4622 1948//4622
f 257//4623 6060//4623 8414//4623 6059//4623
f 6060//4624 258//4624 6061//4624 8414//4624
f 8414//4625 6061//4625 1950//4625 6062//4625
f 6059//4626 8414//4626 6062//4626 1949//4626
f 258//4627 6063//4627 8415//4627 6061//4627
f 6063//4628 259//4628 6064//4628 8415//4628
f 8415//4629 6064//4629 1951//4629 6065//4629
f 6061//4630 8415//4630 6065//4630 1950//4630
f 259//4631 6066//4631 8416//4631 6064//4631
f 6066//4632 260//4632 6067//4632 8416//4632
f 8416//4633 6067//4633 1952//4633 6068//4633
f 6064//4634 8416//4634 6068//4634 1951//4634
f 260//4635 6069//4635 8417//4635 6067//4635
f 6069//4636 257//4636 6059//4636 8417//4636
f 8417//4637 6059//4637 1949//4637 6070//4637
f 6067//4638 8417//4638 6070//4638 1952//4638
f 1949//4639 6062//4639 8418//4639 6071//4639
f 6062//4640 1950//4640 6072//4640 8418//4640
f 8418//4641 6072//4641 1954//4641 6073//4641
f 6071//4642 8418//4642 6073//4642 1953//4642
f 1950//4643 6065//4643 8419//4643 6072//4643
f 6065//4644 1951//4644 6074//4644 8419//4644
f 8419//4645 6074//4645 1955//4645 6075//4645
f 6072//4646 8419//4646 6075//4646 1954//4646
f 1951//4647 6068//4647 8420//4647 6074//4647
f 6068//4648 1952//4648 6076//4648 8420//4648
f 8420//4649 6076//4649 1956//4649 6077//4649
f 6074//4650 8420//4650 6077//4650 1955//4650
f 1952//4651 6070//4651 8421//4651 6076//4651
f 6070//4652 1949//4652 6071//4652 8421//4652
f 8421//4653 6071//4653 1953//4653 6078//4653
f 6076//4654 8421//4654 6078//4654 1956//4654
f 1953//4655 6073//4655 8422//4655 6079//4655
f 6073//4656 1954//4656 6080//4656 8422//4656
f 8422//4656 6080//4656 1958//4656 6081//4656
f 6079//4655 8422//4655 6081//4655 1957//4655
f 1954//4657 6075//4657 8423//4657 6080//4657
f 6075//4658 1955//4658 6082//4658 8423//4658
f 8423//4658 6082//4658 1959//4658 6083//4658
f 6080//4659 8423//4659 6083//4659 1958//4659
f 1955//4660 6077//4660 8424//4660 6082//4660
f 6077//4661 1956//4661 6084//4661 8424//4661
f 8424//4662 6084//4662 1960//4662 6085//4662
f 6082//4660 8424//4660 6085//4660 1959//4660
f 1956//4663 6078//4663 8425//4663 6084//4663
f 6078//4664 1953//4664 6079//4664 8425//4664
f 8425//4664 6079//4664 1957//4664 6086//4664
f 6084//4663 8425//4663 6086//4663 1960//4663
f 1957//4655 6081//4655 8426//4655 6087//4655
f 6081//4665 1958//4665 6088//4665 8426//4665
f 8426//4665 6088//4665 1962//4665 6089//4665
f 6087//4655 8426//4655 6089//4655 1961//4655
f 1958//4657 6083//4657 8427//4657 6088//4657
f 6083//4658 1959//4658 6090//4658 8427//4658
f 8427//4658 6090//4658 1963//4658 6091//4658
f 6088//4657 8427//4657 6091//4657 1962//4657
f 1959//4660 6085//4660 8428//4660 6090//4660
f 6085//4662 1960//4662 6092//4662 8428//4662
f 8428//4662 6092//4662 1964//4662 6093//4662
f 6090//4660 8428//4660 6093//4660 1963//4660
f 1960//4663 6086//4663 8429//4663 6092//4663
f 6086//4664 1957//4664 6087//4664 8429//4664
f 8429//4664 6087//4664 1961//4664 6094//4664
f 6092//4663 8429//4663 6094//4663 1964//4663
f 1961//4655 6089//4655 8430//4655 6095//4655
f 6089//4656 1962//4656 6096//4656 8430//4656
f 8430//4665 6096//4665 1966//4665 6097//4665
f 6095//4655 8430//4655 6097//4655 1965//4655
f 1962//4657 6091//4657 8431//4657 6096//4657
f 6091//4658 1963//4658 6098//4658 8431//4658
f 8431//4658 6098//4658 1967//4658 6099//4658
f 6096//4657 8431//4657 6099//4657 1966//4657
f 1963//4660 6093//4660 8432//4660 6098//4660
f 6093//4662 1964//4662 6100//4662 8432//4662
f 8432//4661 6100//4661 1968//4661 6101//4661
f 6098//4660 8432//4660 6101//4660 1967//4660
f 1964//4663 6094//4663 8433//4663 6100//4663
f 6094//4664 1961//4664 6095//4664 8433//4664
f 8433//4664 6095//4664 1965//4664 6102//4664
f 6100//4666 8433//4666 6102//4666 1968//4666
f 1965//4655 6097//4655 8434//4655 6103//4655
f 6097//4665 1966//4665 6104//4665 8434//4665
f 8434//4665 6104//4665 1970//4665 6105//4665
f 6103//4655 8434//4655 6105//4655 1969//4655
f 1966//4657 6099//4657 8435//4657 6104//4657
f 6099//4658 1967//4658 6106//4658 8435//4658
f 8435//4658 6106//4658 1971//4658 6107//4658
f 6104//4657 8435//4657 6107//4657 1970//4657
f 1967//4660 6101//4660 8436//4660 6106//4660
f 6101//4661 1968//4661 6108//4661 8436//4661
f 8436//4662 6108//4662 1972//4662 6109//4662
f 6106//4660 8436//4660 6109//4660 1971//4660
f 1968//4663 6102//4663 8437//4663 6108//4663
f 6102//4664 1965//4664 6103//4664 8437//4664
f 8437//4664 6103//4664 1969//4664 6110//4664
f 6108//4663 8437//4663 6110//4663 1972//4663
f 1969//4667 6105//4667 8438//4667 6111//4667
f 6105//4656 1970//4656 6112//4656 8438//4656
f 8438//4668 6112//4668 1974//4668 6113//4668
f 6111//4669 8438//4669 6113//4669 1973//4669
f 1970//4670 6107//4670 8439//4670 6112//4670
f 6107//4671 1971//4671 6114//4671 8439//4671
f 8439//4672 6114//4672 1975//4672 6115//4672
f 6112//4673 8439//4673 6115//4673 1974//4673
f 1971//4674 6109//4674 8440//4674 6114//4674
f 6109//4661 1972//4661 6116//4661 8440//4661
f 8440//4675 6116//4675 1976//4675 6117//4675
f 6114//4676 8440//4676 6117//4676 1975//4676
f 1972//4677 6110//4677 8441//4677 6116//4677
f 6110//4678 1969//4678 6111//4678 8441//4678
f 8441//4679 6111//4679 1973//4679 6118//4679
f 6116//4680 8441//4680 6118//4680 1976//4680
f 1973//4681 6113//4681 8442//4681 6119//4681
f 6113//4682 1974//4682 6120//4682 8442//4682
f 8442//4683 6120//4683 222//4683 5880//4683
f 6119//4684 8442//4684 5880//4684 221//4684
f 1974//4685 6115//4685 8443//4685 6120//4685
f 6115//4686 1975//4686 6121//4686 8443//4686
f 8443//4687 6121//4687 223//4687 5883//4687
f 6120//4688 8443//4688 5883//4688 222//4688
f 1975//4689 6117//4689 8444//4689 6121//4689
f 6117//4690 1976//4690 6122//4690 8444//4690
f 8444//4691 6122//4691 224//4691 5886//4691
f 6121//4692 8444//4692 5886//4692 223//4692
f 1976//4693 6118//4693 8445//4693 6122//4693
f 6118//4694 1973//4694 6119//4694 8445//4694
f 8445//4695 6119//4695 221//4695 5889//4695
f 6122//4696 8445//4696 5889//4696 224//4696
f 261//4697 2530//4697 8446//4697 6123//4697
f 2530//4698 262//4698 6124//4698 8446//4698
f 8446//4699 6124//4699 1978//4699 6125//4699
f 6123//4700 8446//4700 6125//4700 1977//4700
f 262//4701 2529//4701 8447//4701 6124//4701
f 2529//4702 263//4702 6126//4702 8447//4702
f 8447//4703 6126//4703 1979//4703 6127//4703
f 6124//4704 8447//4704 6127//4704 1978//4704
f 263//4705 2528//4705 8448//4705 6126//4705
f 2528//4706 264//4706 6128//4706 8448//4706
f 8448//4707 6128//4707 1980//4707 6129//4707
f 6126//4708 8448//4708 6129//4708 1979//4708
f 264//4709 2527//4709 8449//4709 6128//4709
f 2527//4710 261//4710 6123//4710 8449//4710
f 8449//4711 6123//4711 1977//4711 6130//4711
f 6128//4712 8449//4712 6130//4712 1980//4712
f 1977//4713 6125//4713 8450//4713 6131//4713
f 6125//4714 1978//4714 6132//4714 8450//4714
f 8450//4714 6132//4714 1982//4714 6133//4714
f 6131//4715 8450//4715 6133//4715 1981//4715
f 1978//4716 6127//4716 8451//4716 6132//4716
f 6127//4717 1979//4717 6134//4717 8451//4717
f 8451//4718 6134//4718 1983//4718 6135//4718
f 6132//4719 8451//4719 6135//4719 1982//4719
f 1979//4720 6129//4720 8452//4720 6134//4720
f 6129//4721 1980//4721 6136//4721 8452//4721
f 8452//4722 6136//4722 1984//4722 6137//4722
f 6134//4723 8452//4723 6137//4723 1983//4723
f 1980//4724 6130//4724 8453//4724 6136//4724
f 6130//4725 1977//4725 6131//4725 8453//4725
f 8453//4726 6131//4726 1981//4726 6138//4726
f 6136//4727 8453//4727 6138//4727 1984//4727
f 1981//4728 6133//4728 8454//4728 6139//4728
f 6133//4729 1982//4729 6140//4729 8454//4729
f 8454//4714 6140//4714 1986//4714 6141//4714
f 6139//4713 8454//4713 6141//4713 1985//4713
f 1982//4719 6135//4719 8455//4719 6140//4719
f 6135//4717 1983//4717 6142//4717 8455//4717
f 8455//4730 6142//4730 1987//4730 6143//4730
f 6140//4719 8455//4719 6143//4719 1986//4719
f 1983//4731 6137//4731 8456//4731 6142//4731
f 6137//4732 1984//4732 6144//4732 8456//4732
f 8456//4733 6144//4733 1988//4733 6145//4733
f 6142//4734 8456//4734 6145//4734 1987//4734
f 1984//4727 6138//4727 8457//4727 6144//4727
f 6138//4735 1981//4735 6139//4735 8457//4735
f 8457//4736 6139//4736 1985//4736 6146//4736
f 6144//4727 8457//4727 6146//4727 1988//4727
f 1985//4737 6141//4737 8458//4737 6147//4737
f 6141//4738 1986//4738 6148//4738 8458//4738
f 8458//4714 6148//4714 1990//4714 6149//4714
f 6147//4737 8458//4737 6149//4737 1989//4737
f 1986//4739 6143//4739 8459//4739 6148//4739
f 6143//4718 1987//4718 6150//4718 8459//4718
f 8459//4717 6150//4717 1991//4717 6151//4717
f 6148//4719 8459//4719 6151//4719 1990//4719
f 1987//4731 6145//4731 8460//4731 6150//4731
f 6145//4740 1988//4740 6152//4740 8460//4740
f 8460//4740 6152//4740 1992//4740 6153//4740
f 6150//4741 8460//4741 6153//4741 1991//4741
f 1988//4727 6146//4727 8461//4727 6152//4727
f 6146//4742 1985//4742 6147//4742 8461//4742
f 8461//4736 6147//4736 1989//4736 6154//4736
f 6152//4727 8461//4727 6154//4727 1992//4727
f 1989//4743 6149//4743 8462//4743 6155//4743
f 6149//4729 1990//4729 6156//4729 8462//4729
f 8462//4714 6156//4714 1994//4714 6157//4714
f 6155//4715 8462//4715 6157//4715 1993//4715
f 1990//4719 6151//4719 8463//4719 6156//4719
f 6151//4717 1991//4717 6158//4717 8463//4717
f 8463//4730 6158//4730 1995//4730 6159//4730
f 6156//4716 8463//4716 6159//4716 1994//4716
f 1991//4744 6153//4744 8464//4744 6158//4744
f 6153//4732 1992//4732 6160//4732 8464//4732
f 8464//4745 6160//4745 1996//4745 6161//4745
f 6158//4741 8464//4741 6161//4741 1995//4741
f 1992//4746 6154//4746 8465//4746 6160//4746
f 6154//4742 1989//4742 6155//4742 8465//4742
f 8465//4726 6155//4726 1993//4726 6162//4726
f 6160//4727 8465//4727 6162//4727 1996//4727
f 1993//4715 6157//4715 8466//4715 6163//4715
f 6157//4729 1994//4729 6164//4729 8466//4729
f 8466//4729 6164//4729 1998//4729 6165//4729
f 6163//4715 8466//4715 6165//4715 1997//4715
f 1994//4719 6159//4719 8467//4719 6164//4719
f 6159//4730 1995//4730 6166//4730 8467//4730
f 8467//4747 6166//4747 1999//4747 6167//4747
f 6164//4719 8467//4719 6167//4719 1998//4719
f 1995//4723 6161//4723 8468//4723 6166//4723
f 6161//4740 1996//4740 6168//4740 8468//4740
f 8468//4740 6168//4740 2000//4740 6169//4740
f 6166//4731 8468//4731 6169//4731 1999//4731
f 1996//4727 6162//4727 8469//4727 6168//4727
f 6162//4742 1993//4742 6163//4742 8469//4742
f 8469//4736 6163//4736 1997//4736 6170//4736
f 6168//4727 8469//4727 6170//4727 2000//4727
f 1997//4715 6165//4715 8470//4715 6171//4715
f 6165//4714 1998//4714 6172//4714 8470//4714
f 8470//4738 6172//4738 2002//4738 6173//4738
f 6171//4737 8470//4737 6173//4737 2001//4737
f 1998//4739 6167//4739 8471//4739 6172//4739
f 6167//4717 1999//4717 6174//4717 8471//4717
f 8471//4717 6174//4717 2003//4717 6175//4717
f 6172//4719 8471//4719 6175//4719 2002//4719
f 1999//4744 6169//4744 8472//4744 6174//4744
f 6169//4740 2000//4740 6176//4740 8472//4740
f 8472//4722 6176//4722 2004//4722 6177//4722
f 6174//4731 8472//4731 6177//4731 2003//4731
f 2000//4746 6170//4746 8473//4746 6176//4746
f 6170//4735 1997//4735 6171//4735 8473//4735
f 8473//4735 6171//4735 2001//4735 6178//4735
f 6176//4746 8473//4746 6178//4746 2004//4746
f 2001//4715 6173//4715 8474//4715 6179//4715
f 6173//4714 2002//4714 6180//4714 8474//4714
f 8474//4738 6180//4738 2006//4738 6181//4738
f 6179//4715 8474//4715 6181//4715 2005//4715
f 2002//4719 6175//4719 8475//4719 6180//4719
f 6175//4717 2003//4717 6182//4717 8475//4717
f 8475//4747 6182//4747 2007//4747 6183//4747
f 6180//4719 8475//4719 6183//4719 2006//4719
f 2003//4731 6177//4731 8476//4731 6182//4731
f 6177//4740 2004//4740 6184//4740 8476//4740
f 8476//4740 6184//4740 2008//4740 6185//4740
f 6182//4731 8476//4731 6185//4731 2007//4731
f 2004//4746 6178//4746 8477//4746 6184//4746
f 6178//4726 2001//4726 6179//4726 8477//4726
f 8477//4726 6179//4726 2005//4726 6186//4726
f 6184//4746 8477//4746 6186//4746 2008//4746
f 2005//4715 6181//4715 8478//4715 6187//4715
f 6181//4714 2006//4714 6188//4714 8478//4714
f 8478//4738 6188//4738 2010//4738 6189//4738
f 6187//4715 8478//4715 6189//4715 2009//4715
f 2006//4719 6183//4719 8479//4719 6188//4719
f 6183//4717 2007//4717 6190//4717 8479//4717
f 8479//4730 6190//4730 2011//4730 6191//4730
f 6188//4719 8479//4719 6191//4719 2010//4719
f 2007//4731 6185//4731 8480//4731 6190//4731
f 6185//4732 2008//4732 6192//4732 8480//4732
f 8480//4740 6192//4740 2012//4740 6193//4740
f 6190//4731 8480//4731 6193//4731 2011//4731
f 2008//4727 6186//4727 8481//4727 6192//4727
f 6186//4735 2005//4735 6187//4735 8481//4735
f 8481//4726 6187//4726 2009//4726 6194//4726
f 6192//4746 8481//4746 6194//4746 2012//4746
f 2009//4748 6189//4748 8482//4748 6195//4748
f 6189//4714 2010//4714 6196//4714 8482//4714
f 8482//4749 6196//4749 2014//4749 6197//4749
f 6195//4750 8482//4750 6197//4750 2013//4750
f 2010//4751 6191//4751 8483//4751 6196//4751
f 6191//4752 2011//4752 6198//4752 8483//4752
f 8483//4753 6198//4753 2015//4753 6199//4753
f 6196//4754 8483//4754 6199//4754 2014//4754
f 2011//4755 6193//4755 8484//4755 6198//4755
f 6193//4756 2012//4756 6200//4756 8484//4756
f 8484//4757 6200//4757 2016//4757 6201//4757
f 6198//4758 8484//4758 6201//4758 2015//4758
f 2012//4724 6194//4724 8485//4724 6200//4724
f 6194//4759 2009//4759 6195//4759 8485//4759
f 8485//4760 6195//4760 2013//4760 6202//4760
f 6200//4761 8485//4761 6202//4761 2016//4761
f 2013//4762 6197//4762 8486//4762 6203//4762
f 6197//4763 2014//4763 6204//4763 8486//4763
f 8486//4764 6204//4764 258//4764 6060//4764
f 6203//4765 8486//4765 6060//4765 257//4765
f 2014//4766 6199//4766 8487//4766 6204//4766
f 6199//4767 2015//4767 6205//4767 8487//4767
f 8487//4768 6205//4768 259//4768 6063//4768
f 6204//4769 8487//4769 6063//4769 258//4769
f 2015//4770 6201//4770 8488//4770 6205//4770
f 6201//4771 2016//4771 6206//4771 8488//4771
f 8488//4772 6206//4772 260//4772 6066//4772
f 6205//4773 8488//4773 6066//4773 259//4773
f 2016//4774 6202//4774 8489//4774 6206//4774
f 6202//4775 2013//4775 6203//4775 8489//4775
f 8489//4776 6203//4776 257//4776 6069//4776
f 6206//4777 8489//4777 6069//4777 260//4777
f 2017//4778 6208//4778 8490//4778 6207//4778
f 6208//4779 2018//4779 6209//4779 8490//4779
f 8490//4780 6209//4780 218//4780 5904//4780
f 6207//4781 8490//4781 5904//4781 217//4781
f 2018//4782 6210//4782 8491//4782 6209//4782
f 6210//4783 2019//4783 6211//4783 8491//4783
f 8491//4784 6211//4784 219//4784 5906//4784
f 6209//4785 8491//4785 5906//4785 218//4785
f 2019//4786 6212//4786 8492//4786 6211//4786
f 6212//4787 2020//4787 6213//4787 8492//4787
f 8492//4788 6213//4788 220//4788 5908//4788
f 6211//4789 8492//4789 5908//4789 219//4789
f 2020//4790 6214//4790 8493//4790 6213//4790
f 6214//4791 2017//4791 6207//4791 8493//4791
f 8493//4792 6207//4792 217//4792 5910//4792
f 6213//4793 8493//4793 5910//4793 220//4793
f 2021//4794 6216//4794 8494//4794 6215//4794
f 6216//4795 2022//4795 6217//4795 8494//4795
f 8494//4796 6217//4796 2018//4796 6208//4796
f 6215//4797 8494//4797 6208//4797 2017//4797
f 2022//4798 6218//4798 8495//4798 6217//4798
f 6218//4799 2023//4799 6219//4799 8495//4799
f 8495//4800 6219//4800 2019//4800 6210//4800
f 6217//4801 8495//4801 6210//4801 2018//4801
f 2023//4802 6220//4802 8496//4802 6219//4802
f 6220//4803 2024//4803 6221//4803 8496//4803
f 8496//4804 6221//4804 2020//4804 6212//4804
f 6219//4805 8496//4805 6212//4805 2019//4805
f 2024//4806 6222//4806 8497//4806 6221//4806
f 6222//4807 2021//4807 6215//4807 8497//4807
f 8497//4808 6215//4808 2017//4808 6214//4808
f 6221//4809 8497//4809 6214//4809 2020//4809
f 2025//4810 6224//4810 8498//4810 6223//4810
f 6224//4811 2026//4811 6225//4811 8498//4811
f 8498//4811 6225//4811 2022//4811 6216//4811
f 6223//4810 8498//4810 6216//4810 2021//4810
f 2026//4812 6226//4812 8499//4812 6225//4812
f 6226//4813 2027//4813 6227//4813 8499//4813
f 8499//4813 6227//4813 2023//4813 6218//4813
f 6225//4812 8499//4812 6218//4812 2022//4812
f 2027//4814 6228//4814 8500//4814 6227//4814
f 6228//4815 2028//4815 6229//4815 8500//4815
f 8500//4815 6229//4815 2024//4815 6220//4815
f 6227//4814 8500//4814 6220//4814 2023//4814
f 2028//4816 6230//4816 8501//4816 6229//4816
f 6230//4817 2025//4817 6223//4817 8501//4817
f 8501//4817 6223//4817 2021//4817 6222//4817
f 6229//4816 8501//4816 6222//4816 2024//4816
f 2029//4818 6232//4818 8502//4818 6231//4818
f 6232//4811 2030//4811 6233//4811 8502//4811
f 8502//4811 6233//4811 2026//4811 6224//4811
f 6231//4810 8502//4810 6224//4810 2025//4810
f 2030//4812 6234//4812 8503//4812 6233//4812
f 6234//4813 2031//4813 6235//4813 8503//4813
f 8503//4813 6235//4813 2027//4813 6226//4813
f 6233//4812 8503//4812 6226//4812 2026//4812
f 2031//4814 6236//4814 8504//4814 6235//4814
f 6236//4815 2032//4815 6237//4815 8504//4815
f 8504//4815 6237//4815 2028//4815 6228//4815
f 6235//4814 8504//4814 6228//4814 2027//4814
f 2032//4816 6238//4816 8505//4816 6237//4816
f 6238//4817 2029//4817 6231//4817 8505//4817
f 8505//4817 6231//4817 2025//4817 6230//4817
f 6237//4816 8505//4816 6230//4816 2028//4816
f 2033//4810 6240//4810 8506//4810 6239//4810
f 6240//4811 2034//4811 6241//4811 8506//4811
f 8506//4811 6241//4811 2030//4811 6232//4811
f 6239//4810 8506//4810 6232//4810 2029//4810
f 2034//4812 6242//4812 8507//4812 6241//4812
f 6242//4813 2035//4813 6243//4813 8507//4813
f 8507//4813 6243//4813 2031//4813 6234//4813
f 6241//4812 8507//4812 6234//4812 2030//4812
f 2035//4814 6244//4814 8508//4814 6243//4814
f 6244//4815 2036//4815 6245//4815 8508//4815
f 8508//4815 6245//4815 2032//4815 6236//4815
f 6243//4814 8508//4814 6236//4814 2031//4814
f 2036//4816 6246//4816 8509//4816 6245//4816
f 6246//4817 2033//4817 6239//4817 8509//4817
f 8509//4817 6239//4817 2029//4817 6238//4817
f 6245//4816 8509//4816 6238//4816 2032//4816
f 2037//4810 6248//4810 8510//4810 6247//4810
f 6248//4811 2038//4811 6249//4811 8510//4811
f 8510//4811 6249//4811 2034//4811 6240//4811
f 6247//4818 8510//4818 6240//4818 2033//4818
f 2038//4812 6250//4812 8511//4812 6249//4812
f 6250//4813 2039//4813 6251//4813 8511//4813
f 8511//4813 6251//4813 2035//4813 6242//4813
f 6249//4812 8511//4812 6242//4812 2034//4812
f 2039//4814 6252//4814 8512//4814 6251//4814
f 6252//4815 2040//4815 6253//4815 8512//4815
f 8512//4815 6253//4815 2036//4815 6244//4815
f 6251//4814 8512//4814 6244//4814 2035//4814
f 2040//4816 6254//4816 8513//4816 6253//4816
f 6254//4817 2037//4817 6247//4817 8513//4817
f 8513//4817 6247//4817 2033//4817 6246//4817
f 6253//4816 8513//4816 6246//4816 2036//4816
f 2041//4818 6256//4818 8514//4818 6255//4818
f 6256//4811 2042//4811 6257//4811 8514//4811
f 8514//4819 6257//4819 2038//4819 6248//4819
f 6255//4810 8514//4810 6248//4810 2037//4810
f 2042//4812 6258//4812 8515//4812 6257//4812
f 6258//4813 2043//4813 6259//4813 8515//4813
f 8515//4813 6259//4813 2039//4813 6250//4813
f 6257//4812 8515//4812 6250//4812 2038//4812
f 2043//4814 6260//4814 8516//4814 6259//4814
f 6260//4815 2044//4815 6261//4815 8516//4815
f 8516//4815 6261//4815 2040//4815 6252//4815
f 6259//4820 8516//4820 6252//4820 2039//4820
f 2044//4816 6262//4816 8517//4816 6261//4816
f 6262//4817 2041//4817 6255//4817 8517//4817
f 8517//4817 6255//4817 2037//4817 6254//4817
f 6261//4816 8517//4816 6254//4816 2040//4816
f 2045//4810 6264//4810 8518//4810 6263//4810
f 6264//4811 2046//4811 6265//4811 8518//4811
f 8518//4811 6265//4811 2042//4811 6256//4811
f 6263//4810 8518//4810 6256//4810 2041//4810
f 2046//4812 6266//4812 8519//4812 6265//4812
f 6266//4813 2047//4813 6267//4813 8519//4813
f 8519//4813 6267//4813 2043//4813 6258//4813
f 6265//4812 8519//4812 6258//4812 2042//4812
f 2047//4814 6268//4814 8520//4814 6267//4814
f 6268//4815 2048//4815 6269//4815 8520//4815
f 8520//4815 6269//4815 2044//4815 6260//4815
f 6267//4814 8520//4814 6260//4814 2043//4814
f 2048//4816 6270//4816 8521//4816 6269//4816
f 6270//4817 2045//4817 6263//4817 8521//4817
f 8521//4817 6263//4817 2041//4817 6262//4817
f 6269//4816 8521//4816 6262//4816 2044//4816
f 2049//4821 6272//4821 8522//4821 6271//4821
f 6272//4822 2050//4822 6273//4822 8522//4822
f 8522//4823 6273//4823 2046//4823 6264//4823
f 6271//4818 8522//4818 6264//4818 2045//4818
f 2050//4824 6274//4824 8523//4824 6273//4824
f 6274//4825 2051//4825 6275//4825 8523//4825
f 8523//4826 6275//4826 2047//4826 6266//4826
f 6273//4827 8523//4827 6266//4827 2046//4827
f 2051//4828 6276//4828 8524//4828 6275//4828
f 6276//4829 2052//4829 6277//4829 8524//4829
f 8524//4815 6277//4815 2048//4815 6268//4815
f 6275//4814 8524//4814 6268//4814 2047//4814
f 2052//4830 6278//4830 8525//4830 6277//4830
f 6278//4831 2049//4831 6271//4831 8525//4831
f 8525//4832 6271//4832 2045//4832 6270//4832
f 6277//4833 8525//4833 6270//4833 2048//4833
f 265//4834 6280//4834 8526//4834 6279//4834
f 6280//4835 266//4835 6281//4835 8526//4835
f 8526//4836 6281//4836 2050//4836 6272//4836
f 6279//4837 8526//4837 6272//4837 2049//4837
f 266//4838 6282//4838 8527//4838 6281//4838
f 6282//4839 267//4839 6283//4839 8527//4839
f 8527//4840 6283//4840 2051//4840 6274//4840
f 6281//4841 8527//4841 6274//4841 2050//4841
f 267//4842 6284//4842 8528//4842 6283//4842
f 6284//4843 268//4843 6285//4843 8528//4843
f 8528//4844 6285//4844 2052//4844 6276//4844
f 6283//4845 8528//4845 6276//4845 2051//4845
f 268//4846 6286//4846 8529//4846 6285//4846
f 6286//4847 265//4847 6279//4847 8529//4847
f 8529//4848 6279//4848 2049//4848 6278//4848
f 6285//4849 8529//4849 6278//4849 2052//4849
f 2053//4850 6288//4850 8530//4850 6287//4850
f 6288//4851 2054//4851 6289//4851 8530//4851
f 8530//4852 6289//4852 266//4852 6280//4852
f 6287//4853 8530//4853 6280//4853 265//4853
f 2054//4854 6290//4854 8531//4854 6289//4854
f 6290//4855 2055//4855 6291//4855 8531//4855
f 8531//4856 6291//4856 267//4856 6282//4856
f 6289//4857 8531//4857 6282//4857 266//4857
f 2055//4858 6292//4858 8532//4858 6291//4858
f 6292//4859 2056//4859 6293//4859 8532//4859
f 8532//4860 6293//4860 268//4860 6284//4860
f 6291//4861 8532//4861 6284//4861 267//4861
f 2056//4862 6294//4862 8533//4862 6293//4862
f 6294//4863 2053//4863 6287//4863 8533//4863
f 8533//4864 6287//4864 265//4864 6286//4864
f 6293//4865 8533//4865 6286//4865 268//4865
f 2057//4866 6296//4866 8534//4866 6295//4866
f 6296//4867 2058//4867 6297//4867 8534//4867
f 8534//4868 6297//4868 2054//4868 6288//4868
f 6295//4869 8534//4869 6288//4869 2053//4869
f 2058//4870 6298//4870 8535//4870 6297//4870
f 6298//4871 2059//4871 6299//4871 8535//4871
f 8535//4872 6299//4872 2055//4872 6290//4872
f 6297//4873 8535//4873 6290//4873 2054//4873
f 2059//4874 6300//4874 8536//4874 6299//4874
f 6300//4875 2060//4875 6301//4875 8536//4875
f 8536//4876 6301//4876 2056//4876 6292//4876
f 6299//4877 8536//4877 6292//4877 2055//4877
f 2060//4878 6302//4878 8537//4878 6301//4878
f 6302//4879 2057//4879 6295//4879 8537//4879
f 8537//4880 6295//4880 2053//4880 6294//4880
f 6301//4881 8537//4881 6294//4881 2056//4881
f 2061//4882 6304//4882 8538//4882 6303//4882
f 6304//4883 2062//4883 6305//4883 8538//4883
f 8538//4884 6305//4884 2058//4884 6296//4884
f 6303//4885 8538//4885 6296//4885 2057//4885
f 2062//4870 6306//4870 8539//4870 6305//4870
f 6306//4871 2063//4871 6307//4871 8539//4871
f 8539//4871 6307//4871 2059//4871 6298//4871
f 6305//4870 8539//4870 6298//4870 2058//4870
f 2063//4886 6308//4886 8540//4886 6307//4886
f 6308//4887 2064//4887 6309//4887 8540//4887
f 8540//4887 6309//4887 2060//4887 6300//4887
f 6307//4874 8540//4874 6300//4874 2059//4874
f 2064//4888 6310//4888 8541//4888 6309//4888
f 6310//4889 2061//4889 6303//4889 8541//4889
f 8541//4889 6303//4889 2057//4889 6302//4889
f 6309//4888 8541//4888 6302//4888 2060//4888
f 2065//4885 6312//4885 8542//4885 6311//4885
f 6312//4883 2066//4883 6313//4883 8542//4883
f 8542//4883 6313//4883 2062//4883 6304//4883
f 6311//4885 8542//4885 6304//4885 2061//4885
f 2066//4870 6314//4870 8543//4870 6313//4870
f 6314//4872 2067//4872 6315//4872 8543//4872
f 8543//4872 6315//4872 2063//4872 6306//4872
f 6313//4870 8543//4870 6306//4870 2062//4870
f 2067//4874 6316//4874 8544//4874 6315//4874
f 6316//4887 2068//4887 6317//4887 8544//4887
f 8544//4890 6317//4890 2064//4890 6308//4890
f 6315//4874 8544//4874 6308//4874 2063//4874
f 2068//4888 6318//4888 8545//4888 6317//4888
f 6318//4889 2065//4889 6311//4889 8545//4889
f 8545//4889 6311//4889 2061//4889 6310//4889
f 6317//4888 8545//4888 6310//4888 2064//4888
f 2069//4882 6320//4882 8546//4882 6319//4882
f 6320//4883 2070//4883 6321//4883 8546//4883
f 8546//4883 6321//4883 2066//4883 6312//4883
f 6319//4885 8546//4885 6312//4885 2065//4885
f 2070//4870 6322//4870 8547//4870 6321//4870
f 6322//4871 2071//4871 6323//4871 8547//4871
f 8547//4872 6323//4872 2067//4872 6314//4872
f 6321//4870 8547//4870 6314//4870 2066//4870
f 2071//4891 6324//4891 8548//4891 6323//4891
f 6324//4890 2072//4890 6325//4890 8548//4890
f 8548//4887 6325//4887 2068//4887 6316//4887
f 6323//4874 8548//4874 6316//4874 2067//4874
f 2072//4888 6326//4888 8549//4888 6325//4888
f 6326//4889 2069//4889 6319//4889 8549//4889
f 8549//4892 6319//4892 2065//4892 6318//4892
f 6325//4888 8549//4888 6318//4888 2068//4888
f 2073//4885 6328//4885 8550//4885 6327//4885
f 6328//4883 2074//4883 6329//4883 8550//4883
f 8550//4883 6329//4883 2070//4883 6320//4883
f 6327//4882 8550//4882 6320//4882 2069//4882
f 2074//4870 6330//4870 8551//4870 6329//4870
f 6330//4872 2075//4872 6331//4872 8551//4872
f 8551//4871 6331//4871 2071//4871 6322//4871
f 6329//4870 8551//4870 6322//4870 2070//4870
f 2075//4874 6332//4874 8552//4874 6331//4874
f 6332//4893 2076//4893 6333//4893 8552//4893
f 8552//4893 6333//4893 2072//4893 6324//4893
f 6331//4874 8552//4874 6324//4874 2071//4874
f 2076//4888 6334//4888 8553//4888 6333//4888
f 6334//4892 2073//4892 6327//4892 8553//4892
f 8553//4889 6327//4889 2069//4889 6326//4889
f 6333//4888 8553//4888 6326//4888 2072//4888
f 2077//4885 6336//4885 8554//4885 6335//4885
f 6336//4883 2078//4883 6337//4883 8554//4883
f 8554//4883 6337//4883 2074//4883 6328//4883
f 6335//4882 8554//4882 6328//4882 2073//4882
f 2078//4870 6338//4870 8555//4870 6337//4870
f 6338//4872 2079//4872 6339//4872 8555//4872
f 8555//4871 6339//4871 2075//4871 6330//4871
f 6337//4870 8555//4870 6330//4870 2074//4870
f 2079//4886 6340//4886 8556//4886 6339//4886
f 6340//4887 2080//4887 6341//4887 8556//4887
f 8556//4893 6341//4893 2076//4893 6332//4893
f 6339//4886 8556//4886 6332//4886 2075//4886
f 2080//4888 6342//4888 8557//4888 6341//4888
f 6342//4889 2077//4889 6335//4889 8557//4889
f 8557//4889 6335//4889 2073//4889 6334//4889
f 6341//4888 8557//4888 6334//4888 2076//4888
f 2081//4882 6344//4882 8558//4882 6343//4882
f 6344//4884 2082//4884 6345//4884 8558//4884
f 8558//4884 6345//4884 2078//4884 6336//4884
f 6343//4882 8558//4882 6336//4882 2077//4882
f 2082//4870 6346//4870 8559//4870 6345//4870
f 6346//4871 2083//4871 6347//4871 8559//4871
f 8559//4871 6347//4871 2079//4871 6338//4871
f 6345//4870 8559//4870 6338//4870 2078//4870
f 2083//4874 6348//4874 8560//4874 6347//4874
f 6348//4894 2084//4894 6349//4894 8560//4894
f 8560//4895 6349//4895 2080//4895 6340//4895
f 6347//4896 8560//4896 6340//4896 2079//4896
f 2084//4888 6350//4888 8561//4888 6349//4888
f 6350//4889 2081//4889 6343//4889 8561//4889
f 8561//4889 6343//4889 2077//4889 6342//4889
f 6349//4888 8561//4888 6342//4888 2080//4888
f 2085//4866 6352//4866 8562//4866 6351//4866
f 6352//4883 2086//4883 6353//4883 8562//4883
f 8562//4884 6353//4884 2082//4884 6344//4884
f 6351//4885 8562//4885 6344//4885 2081//4885
f 2086//4870 6354//4870 8563//4870 6353//4870
f 6354//4871 2087//4871 6355//4871 8563//4871
f 8563//4871 6355//4871 2083//4871 6346//4871
f 6353//4870 8563//4870 6346//4870 2082//4870
f 2087//4874 6356//4874 8564//4874 6355//4874
f 6356//4887 2088//4887 6357//4887 8564//4887
f 8564//4893 6357//4893 2084//4893 6348//4893
f 6355//4874 8564//4874 6348//4874 2083//4874
f 2088//4888 6358//4888 8565//4888 6357//4888
f 6358//4889 2085//4889 6351//4889 8565//4889
f 8565//4889 6351//4889 2081//4889 6350//4889
f 6357//4888 8565//4888 6350//4888 2084//4888
f 269//4897 2534//4897 8566//4897 6359//4897
f 2534//4898 270//4898 6360//4898 8566//4898
f 8566//4899 6360//4899 2086//4899 6352//4899
f 6359//4900 8566//4900 6352//4900 2085//4900
f 270//4901 2533//4901 8567//4901 6360//4901
f 2533//4902 271//4902 6361//4902 8567//4902
f 8567//4903 6361//4903 2087//4903 6354//4903
f 6360//4904 8567//4904 6354//4904 2086//4904
f 271//4905 2532//4905 8568//4905 6361//4905
f 2532//4906 272//4906 6362//4906 8568//4906
f 8568//4907 6362//4907 2088//4907 6356//4907
f 6361//4908 8568//4908 6356//4908 2087//4908
f 272//4909 2531//4909 8569//4909 6362//4909
f 2531//4910 269//4910 6359//4910 8569//4910
f 8569//4911 6359//4911 2085//4911 6358//4911
f 6362//4912 8569//4912 6358//4912 2088//4912
f 273//4913 2538//4913 8570//4913 6363//4913
f 2538//4914 274//4914 6364//4914 8570//4914
f 8570//4915 6364//4915 2090//4915 6365//4915
f 6363//4916 8570//4916 6365//4916 2089//4916
f 274//4917 2537//4917 8571//4917 6364//4917
f 2537//4918 275//4918 6366//4918 8571//4918
f 8571//4919 6366//4919 2091//4919 6367//4919
f 6364//4920 8571//4920 6367//4920 2090//4920
f 275//4921 2536//4921 8572//4921 6366//4921
f 2536//4922 276//4922 6368//4922 8572//4922
f 8572//4923 6368//4923 2092//4923 6369//4923
f 6366//4924 8572//4924 6369//4924 2091//4924
f 276//4925 2535//4925 8573//4925 6368//4925
f 2535//4926 273//4926 6363//4926 8573//4926
f 8573//4927 6363//4927 2089//4927 6370//4927
f 6368//4928 8573//4928 6370//4928 2092//4928
f 2089//4929 6365//4929 8574//4929 6371//4929
f 6365//4930 2090//4930 6372//4930 8574//4930
f 8574//4931 6372//4931 2094//4931 6373//4931
f 6371//4932 8574//4932 6373//4932 2093//4932
f 2090//4933 6367//4933 8575//4933 6372//4933
f 6367//4934 2091//4934 6374//4934 8575//4934
f 8575//4934 6374//4934 2095//4934 6375//4934
f 6372//4933 8575//4933 6375//4933 2094//4933
f 2091//4935 6369//4935 8576//4935 6374//4935
f 6369//4936 2092//4936 6376//4936 8576//4936
f 8576//4937 6376//4937 2096//4937 6377//4937
f 6374//4935 8576//4935 6377//4935 2095//4935
f 2092//4938 6370//4938 8577//4938 6376//4938
f 6370//4939 2089//4939 6371//4939 8577//4939
f 8577//4939 6371//4939 2093//4939 6378//4939
f 6376//4938 8577//4938 6378//4938 2096//4938
f 2093//4932 6373//4932 8578//4932 6379//4932
f 6373//4930 2094//4930 6380//4930 8578//4930
f 8578//4940 6380//4940 2098//4940 6381//4940
f 6379//4941 8578//4941 6381//4941 2097//4941
f 2094//4933 6375//4933 8579//4933 6380//4933
f 6375//4934 2095//4934 6382//4934 8579//4934
f 8579//4934 6382//4934 2099//4934 6383//4934
f 6380//4933 8579//4933 6383//4933 2098//4933
f 2095//4942 6377//4942 8580//4942 6382//4942
f 6377//4943 2096//4943 6384//4943 8580//4943
f 8580//4937 6384//4937 2100//4937 6385//4937
f 6382//4944 8580//4944 6385//4944 2099//4944
f 2096//4938 6378//4938 8581//4938 6384//4938
f 6378//4939 2093//4939 6379//4939 8581//4939
f 8581//4939 6379//4939 2097//4939 6386//4939
f 6384//4938 8581//4938 6386//4938 2100//4938
f 2097//4945 6381//4945 8582//4945 6387//4945
f 6381//4946 2098//4946 6388//4946 8582//4946
f 8582//4946 6388//4946 2102//4946 6389//4946
f 6387//4947 8582//4947 6389//4947 2101//4947
f 2098//4933 6383//4933 8583//4933 6388//4933
f 6383//4948 2099//4948 6390//4948 8583//4948
f 8583//4948 6390//4948 2103//4948 6391//4948
f 6388//4949 8583//4949 6391//4949 2102//4949
f 2099//4950 6385//4950 8584//4950 6390//4950
f 6385//4937 2100//4937 6392//4937 8584//4937
f 8584//4951 6392//4951 2104//4951 6393//4951
f 6390//4950 8584//4950 6393//4950 2103//4950
f 2100//4952 6386//4952 8585//4952 6392//4952
f 6386//4939 2097//4939 6387//4939 8585//4939
f 8585//4953 6387//4953 2101//4953 6394//4953
f 6392//4952 8585//4952 6394//4952 2104//4952
f 2101//4954 6389//4954 8586//4954 6395//4954
f 6389//4930 2102//4930 6396//4930 8586//4930
f 8586//4946 6396//4946 2106//4946 6397//4946
f 6395//4955 8586//4955 6397//4955 2105//4955
f 2102//4933 6391//4933 8587//4933 6396//4933
f 6391//4948 2103//4948 6398//4948 8587//4948
f 8587//4948 6398//4948 2107//4948 6399//4948
f 6396//4933 8587//4933 6399//4933 2106//4933
f 2103//4935 6393//4935 8588//4935 6398//4935
f 6393//4937 2104//4937 6400//4937 8588//4937
f 8588//4937 6400//4937 2108//4937 6401//4937
f 6398//4950 8588//4950 6401//4950 2107//4950
f 2104//4938 6394//4938 8589//4938 6400//4938
f 6394//4939 2101//4939 6395//4939 8589//4939
f 8589//4956 6395//4956 2105//4956 6402//4956
f 6400//4938 8589//4938 6402//4938 2108//4938
f 2105//4955 6397//4955 8590//4955 6403//4955
f 6397//4957 2106//4957 6404//4957 8590//4957
f 8590//4940 6404//4940 2110//4940 6405//4940
f 6403//4955 8590//4955 6405//4955 2109//4955
f 2106//4933 6399//4933 8591//4933 6404//4933
f 6399//4948 2107//4948 6406//4948 8591//4948
f 8591//4948 6406//4948 2111//4948 6407//4948
f 6404//4933 8591//4933 6407//4933 2110//4933
f 2107//4935 6401//4935 8592//4935 6406//4935
f 6401//4937 2108//4937 6408//4937 8592//4937
f 8592//4937 6408//4937 2112//4937 6409//4937
f 6406//4950 8592//4950 6409//4950 2111//4950
f 2108//4938 6402//4938 8593//4938 6408//4938
f 6402//4939 2105//4939 6403//4939 8593//4939
f 8593//4939 6403//4939 2109//4939 6410//4939
f 6408//4938 8593//4938 6410//4938 2112//4938
f 2109//4958 6405//4958 8594//4958 6411//4958
f 6405//4930 2110//4930 6412//4930 8594//4930
f 8594//4930 6412//4930 2114//4930 6413//4930
f 6411//4958 8594//4958 6413//4958 2113//4958
f 2110//4933 6407//4933 8595//4933 6412//4933
f 6407//4934 2111//4934 6414//4934 8595//4934
f 8595//4948 6414//4948 2115//4948 6415//4948
f 6412//4933 8595//4933 6415//4933 2114//4933
f 2111//4935 6409//4935 8596//4935 6414//4935
f 6409//4937 2112//4937 6416//4937 8596//4937
f 8596//4937 6416//4937 2116//4937 6417//4937
f 6414//4950 8596//4950 6417//4950 2115//4950
f 2112//4952 6410//4952 8597//4952 6416//4952
f 6410//4939 2109//4939 6411//4939 8597//4939
f 8597//4939 6411//4939 2113//4939 6418//4939
f 6416//4952 8597//4952 6418//4952 2116//4952
f 2113//4954 6413//4954 8598//4954 6419//4954
f 6413//4946 2114//4946 6420//4946 8598//4946
f 8598//4946 6420//4946 2118//4946 6421//4946
f 6419//4955 8598//4955 6421//4955 2117//4955
f 2114//4933 6415//4933 8599//4933 6420//4933
f 6415//4934 2115//4934 6422//4934 8599//4934
f 8599//4948 6422//4948 2119//4948 6423//4948
f 6420//4933 8599//4933 6423//4933 2118//4933
f 2115//4950 6417//4950 8600//4950 6422//4950
f 6417//4937 2116//4937 6424//4937 8600//4937
f 8600//4937 6424//4937 2120//4937 6425//4937
f 6422//4950 8600//4950 6425//4950 2119//4950
f 2116//4938 6418//4938 8601//4938 6424//4938
f 6418//4939 2113//4939 6419//4939 8601//4939
f 8601//4939 6419//4939 2117//4939 6426//4939
f 6424//4938 8601//4938 6426//4938 2120//4938
f 2117//4955 6421//4955 8602//4955 6427//4955
f 6421//4946 2118//4946 6428//4946 8602//4946
f 8602//4946 6428//4946 2122//4946 6429//4946
f 6427//4954 8602//4954 6429//4954 2121//4954
f 2118//4959 6423//4959 8603//4959 6428//4959
f 6423//4948 2119//4948 6430//4948 8603//4948
f 8603//4948 6430//4948 2123//4948 6431//4948
f 6428//4933 8603//4933 6431//4933 2122//4933
f 2119//4950 6425//4950 8604//4950 6430//4950
f 6425//4937 2120//4937 6432//4937 8604//4937
f 8604//4937 6432//4937 2124//4937 6433//4937
f 6430//4950 8604//4950 6433//4950 2123//4950
f 2120//4938 6426//4938 8605//4938 6432//4938
f 6426//4939 2117//4939 6427//4939 8605//4939
f 8605//4939 6427//4939 2121//4939 6434//4939
f 6432//4938 8605//4938 6434//4938 2124//4938
f 2121//4955 6429//4955 8606//4955 6435//4955
f 6429//4946 2122//4946 6436//4946 8606//4946
f 8606//4946 6436//4946 2126//4946 6437//4946
f 6435//4947 8606//4947 6437//4947 2125//4947
f 2122//4933 6431//4933 8607//4933 6436//4933
f 6431//4948 2123//4948 6438//4948 8607//4948
f 8607//4948 6438//4948 2127//4948 6439//4948
f 6436//4933 8607//4933 6439//4933 2126//4933
f 2123//4935 6433//4935 8608//4935 6438//4935
f 6433//4937 2124//4937 6440//4937 8608//4937
f 8608//4937 6440//4937 2128//4937 6441//4937
f 6438//4950 8608//4950 6441//4950 2127//4950
f 2124//4938 6434//4938 8609//4938 6440//4938
f 6434//4953 2121//4953 6435//4953 8609//4953
f 8609//4939 6435//4939 2125//4939 6442//4939
f 6440//4938 8609//4938 6442//4938 2128//4938
f 2125//4947 6437//4947 8610//4947 6443//4947
f 6437//4946 2126//4946 6444//4946 8610//4946
f 8610//4930 6444//4930 2130//4930 6445//4930
f 6443//4955 8610//4955 6445//4955 2129//4955
f 2126//4933 6439//4933 8611//4933 6444//4933
f 6439//4948 2127//4948 6446//4948 8611//4948
f 8611//4934 6446//4934 2131//4934 6447//4934
f 6444//4933 8611//4933 6447//4933 2130//4933
f 2127//4935 6441//4935 8612//4935 6446//4935
f 6441//4937 2128//4937 6448//4937 8612//4937
f 8612//4937 6448//4937 2132//4937 6449//4937
f 6446//4950 8612//4950 6449//4950 2131//4950
f 2128//4938 6442//4938 8613//4938 6448//4938
f 6442//4939 2125//4939 6443//4939 8613//4939
f 8613//4939 6443//4939 2129//4939 6450//4939
f 6448//4938 8613//4938 6450//4938 2132//4938
f 2129//4960 6445//4960 8614//4960 6451//4960
f 6445//4946 2130//4946 6452//4946 8614//4946
f 8614//4961 6452//4961 2134//4961 6453//4961
f 6451//4962 8614//4962 6453//4962 2133//4962
f 2130//4963 6447//4963 8615//4963 6452//4963
f 6447//4964 2131//4964 6454//4964 8615//4964
f 8615//4965 6454//4965 2135//4965 6455//4965
f 6452//4966 8615//4966 6455//4966 2134//4966
f 2131//4950 6449//4950 8616//4950 6454//4950
f 6449//4967 2132//4967 6456//4967 8616//4967
f 8616//4968 6456//4968 2136//4968 6457//4968
f 6454//4969 8616//4969 6457//4969 2135//4969
f 2132//4970 6450//4970 8617//4970 6456//4970
f 6450//4971 2129//4971 6451//4971 8617//4971
f 8617//4972 6451//4972 2133//4972 6458//4972
f 6456//4973 8617//4973 6458//4973 2136//4973
f 2133//4974 6453//4974 8618//4974 6459//4974
f 6453//4975 2134//4975 6460//4975 8618//4975
f 8618//4976 6460//4976 214//4976 5912//4976
f 6459//4977 8618//4977 5912//4977 213//4977
f 2134//4978 6455//4978 8619//4978 6460//4978
f 6455//4979 2135//4979 6461//4979 8619//4979
f 8619//4980 6461//4980 215//4980 5915//4980
f 6460//4981 8619//4981 5915//4981 214//4981
f 2135//4982 6457//4982 8620//4982 6461//4982
f 6457//4983 2136//4983 6462//4983 8620//4983
f 8620//4984 6462//4984 216//4984 5918//4984
f 6461//4985 8620//4985 5918//4985 215//4985
f 2136//4986 6458//4986 8621//4986 6462//4986
f 6458//4987 2133//4987 6459//4987 8621//4987
f 8621//4988 6459//4988 213//4988 5921//4988
f 6462//4989 8621//4989 5921//4989 216//4989
l 865 3707
l 3707 2139
o Leaves-col
v 8.079405 23.190201 -1.755520
v 7.486170 23.152163 -1.906213
v 8.307230 23.676867 -1.540848
v 8.167734 23.925589 -1.165570
v 8.496427 23.359304 -1.240109
v 6.762218 24.083313 -0.619499
v 8.538931 23.689770 -0.918954
v 8.200642 23.250864 -0.553640
v 5.960268 23.906382 -0.061445
v 7.674300 23.617083 -0.281541
v 7.079179 22.924557 -0.146705
v 6.657646 23.719845 -0.035017
v 7.011451 23.217623 0.267487
v 6.351593 23.424522 0.888830
v 6.256083 22.730623 0.763201
v 6.151305 23.094288 1.071974
v 5.882524 22.599316 0.524311
v 5.506751 22.952440 1.333822
v 5.238739 22.769157 0.839157
v 5.243846 23.326618 1.423461
v 4.883340 23.294130 1.326536
v 5.823093 22.882504 0.116809
v 4.842110 23.585608 0.798372
v 4.678760 22.885658 1.172801
v 4.680858 22.555479 0.870090
v 4.225946 23.096075 0.479598
v 4.310123 22.500889 0.425877
v 3.508618 24.079727 -0.186435
v 3.211673 23.584379 -0.518608
v 4.539380 22.517521 0.169820
v 4.249543 24.193281 -0.040311
v 3.605796 24.188597 -0.971752
v 3.271421 23.563238 -1.074868
v 4.199782 22.578150 -0.051855
v 4.173730 24.116165 -1.301173
v 3.955845 23.677092 -1.438105
v 5.559338 23.847139 -0.577906
v 4.920550 23.716324 -1.070368
v 4.310317 23.025373 -0.854851
v 4.765271 23.345377 -1.164559
v 5.849513 23.639324 -1.612694
v 7.371249 23.356091 -2.093074
v 6.052909 23.256027 -1.310446
v 6.706227 23.805599 -1.820868
v 3.526411 30.115139 -3.858584
v 4.278333 30.331003 -3.516641
v 4.753613 29.282595 -3.908208
v 5.903244 28.863190 -2.504992
v 5.784363 28.460869 -2.242057
v 4.001057 31.085539 -1.304467
v 4.684700 30.576023 -2.801962
v 5.818884 29.350731 -2.432406
v 4.074725 31.067142 -2.458247
v 5.595477 29.725914 -1.570386
v 6.697079 28.793270 -1.460209
v 6.994321 28.483995 -1.789247
v 4.432963 30.970352 -2.068515
v 7.048505 28.179016 -1.768496
v 5.256313 29.811470 -0.503865
v 6.698775 28.117977 -1.740265
v 4.469872 30.797003 -0.576484
v 5.427993 28.839046 0.509528
v 4.529781 29.520332 3.405077
v 6.251349 28.419096 -1.158672
v 4.076094 29.297016 4.466953
v 4.140211 29.103943 4.392423
v 4.053514 28.853817 2.772215
v 5.267949 28.535650 -0.065662
v 3.800490 30.319706 2.523639
v 2.721956 29.606831 3.657791
v 3.306447 30.720192 0.773338
v 1.665467 29.335041 3.365384
v 2.682959 29.157328 3.076239
v 3.960091 28.759291 -1.138445
v 2.220326 28.837090 0.113207
v 1.360878 28.387487 2.477146
v 2.214268 30.188337 2.446550
v 1.080192 29.332676 2.917309
v 1.123346 28.268749 1.681961
v 3.486707 28.613325 -2.572522
v 3.202325 30.545195 -1.058809
v 1.590741 30.241096 0.240436
v 0.219323 29.887333 -0.453740
v 0.224033 29.251244 -0.928856
v 1.519396 28.425961 -0.190702
v 0.939372 30.210062 -0.950903
v 0.083071 29.479782 -0.815233
v 2.642178 30.220619 -1.794330
v 0.806993 29.152212 -1.045326
v 2.257915 29.803600 -2.119701
v 2.043308 28.906149 -1.970389
v 2.909072 30.107815 -3.166123
v 2.779032 29.047174 -3.460495
v 5.692208 28.294676 -1.739062
v 3.504108 29.296829 -4.289540
v 3.983827 28.884823 -4.322755
v 3.602647 31.064667 -2.258376
v 3.535173 30.821690 -2.886222
v 4.054531 29.443142 -4.332190
v 4.400576 28.564737 -3.826387
v 3.371569 28.141815 -6.050727
v 3.895778 27.639441 -6.493908
v 3.470154 27.421629 -6.339555
v 3.125298 27.405745 -3.319777
v 4.291164 28.436596 -5.086358
v 4.397667 27.928934 -6.021314
v 4.350945 27.470646 -6.223884
v 4.225423 27.277840 -5.844562
v 4.036052 28.588951 -4.401935
v 3.880928 28.399448 -3.155863
v 5.110018 27.863266 -4.763845
v 5.205163 27.381884 -4.622519
v 5.425918 27.566771 -3.875738
v 4.819739 27.016813 -3.178892
v 5.244470 27.793209 -2.668101
v 5.429209 27.181179 -2.380966
v 5.207252 26.910763 -2.262084
v 4.870043 27.104179 -1.489866
v 4.277027 27.439718 -1.221711
v 3.966487 26.664490 -1.201511
v 4.544843 26.699257 -1.828032
v 3.495888 26.988970 -0.945479
v 2.854200 26.798750 -1.075610
v 2.600980 27.628473 -1.393304
v 3.510369 28.160044 -1.826595
v 2.267950 26.805216 -1.452746
v 2.747926 28.419840 -2.587267
v 3.011439 26.613134 -1.454773
v 1.817711 27.620846 -2.225311
v 1.856940 27.048073 -2.043638
v 1.953639 28.032745 -3.316748
v 1.728576 27.571747 -2.870702
v 2.182022 28.051575 -4.261813
v 2.113400 27.500982 -3.369148
v 2.351563 27.716900 -4.511142
v 3.552187 28.437778 -3.569834
v 2.970948 28.466890 -5.011905
v 2.938154 27.801170 -5.996096
v 7.099237 26.853575 0.430792
v 7.405213 26.299881 0.839349
v 6.635821 27.402998 1.656375
v 7.548020 26.600740 1.002668
v 7.105612 26.389072 2.109980
v 5.490382 28.250355 2.607198
v 6.247292 27.845184 2.772261
v 6.567868 26.181473 2.407640
v 6.568197 26.926266 3.117337
v 5.921182 26.731764 3.314267
v 5.864631 28.113914 2.969841
v 5.895754 27.379173 3.830184
v 5.148522 26.771770 2.866094
v 5.195317 26.900244 4.290272
v 5.051337 26.595402 3.787736
v 4.536533 28.003757 4.190067
v 3.992982 27.241207 4.729014
v 3.867626 26.764126 4.211305
v 3.077809 27.640856 4.378184
v 3.254429 26.996054 4.600136
v 3.372326 28.195723 3.756464
v 2.251723 27.128883 3.976495
v 2.404250 26.679663 3.898307
v 4.207079 28.384127 3.320065
v 2.131647 27.596542 3.449290
v 1.868728 26.863670 3.008611
v 3.150091 28.304638 2.971069
v 1.920959 27.146557 2.268763
v 2.336659 26.642973 3.360422
v 2.533495 27.902863 2.055384
v 2.347088 27.210384 1.574953
v 2.150767 26.779686 2.339008
v 3.774672 26.951458 3.298155
v 3.575114 28.389727 2.249460
v 3.151388 27.231657 1.169676
v 3.275350 27.659418 1.081179
v 3.813835 26.991686 0.606039
v 3.870479 26.801500 0.917890
v 4.217165 28.194731 1.645654
v 5.426072 26.904478 0.333480
v 5.962949 27.264441 0.342432
v 3.690130 27.082602 1.811003
v 7.023085 26.531977 0.167263
v 5.136924 26.707525 1.188192
v 6.639525 26.281088 0.523366
v 1.463448 25.021095 -4.136004
v 0.813242 24.982893 -3.722852
v 1.858087 25.631605 -4.170705
v 2.081607 25.952475 -3.725167
v 2.295424 25.232794 -4.076323
v 1.367745 26.186472 -1.972542
v 2.626887 25.652075 -3.845880
v 2.487824 25.722893 -2.759587
v 2.667370 25.112061 -3.210570
v 1.184946 25.987829 -0.753266
v 2.403043 25.354887 -2.157001
v 2.069980 24.729774 -1.826057
v 1.810713 25.739798 -1.363489
v 2.391204 25.105536 -1.413603
v 1.345169 24.806507 -0.926408
v 2.390242 25.387644 -0.278869
v 2.190605 24.515177 -0.283237
v 2.383672 24.978952 0.070358
v 1.649144 24.354074 -0.144813
v 2.066046 24.817095 0.889138
v 1.381670 24.584904 0.711484
v 1.922215 25.294113 1.197835
v 1.522166 25.259037 1.444515
v 1.272409 24.595081 -0.192819
v 1.169493 25.668791 0.697426
v 0.824447 25.390116 1.172430
v 1.203580 24.747259 1.508686
v 0.927500 24.327715 1.253386
v 0.179367 25.010984 1.319032
v 0.200975 24.260107 1.210090
v -1.045880 26.252686 1.375957
v -1.607681 25.630960 1.372603
v 0.164859 24.272831 0.779010
v -0.272067 26.382854 0.822013
v -1.679717 26.376495 0.606415
v -2.064812 25.595280 0.838200
v -0.330906 24.352661 0.896608
v -1.490752 26.269457 -0.195481
v -1.805562 25.719704 -0.103894
v 0.366267 25.913946 -0.831225
v -0.636103 25.755119 -0.669277
v -0.968261 24.901430 0.091407
v 0.333823 25.773373 -1.675661
v -0.857543 25.290400 -0.599673
v -0.270534 25.681561 -2.112110
v 0.543805 25.238953 -3.784066
v 0.120690 25.150414 -1.900652
v 0.219922 25.821274 -2.951936
v 3.582292 24.757843 0.518011
v 3.851535 24.727468 1.068165
v 3.589606 25.243248 0.203116
v 3.961342 25.498367 0.065705
v 3.702679 24.926161 -0.134159
v 5.283428 25.684414 0.784054
v 3.913948 25.259523 -0.375798
v 4.419531 24.830168 -0.351870
v 6.230805 25.526478 1.035816
v 4.960412 25.207699 -0.128025
v 5.460988 24.526218 0.242044
v 5.803687 25.329269 0.487629
v 5.815180 24.824980 0.024516
v 6.711757 25.049278 0.125150
v 6.690733 24.355597 0.282518
v 6.987136 24.724337 0.161080
v 6.752460 24.227507 0.722562
v 7.606177 24.595646 0.484132
v 7.405560 24.411034 1.009286
v 7.837449 24.974915 0.624956
v 7.997164 24.947025 0.962785
v 6.474717 24.506971 1.030042
v 7.615463 25.233128 1.334359
v 8.019831 24.540121 1.220178
v 7.793795 24.206549 1.415865
v 7.779821 24.749804 2.012815
v 7.695637 24.152796 1.986151
v 7.716961 25.737059 2.986010
v 7.664865 25.242737 3.429647
v 7.351821 24.162912 1.976748
v 7.347344 25.840555 2.325790
v 7.053085 25.835497 3.419134
v 7.202347 25.214367 3.743835
v 7.401112 24.226381 2.378850
v 6.436064 25.750393 3.199235
v 6.480726 25.313293 3.456058
v 6.097147 25.467733 1.675873
v 6.136893 25.341454 2.482194
v 6.708746 24.662699 2.811616
v 6.172404 24.971962 2.663301
v 5.124191 25.243679 2.124572
v 3.779450 24.931059 1.275686
v 5.230474 24.860662 1.775800
v 4.408489 25.394051 1.604858
v 3.031048 25.069788 2.896286
v 3.854508 23.243465 1.845051
v 3.070413 23.304594 3.673382
v 4.705024 24.869270 2.951571
v 3.602702 24.112270 1.780640
v 3.695015 23.108101 1.990519
v 5.001081 24.579756 2.763189
v 4.056692 25.399420 4.326646
v 4.933962 23.778618 2.703464
v 4.720101 22.978016 2.753715
v 3.571910 25.559919 4.808779
v 4.362291 22.828976 4.101717
v 4.699660 24.640896 4.367652
v 5.269113 23.081873 3.899048
v 3.189210 23.545595 4.541269
v 4.947132 22.674126 4.171456
v 4.813046 24.682161 5.471963
v 5.395511 23.089226 5.041940
v 5.311777 23.433245 6.072480
v 4.906902 22.757080 5.532134
v 5.237871 22.774406 5.877200
v 4.540113 22.721418 6.576180
v 4.709700 22.969889 6.888030
v 4.968572 23.993982 6.380168
v 3.640772 23.441713 5.785457
v 4.291111 23.938297 6.948085
v 3.891859 23.292965 7.355824
v 3.564615 22.838428 7.398256
v 3.148329 22.774401 7.138589
v 4.268984 25.302711 5.150253
v 4.266555 24.802732 6.103776
v 3.113968 23.385841 7.485213
v 3.266879 24.727253 6.625437
v 3.095902 23.372686 6.136471
v 2.276559 22.989698 7.155106
v 2.440704 24.946465 6.245669
v 1.773430 23.092346 6.479710
v 2.226445 22.825666 6.676645
v 2.759200 25.521410 5.691481
v 2.504502 23.674356 5.337106
v 2.215881 24.893866 4.880201
v 1.574740 23.139849 5.520793
v 2.354984 24.270386 3.124830
v 1.712646 23.129940 5.052720
v 2.010485 23.159037 4.433850
v 3.405365 25.466316 3.993773
v 2.563071 24.425623 2.088474
v 2.509066 23.945633 1.847024
v 2.304175 23.811636 2.409131
v 3.090330 24.426992 1.535376
v 3.294146 23.307114 1.745495
v -0.634615 23.659891 -0.192003
v -0.131934 23.633766 -0.349642
v -0.901419 24.077393 -0.239030
v -0.970084 24.296822 -0.572921
v -0.187949 24.456842 -1.603983
v -1.390135 23.959276 -0.468663
v -1.265767 23.722099 -1.016628
v 0.171005 24.331577 -2.327837
v -1.005338 24.046816 -1.447524
v -0.625803 23.460670 -1.825201
v -0.372575 24.151381 -2.084768
v -0.764864 23.717638 -2.154555
v -0.563107 23.910559 -2.903863
v -0.432024 23.313917 -2.865597
v -0.279929 23.523499 -3.528033
v -0.049860 23.203745 -2.861053
v 0.278574 23.361599 -3.379220
v 0.007752 23.846598 -3.796256
v 0.357934 23.703859 -3.950088
v 0.175594 23.444115 -2.585045
v 0.582181 24.068687 -3.515572
v 1.180365 23.652979 -3.567401
v 0.862118 23.112762 -3.647202
v 1.999716 24.502123 -3.387835
v 2.370184 24.076952 -3.286046
v 1.390439 24.591141 -3.159112
v 2.577396 24.052551 -2.852055
v 1.261727 23.116623 -3.270303
v 2.170496 24.586283 -2.393882
v 2.239186 24.137640 -2.275763
v 1.366563 24.161860 -2.109610
v 1.720775 23.578058 -2.553161
v 1.525159 23.844057 -2.116335
v 0.931243 24.077763 -1.294866
v 0.035177 23.808876 -0.261456
v 0.648459 23.748327 -1.430436
v 0.396587 24.207100 -0.753663
v 0.316633 19.615307 -3.120466
v 0.373427 20.463905 -3.289312
v 0.523543 20.917765 -2.929461
v -0.200001 21.175859 -0.904366
v -1.307823 21.344128 1.688062
v -0.729754 19.350765 -0.001650
v -0.624355 19.358160 -3.162808
v -0.684098 19.039480 -1.011979
v -2.012832 19.997677 -3.792890
v -1.912545 20.479313 -3.690001
v -1.546494 19.136688 -1.514408
v -2.285424 19.636831 -3.183616
v -2.589787 20.276529 -3.179938
v -2.249838 20.744036 -2.931053
v -2.736059 20.102205 -2.239485
v -0.625344 19.328644 0.763277
v -2.248177 19.536066 -1.295284
v -2.537530 20.387203 -1.163449
v -1.996539 20.859720 -1.585589
v -2.626716 19.883615 -0.265851
v -2.285610 20.751778 0.022813
v -2.742056 19.561993 0.691153
v -2.862897 20.285652 1.876183
v -2.029690 21.227306 1.565716
v -2.957870 19.650208 2.053207
v -2.644680 19.153090 1.276873
v -2.748724 19.625671 3.113282
v -2.107985 21.082186 2.179858
v -2.495228 19.068506 2.358501
v -1.741705 19.549885 0.282344
v -2.656953 19.096111 3.505655
v -2.179346 18.733410 3.670420
v -1.867066 19.020306 4.145414
v -1.529940 20.156927 4.256645
v -1.897004 20.030682 3.433981
v -1.458076 21.099758 2.342892
v -1.284900 18.742668 2.699615
v -0.971171 18.835693 3.582735
v -1.592020 19.712343 4.404319
v -0.512807 19.391500 4.106488
v -0.652032 20.721615 4.261732
v 0.561296 18.231667 3.506352
v 1.247150 18.391701 4.204841
v 1.935252 19.063854 4.600424
v 0.385450 20.156328 4.370766
v -0.252599 20.634903 4.399801
v -0.561898 21.009809 3.377952
v 2.476213 18.365198 4.157023
v 2.726752 19.410492 4.522590
v 0.639022 21.105152 3.761238
v 0.150518 18.325550 2.367804
v 1.315536 18.101879 2.978223
v 3.036183 18.513092 3.360704
v 3.311032 19.441992 4.065178
v 2.879410 18.888515 2.238480
v 3.155141 19.560991 2.560137
v 1.319681 21.025002 3.205982
v 0.655139 19.130524 1.267766
v 1.973797 20.518427 2.731606
v 1.323956 20.902077 2.104476
v 1.742200 19.682240 1.595830
v 0.961782 19.816175 0.101695
v 1.155749 20.523418 0.789181
v 1.255867 20.099678 -0.761250
v 1.507682 20.258001 0.386084
v 0.949958 19.752462 -0.985644
v 0.269918 19.628801 -2.019787
v 0.686639 20.258377 -2.833589
v 0.360676 21.030079 -2.387416
v -0.807729 21.318825 1.193142
v 6.966421 21.888618 1.708661
v 6.604422 21.719757 1.634344
v 6.938947 22.113104 2.027344
v 6.792546 21.794031 2.719712
v 4.075627 22.799118 3.441127
v 6.468123 21.524944 2.984216
v 5.835041 22.534050 3.379085
v 6.157895 22.068892 3.881232
v 5.892382 21.868326 4.141794
v 5.456109 21.654755 3.437231
v 5.539620 21.604200 4.045584
v 5.072161 22.475323 4.376347
v 5.084495 21.875429 4.742035
v 5.240535 22.560341 3.647546
v 4.507285 22.442562 4.648182
v 4.373827 21.676014 4.422769
v 4.067834 21.796070 4.886324
v 2.841753 22.185892 4.594042
v 1.984583 21.893997 4.265943
v 2.455019 21.559883 4.390664
v 2.985779 21.520668 4.406319
v 2.133913 22.363503 4.121006
v 1.698918 21.830881 3.870842
v 2.084538 21.478790 3.665862
v 3.574429 22.784447 3.969005
v 2.351948 22.485645 3.422699
v 1.805420 22.040339 3.422816
v 2.424614 21.614290 2.996241
v 3.238386 21.812284 3.413534
v 3.637703 22.272013 2.432293
v 3.708746 21.893337 2.379183
v 4.247827 21.726345 2.002544
v 3.842225 22.714848 2.920363
v 5.873423 22.313425 1.543999
v 5.382141 21.984005 1.591846
v 4.062269 21.880598 3.285194
v 6.176905 21.878119 1.371706
v 5.155025 21.738689 2.380591
v 6.698764 22.001360 1.395042
v 5.829721 20.603691 -0.302750
v 5.889153 20.165253 -0.277608
v 4.227663 20.601965 -0.158364
v 5.884805 20.464022 0.271931
v 6.040873 20.200634 0.090786
v 5.676908 20.137880 0.194197
v 5.283172 21.002161 0.277583
v 4.496924 21.156111 0.201563
v 5.132225 20.345137 0.866021
v 4.902097 20.531731 1.037160
v 4.263462 20.364195 0.800149
v 4.144974 20.851461 1.089437
v 3.865790 20.474924 1.204202
v 3.372514 20.654623 1.002327
v 3.218466 20.892815 0.699602
v 3.141167 20.416695 0.555228
v 2.873700 20.641455 0.128957
v 3.171613 21.016121 -0.251830
v 3.573394 21.220097 0.210123
v 3.944916 21.272766 -0.293073
v 3.096415 20.440681 -0.029498
v 3.540161 20.912710 -0.773982
v 3.159586 20.577513 -0.611424
v 4.104184 20.883305 -0.904520
v 4.735467 20.844507 -0.781003
v 4.558467 20.707163 -0.775126
v 5.278632 20.942329 -0.418827
v 5.707127 20.436769 -0.538575
v 2.271454 21.908293 -1.123045
v 2.739477 21.870256 -1.517494
v 1.964258 22.394958 -1.062889
v 1.740455 22.643681 -1.394861
v 1.609600 22.077396 -1.084262
v 2.115216 22.801407 -2.855417
v 1.323786 22.407862 -1.236769
v 1.223870 21.968956 -1.724529
v 2.128687 22.624474 -3.832334
v 1.309259 22.335175 -2.310861
v 1.546283 21.642649 -2.873149
v 1.701017 22.437937 -3.280851
v 1.249048 21.935715 -3.169449
v 1.128313 22.142616 -4.067726
v 1.286062 21.448715 -4.072191
v 1.096098 21.812380 -4.337206
v 1.697827 21.317408 -4.236702
v 1.258672 21.670532 -5.013656
v 1.816872 21.487251 -4.943397
v 1.338935 22.044710 -5.279572
v 1.627698 22.012222 -5.516162
v 2.063688 21.600595 -4.047662
v 2.081041 22.303699 -5.242048
v 1.871823 21.603752 -5.592915
v 2.116665 21.273571 -5.414896
v 2.699046 21.814167 -5.557237
v 2.693686 21.218981 -5.457523
v 3.658248 22.797819 -5.752398
v 4.101218 22.302471 -5.800301
v 2.768295 21.235613 -5.122027
v 3.107918 22.911373 -5.235235
v 4.518582 22.281332 -5.427741
v 3.146287 21.296242 -5.268960
v 4.288429 22.914843 -4.765676
v 4.415203 22.395185 -4.659829
v 2.782022 22.565231 -3.857425
v 3.554390 22.434416 -4.089839
v 3.734634 21.743465 -4.711406
v 3.721397 22.063469 -4.161199
v 3.454155 22.357416 -3.018839
v 2.958305 22.074184 -1.502073
v 3.090000 21.974119 -3.029549
v 3.124379 22.523691 -2.201192
v -1.349162 27.702150 2.772647
v -1.215847 28.134689 2.769033
v -1.468322 27.869581 2.566268
v -1.235864 27.276691 1.558730
v -0.002801 28.304365 0.685167
v -0.889490 27.012011 1.645827
v -0.475293 27.033484 0.763052
v -0.456059 28.111008 0.572887
v -0.493145 27.309341 0.174411
v 0.178246 27.149218 0.991940
v -0.021700 26.756577 -0.041446
v 0.138312 26.702190 0.402641
v 0.540855 27.509401 -0.417383
v 0.871078 26.743942 -0.574746
v 1.012218 26.575445 -0.058075
v 1.636620 27.066715 -0.552495
v 1.450130 26.553310 -0.465437
v 2.306139 26.774651 -0.167451
v 2.180873 26.499050 0.058116
v 0.912880 28.045765 0.026114
v 2.478456 27.272865 0.025376
v 2.707914 26.886864 0.565599
v 1.632770 27.864256 -0.113201
v 2.765071 27.342693 0.986839
v 2.574495 26.841263 0.797363
v 2.342657 27.998344 0.925685
v 2.518945 27.660765 1.486341
v 1.198980 27.011139 0.504373
v 1.529636 28.362026 0.713509
v 1.943944 27.882423 1.833648
v 1.873742 28.223385 1.756628
v 1.532439 27.837561 2.374224
v 1.096091 28.486004 1.260354
v 0.267122 28.131516 2.735522
v -0.137226 28.426607 2.651449
v 1.445020 27.604301 1.487314
v -0.965043 28.062342 3.125410
v 0.383203 27.676641 2.182827
v -0.718775 27.732027 2.930628
vn 0.5135 -0.5955 -0.6178
vn 0.0339 -0.8629 -0.5042
vn 0.6193 0.4755 -0.6248
vn 0.3308 0.9414 -0.0649
vn 0.8685 -0.4621 -0.1792
vn 0.0127 0.9886 0.1499
vn 0.8707 0.3935 0.2950
vn 0.6221 -0.5233 0.5824
vn 0.0770 0.9753 0.2072
vn 0.4283 0.4437 0.7872
vn 0.3667 -0.9100 0.1936
vn 0.2920 0.7964 0.5297
vn 0.7157 -0.0055 0.6984
vn 0.5216 0.4952 0.6948
vn 0.4567 -0.7405 0.4931
vn 0.5755 -0.1488 0.8042
vn -0.0972 -0.9894 -0.1080
vn 0.1543 -0.5342 0.8312
vn 0.0942 -0.9674 0.2352
vn -0.0014 0.4217 0.9067
vn -0.5374 0.3647 0.7604
vn -0.0159 -0.9335 -0.3583
vn -0.2856 0.7532 0.5926
vn -0.5202 -0.3051 0.7977
vn -0.0627 -0.8816 0.4678
vn -0.7795 -0.0398 0.6252
vn -0.5931 -0.7690 0.2386
vn -0.6493 0.6077 0.4573
vn -0.9737 -0.1175 0.1953
vn 0.1507 -0.9657 -0.2114
vn -0.0210 0.9436 0.3303
vn -0.4420 0.8275 -0.3463
vn -0.8263 -0.1954 -0.5283
vn -0.4484 -0.8837 -0.1342
vn 0.1115 0.7025 -0.7029
vn -0.1894 -0.1559 -0.9694
vn 0.1204 0.9676 -0.2219
vn 0.1552 0.5291 -0.8343
vn -0.0877 -0.8122 -0.5767
vn -0.0611 -0.3331 -0.9409
vn -0.3428 0.5097 -0.7891
vn 0.0464 -0.0571 -0.9973
vn -0.0548 -0.9889 -0.1380
vn -0.1530 0.7131 -0.6841
vn -0.3303 0.6148 -0.7162
vn 0.3669 0.6919 -0.6218
vn 0.6820 0.0819 -0.7267
vn 0.6297 -0.1637 -0.7594
vn 0.2327 -0.8190 -0.5245
vn 0.0853 0.9918 0.0953
vn 0.6220 0.6903 -0.3696
vn 0.7430 0.5199 -0.4215
vn 0.1778 0.9404 -0.2899
vn 0.6980 0.7160 0.0113
vn 0.8160 0.4401 0.3747
vn 0.9224 0.3312 -0.1986
vn 0.5388 0.8413 -0.0446
vn 0.8304 -0.5528 -0.0688
vn 0.7518 0.6210 0.2219
vn 0.0740 -0.9963 -0.0438
vn 0.5443 0.8211 0.1718
vn 0.8931 -0.2573 0.3689
vn 0.8300 0.4226 0.3640
vn 0.3721 -0.7922 0.4836
vn 0.1571 0.2358 0.9590
vn 0.3458 -0.6063 0.7161
vn -0.0739 -0.9912 0.1096
vn 0.0689 -0.9780 0.1971
vn 0.2046 0.9187 0.3378
vn -0.3596 0.2467 0.8999
vn -0.1299 0.9835 0.1260
vn -0.3572 0.0688 0.9315
vn 0.0069 -0.9376 0.3476
vn -0.1159 -0.9884 0.0983
vn 0.5041 -0.8229 0.2622
vn -0.2653 -0.8913 0.3678
vn -0.2824 0.9026 0.3248
vn -0.7861 0.2235 0.5763
vn -0.3756 -0.9145 0.1503
vn -0.1639 -0.9826 -0.0878
vn -0.5973 0.7986 -0.0738
vn -0.3067 0.9481 0.0837
vn -0.7856 0.6182 0.0240
vn -0.6064 -0.6143 -0.5049
vn -0.2521 -0.9485 -0.1921
vn -0.3791 0.8593 -0.3433
vn -0.9342 -0.0621 -0.3514
vn -0.4936 0.8431 -0.2134
vn -0.4063 -0.6148 -0.6759
vn -0.6864 0.4619 -0.5617
vn -0.7206 -0.4130 -0.5569
vn -0.7528 0.5090 -0.4174
vn -0.7306 -0.4177 -0.5400
vn -0.0966 -0.9953 -0.0108
vn -0.4970 -0.0140 -0.8676
vn 0.0079 -0.5563 -0.8309
vn -0.3892 0.9141 -0.1143
vn -0.3394 0.8322 -0.4385
vn 0.2270 0.2893 -0.9299
vn 0.2151 -0.8333 -0.5092
vn -0.2246 0.7350 -0.6398
vn 0.1082 0.0356 -0.9935
vn -0.3991 -0.5929 -0.6994
vn -0.1471 -0.9614 -0.2324
vn 0.3601 0.9036 -0.2319
vn 0.5946 0.5516 -0.5849
vn 0.5883 -0.4242 -0.6885
vn 0.1113 -0.9708 -0.2125
vn 0.2240 0.9739 0.0370
vn 0.2358 0.9619 0.1387
vn 0.8250 0.5074 -0.2489
vn 0.7993 -0.4990 -0.3348
vn 0.9706 0.2263 -0.0816
vn -0.1150 -0.9852 -0.1273
vn 0.6824 0.7007 0.2083
vn 0.9619 -0.1303 0.2402
vn 0.5857 -0.8015 0.1203
vn 0.7002 -0.1056 0.7061
vn 0.3531 0.4346 0.8285
vn 0.2641 -0.7510 0.6052
vn 0.2478 -0.9667 0.0637
vn 0.0355 -0.0296 0.9989
vn -0.3185 -0.4289 0.8454
vn -0.4090 0.5284 0.7440
vn 0.0888 0.8564 0.5086
vn -0.6649 -0.5799 0.4707
vn -0.2567 0.9437 0.2086
vn -0.1134 -0.9934 0.0150
vn -0.8305 0.4200 0.3659
vn -0.8107 -0.5620 0.1641
vn -0.7505 0.6571 -0.0700
vn -0.9752 -0.1461 -0.1662
vn -0.8307 0.4888 -0.2664
vn -0.3151 -0.9017 -0.2961
vn -0.6925 -0.6617 -0.2873
vn -0.1357 0.9897 0.0457
vn -0.3784 0.9013 -0.2107
vn -0.7791 0.0129 -0.6268
vn 0.5847 0.6305 -0.5104
vn 0.6523 -0.7203 -0.2360
vn 0.6389 0.7689 -0.0245
vn 0.9861 0.1606 -0.0419
vn 0.7998 -0.4492 0.3982
vn 0.2734 0.9563 -0.1036
vn 0.7267 0.6703 0.1505
vn 0.1115 -0.9399 0.3227
vn 0.8013 -0.0971 0.5903
vn 0.1792 -0.9095 0.3750
vn 0.4892 0.8412 0.2302
vn 0.6328 0.2737 0.7243
vn -0.1903 -0.9812 -0.0308
vn 0.3785 -0.4007 0.8344
vn 0.0629 -0.9860 0.1546
vn 0.2177 0.7028 0.6772
vn 0.0862 -0.0157 0.9962
vn 0.0073 -0.9647 0.2632
vn -0.3727 0.5346 0.7585
vn -0.2487 -0.3951 0.8843
vn -0.2450 0.8812 0.4043
vn -0.7606 0.0416 0.6479
vn -0.4379 -0.7796 0.4478
vn 0.0522 0.9800 0.1919
vn -0.7799 0.5642 0.2710
vn -0.9095 -0.4090 0.0741
vn -0.3490 0.9339 0.0777
vn -0.9473 0.0320 -0.3187
vn -0.1601 -0.9869 -0.0186
vn -0.5932 0.7447 -0.3058
vn -0.6252 -0.2591 -0.7362
vn -0.3630 -0.8823 -0.2997
vn 0.0063 -0.9875 -0.1576
vn -0.1581 0.9638 -0.2145
vn -0.4950 -0.5731 -0.6530
vn -0.3970 0.5290 -0.7500
vn -0.3941 -0.2929 -0.8711
vn -0.3021 -0.9441 -0.1317
vn 0.0170 0.9031 -0.4291
vn -0.2445 -0.4034 -0.8817
vn 0.1108 0.6301 -0.7685
vn -0.1272 -0.9914 -0.0305
vn 0.3764 -0.2373 -0.8955
vn -0.2041 -0.9768 -0.0648
vn -0.1351 -0.9160 -0.3776
vn -0.0982 -0.6104 -0.7860
vn -0.3456 -0.8690 -0.3542
vn -0.0277 0.4586 -0.8882
vn 0.1596 0.9307 -0.3291
vn 0.4648 -0.4778 -0.7454
vn 0.0967 0.9915 0.0867
vn 0.8090 0.3658 -0.4600
vn 0.7855 0.5952 0.1692
vn 0.8442 -0.5328 -0.0587
vn 0.2049 0.9772 0.0554
vn 0.9549 0.0997 0.2795
vn 0.3733 -0.9223 -0.0998
vn 0.5959 0.7911 0.1379
vn 0.9982 0.0098 -0.0585
vn -0.2938 -0.9285 -0.2270
vn 0.8673 0.4908 0.0835
vn 0.6701 -0.7420 0.0207
vn 0.9794 -0.1488 0.1366
vn -0.1120 -0.9937 0.0061
vn 0.7088 -0.5271 0.4688
vn 0.2478 -0.9590 0.1375
vn 0.6510 0.4275 0.6273
vn 0.2242 0.4181 0.8803
vn -0.2858 -0.9348 -0.2110
vn 0.3233 0.8775 0.3543
vn 0.0866 0.5720 0.8157
vn 0.2228 -0.3151 0.9225
vn 0.2947 -0.8752 0.3837
vn -0.0965 -0.0528 0.9939
vn -0.2358 -0.7568 0.6097
vn -0.1063 0.6253 0.7731
vn -0.5268 -0.0999 0.8441
vn -0.0577 -0.9692 -0.2395
vn 0.2428 0.9355 0.2567
vn -0.5531 0.8304 0.0677
vn -0.9519 -0.1883 0.2417
vn -0.4077 -0.8780 0.2508
vn -0.4327 0.6926 -0.5771
vn -0.8353 -0.1639 -0.5248
vn -0.0866 0.9644 -0.2498
vn -0.4984 0.5173 -0.6956
vn -0.4794 -0.8183 -0.3172
vn -0.2260 0.9732 0.0438
vn -0.7266 -0.3424 -0.5956
vn -0.7906 0.5443 -0.2805
vn -0.6930 -0.0693 -0.7176
vn -0.1357 -0.9903 -0.0309
vn -0.5894 0.7124 -0.3810
vn -0.7920 -0.6104 0.0106
vn -0.3902 -0.8690 0.3043
vn -0.8858 0.4586 -0.0708
vn -0.2811 0.9353 -0.2148
vn -0.6894 -0.4778 -0.5445
vn 0.0876 0.9899 -0.1113
vn -0.3452 0.3830 -0.8568
vn 0.0520 -0.5264 -0.8486
vn 0.0899 0.9762 -0.1973
vn 0.3153 0.4457 -0.8378
vn -0.0722 -0.9134 -0.4006
vn 0.2003 0.7976 -0.5690
vn 0.0702 -0.0089 -0.9975
vn 0.1835 0.4947 -0.8495
vn 0.0948 -0.7420 -0.6637
vn 0.2442 -0.1488 -0.9582
vn -0.0009 -0.9889 0.1487
vn 0.5443 -0.5271 -0.6526
vn 0.1367 -0.9660 -0.2193
vn 0.6846 0.4319 -0.5872
vn 0.9205 0.3818 -0.0834
vn -0.2454 -0.9371 0.2482
vn 0.6224 0.7642 -0.1689
vn 0.9505 -0.2878 -0.1175
vn 0.4140 -0.8752 -0.2504
vn 0.9815 -0.0204 0.1906
vn 0.5798 -0.7568 0.3018
vn 0.7570 0.6230 0.1968
vn 0.7806 -0.0999 0.6170
vn -0.2405 -0.9703 0.0263
vn 0.2477 0.9475 -0.2020
vn 0.0060 0.8304 0.5572
vn 0.1349 -0.1883 0.9728
vn 0.2041 -0.8780 0.4330
vn -0.6214 0.6926 0.3662
vn -0.6141 -0.1639 0.7720
vn -0.2653 0.9630 0.0470
vn -0.7466 0.5171 0.4186
vn -0.3679 -0.8172 0.4436
vn -0.6719 -0.3427 0.6566
vn -0.3899 0.5061 0.7693
vn -0.7896 -0.0691 0.6097
vn -0.0512 -0.9894 0.1358
vn -0.4363 0.7077 0.5557
vn -0.3305 0.8900 -0.3141
vn 0.3727 -0.4073 -0.8338
vn -0.2223 -0.9749 0.0120
vn 0.4650 0.8337 -0.2979
vn 0.4826 0.1357 -0.8652
vn -0.1132 -0.9310 -0.3471
vn 0.7799 0.4386 -0.4465
vn 0.4509 0.8865 -0.1038
vn 0.8052 -0.0932 -0.5856
vn 0.5390 -0.6983 -0.4710
vn 0.0737 0.9965 0.0384
vn -0.3444 -0.9371 0.0568
vn 0.8621 0.5067 0.0016
vn 0.9520 -0.2562 -0.1678
vn -0.2019 -0.9611 0.1886
vn 0.2832 -0.9550 -0.0888
vn 0.8029 0.5815 0.1313
vn 0.9884 -0.1358 -0.0673
vn 0.9452 0.1094 0.3076
vn -0.2076 -0.9781 0.0141
vn 0.6738 -0.7136 0.1915
vn 0.0732 -0.9914 0.1086
vn 0.6128 -0.3619 0.7025
vn 0.7344 0.4335 0.5223
vn -0.3111 -0.9282 -0.2043
vn 0.4138 0.4493 0.7918
vn 0.3415 0.1161 0.9327
vn 0.1052 -0.6358 0.7647
vn -0.1138 -0.9906 0.0763
vn 0.5340 0.8246 0.1865
vn 0.4229 0.7488 0.5102
vn -0.1530 0.1799 0.9717
vn 0.0471 0.6703 0.7406
vn -0.0036 -0.8890 -0.4579
vn -0.5766 -0.3460 0.7401
vn -0.6074 0.5947 0.5267
vn -0.9000 -0.2675 0.3442
vn -0.1835 -0.9826 -0.0279
vn -0.3154 0.9085 0.2741
vn 0.2665 -0.9583 -0.1034
vn -0.8377 0.5398 -0.0837
vn -0.9243 -0.3809 -0.0232
vn -0.8854 0.4351 -0.1635
vn -0.5185 -0.7985 -0.3058
vn -0.1227 -0.9891 -0.0813
vn -0.3613 0.9192 -0.1564
vn -0.7450 0.5622 -0.3589
vn -0.7488 -0.1595 -0.6433
vn -0.9010 -0.3535 -0.2517
vn -0.0731 0.4357 -0.8971
vn -0.2374 -0.6644 -0.7087
vn -0.1286 -0.6096 0.7822
vn 0.2420 -0.8690 0.4316
vn -0.1932 0.4510 0.8713
vn -0.3190 0.9204 0.2261
vn -0.1003 0.9896 -0.1033
vn -0.9197 0.0168 0.3922
vn -0.8441 -0.5069 -0.1747
vn -0.1694 0.9801 -0.1034
vn -0.7875 0.4470 -0.4244
vn -0.4069 -0.9134 0.0110
vn -0.5235 0.8026 -0.2860
vn -0.9755 -0.0089 -0.2197
vn -0.8152 0.4742 -0.3325
vn -0.6540 -0.7273 -0.2080
vn -0.6587 -0.4426 -0.6084
vn 0.1474 -0.9889 0.0209
vn -0.2046 -0.9470 -0.2478
vn -0.4633 0.4760 -0.7475
vn -0.0517 0.0102 -0.9986
vn 0.2091 -0.9373 0.2787
vn -0.0867 0.7919 -0.6044
vn 0.3415 -0.0530 -0.9384
vn 0.0863 -0.8382 -0.5385
vn 0.3339 0.6559 -0.6770
vn 0.7642 -0.0420 -0.6436
vn -0.1495 0.9409 -0.3040
vn 0.9880 -0.1544 -0.0103
vn 0.3232 -0.9343 -0.1502
vn 0.4504 0.7701 0.4518
vn 0.6272 -0.1935 0.7545
vn 0.2837 0.6095 0.7403
vn 0.3894 -0.8220 0.4155
vn 0.5479 -0.3427 0.7632
vn 0.7033 0.5065 0.4989
vn 0.4837 -0.0691 0.8725
vn 0.1265 -0.9894 0.0711
vn 0.4836 0.7077 0.5151
vn 0.5707 -0.6538 -0.4969
vn 0.4966 0.1682 -0.8515
vn 0.5360 0.7235 -0.4351
vn 0.1265 0.9907 -0.0498
vn -0.1055 0.9925 0.0616
vn 0.0735 -0.9871 0.1423
vn 0.1317 -0.8540 -0.5033
vn 0.1366 -0.9865 0.0899
vn -0.3114 -0.2636 -0.9130
vn -0.2063 0.5842 -0.7850
vn -0.2729 -0.9619 -0.0140
vn -0.5612 -0.7413 -0.3681
vn -0.8992 0.1795 -0.3991
vn -0.4627 0.8628 -0.2037
vn -0.9984 -0.0563 -0.0016
vn -0.0099 -0.9629 -0.2697
vn -0.6916 -0.7204 0.0525
vn -0.9506 0.3104 -0.0012
vn -0.3861 0.9208 -0.0554
vn -0.9244 -0.3696 -0.0941
vn -0.7169 0.6934 -0.0725
vn -0.7830 -0.5215 -0.3391
vn -0.9071 0.4154 0.0676
vn -0.4332 0.9001 -0.0457
vn -0.9833 -0.1798 0.0270
vn -0.5217 -0.8158 -0.2495
vn -0.8183 0.3284 0.4718
vn -0.4662 0.8039 0.3692
vn -0.8086 -0.5882 0.0167
vn -0.1846 -0.9757 -0.1182
vn -0.8668 -0.2776 0.4143
vn -0.3334 -0.8747 0.3519
vn -0.2249 -0.5163 0.8264
vn -0.5410 0.5894 0.5999
vn -0.5878 0.6849 0.4306
vn -0.2495 0.8681 0.4292
vn -0.1598 -0.9823 -0.0979
vn -0.0888 -0.8822 0.4624
vn -0.3264 -0.0058 0.9452
vn -0.0585 -0.4717 0.8798
vn -0.3270 0.7356 0.5932
vn -0.2202 -0.9541 0.2030
vn -0.1403 -0.7443 0.6529
vn 0.0111 -0.1833 0.9830
vn 0.0296 0.1747 0.9842
vn -0.0004 0.4582 0.8889
vn -0.3123 0.9023 0.2972
vn 0.3343 -0.7762 0.5345
vn 0.4987 0.1660 0.8508
vn 0.1382 0.8728 0.4681
vn -0.1297 -0.9416 -0.3107
vn 0.0699 -0.9823 -0.1738
vn 0.7023 -0.7104 -0.0451
vn 0.9050 0.1994 0.3759
vn 0.6263 -0.4380 -0.6449
vn 0.8585 0.3433 -0.3809
vn 0.3984 0.9059 0.1438
vn 0.2282 -0.8115 -0.5380
vn 0.6386 0.7486 -0.1786
vn 0.4226 0.8865 -0.1882
vn 0.7543 -0.1244 -0.6446
vn 0.3132 -0.9301 -0.1921
vn 0.4779 0.8659 -0.1478
vn 0.9420 -0.2704 -0.1986
vn 0.8963 0.4082 -0.1735
vn 0.6062 -0.7884 -0.1051
vn 0.5123 -0.8459 -0.1484
vn 0.9213 -0.1712 -0.3491
vn 0.2200 0.9718 -0.0845
vn 0.1258 0.9907 -0.0512
vn 0.9003 -0.2386 -0.3640
vn 0.2062 -0.8956 -0.3941
vn 0.8113 0.5846 -0.0000
vn 0.9252 -0.2317 0.3005
vn 0.0500 0.9986 -0.0163
vn 0.4155 -0.8845 0.2121
vn 0.3686 0.9169 0.1532
vn 0.7796 0.2635 0.5681
vn 0.6271 -0.3156 0.7122
vn -0.1415 -0.9873 -0.0724
vn 0.1765 -0.9458 0.2725
vn 0.3344 0.7836 0.5236
vn 0.3709 -0.2677 0.8893
vn 0.1391 0.9723 0.1881
vn 0.0975 0.6759 0.7306
vn 0.0201 -0.9961 0.0859
vn 0.0114 -0.3968 0.9178
vn -0.2657 0.3874 0.8828
vn -0.6653 -0.0734 0.7430
vn -0.3071 -0.6833 0.6624
vn 0.0284 -0.9723 0.2321
vn -0.5410 0.7310 0.4159
vn -0.9707 -0.1885 0.1493
vn -0.3850 -0.9141 -0.1273
vn -0.1026 0.9629 0.2496
vn -0.4387 0.8387 -0.3226
vn -0.8587 0.2042 -0.4701
vn -0.3002 -0.6730 -0.6760
vn 0.1478 -0.9800 -0.1330
vn -0.4047 0.4653 -0.7872
vn -0.4338 -0.6579 -0.6157
vn -0.3619 -0.6294 -0.6877
vn -0.1566 0.9225 -0.3528
vn -0.0253 0.7453 -0.6662
vn -0.3248 -0.3698 -0.8705
vn -0.0329 -0.9960 -0.0825
vn -0.1259 -0.4324 -0.8928
vn -0.0663 -0.9909 -0.1172
vn 0.4805 0.1900 -0.8561
vn 0.7758 0.5413 -0.3243
vn 0.5077 -0.7058 -0.4940
vn -0.0438 -0.9814 -0.1867
vn 0.7719 0.3870 0.5043
vn 0.8968 -0.4000 0.1889
vn 0.0278 -0.9896 0.1412
vn 0.4001 0.8661 0.2995
vn 0.1908 0.9681 0.1622
vn 0.3604 -0.6326 0.6855
vn 0.3629 0.1454 0.9204
vn -0.0950 -0.9953 0.0210
vn 0.0874 0.6583 0.7477
vn -0.1668 -0.4407 0.8820
vn -0.5826 0.0463 0.8115
vn -0.6502 0.5765 0.4949
vn -0.5908 -0.7462 0.3068
vn -0.9983 -0.0399 0.0434
vn -0.6560 0.7116 -0.2517
vn -0.2439 0.9527 0.1811
vn 0.0084 0.9736 -0.2280
vn -0.3499 -0.9262 -0.1405
vn -0.3536 0.4342 -0.8285
vn -0.5976 -0.4399 -0.6703
vn 0.0140 0.1901 -0.9817
vn 0.2333 0.4554 -0.8592
vn 0.0295 -0.6800 -0.7326
vn 0.3596 0.8340 -0.4185
vn 0.4566 -0.1158 -0.8821
vn 0.2031 -0.5955 0.7773
vn 0.3902 -0.8629 0.3212
vn 0.1471 0.4755 0.8673
vn -0.1399 0.9414 0.3068
vn -0.3602 -0.4621 0.8103
vn -0.1293 0.9886 -0.0770
vn -0.7469 0.3935 0.5359
vn -0.8358 -0.5233 0.1664
vn -0.2132 0.9753 -0.0581
vn -0.8894 0.4437 -0.1104
vn -0.3710 -0.9100 0.1853
vn -0.6006 0.7964 -0.0711
vn -0.9846 -0.0055 0.1750
vn -0.8686 0.4952 0.0193
vn -0.6668 -0.7405 0.0841
vn -0.9889 -0.1488 -0.0006
vn 0.1444 -0.9894 -0.0161
vn -0.7655 -0.5342 -0.3587
vn -0.2460 -0.9674 -0.0604
vn -0.7362 0.4217 -0.5293
vn -0.3051 0.3647 -0.8797
vn 0.3005 -0.9335 0.1957
vn -0.3154 0.7532 -0.5773
vn -0.3454 -0.3051 -0.8875
vn -0.3437 -0.8816 -0.3235
vn -0.0542 -0.0398 -0.9977
vn 0.1515 -0.7690 -0.6211
vn 0.0460 0.6412 -0.7660
vn 0.4522 -0.0530 -0.8903
vn 0.0841 -0.9657 0.2456
vn -0.2524 0.9431 -0.2162
vn 0.9127 -0.1530 -0.3790
vn 0.3702 -0.8837 -0.2863
vn 0.5827 0.7795 0.2299
vn 0.8683 -0.1775 0.4631
vn 0.1088 0.9666 0.2319
vn 0.5792 0.5797 0.5731
vn 0.5199 -0.8122 0.2646
vn 0.8005 -0.3331 0.4984
vn 0.8411 0.5097 0.1810
vn 0.7836 -0.0571 0.6186
vn 0.1442 -0.9889 0.0358
vn 0.6452 0.7131 0.2741
vn -0.6465 -0.4754 0.5967
vn -0.6415 0.7370 0.2129
vn -0.9496 0.3082 -0.0566
vn -0.9305 -0.2999 -0.2102
vn -0.1972 0.9274 -0.3177
vn -0.1867 -0.9686 0.1644
vn 0.0008 -0.9613 0.2756
vn -0.5769 0.6645 -0.4749
vn -0.7468 -0.0277 -0.6644
vn 0.1474 -0.8842 0.4433
vn -0.5187 -0.6794 -0.5189
vn -0.1308 -0.9418 0.3098
vn -0.2747 0.3620 -0.8908
vn -0.2358 -0.4383 -0.8673
vn -0.0918 -0.9763 0.1962
vn 0.2728 0.1248 -0.9539
vn 0.0943 -0.7650 -0.6371
vn 0.6555 -0.3270 -0.6807
vn 0.3195 -0.9449 -0.0718
vn -0.0436 0.7934 -0.6071
vn 0.7553 0.3055 -0.5798
vn 0.9024 -0.4254 -0.0687
vn 0.2943 0.6747 -0.6769
vn 0.9773 0.0261 0.2101
vn 0.3661 -0.7782 0.5102
vn 0.6602 0.7377 -0.1412
vn 0.7142 -0.0081 0.6999
vn -0.0386 -0.8116 0.5830
vn 0.2475 0.9307 -0.2693
vn 0.5651 -0.2949 0.7705
vn 0.5216 0.7556 0.3962
vn 0.5023 -0.2788 0.8185
vn 0.0894 0.9958 -0.0200
vn 0.3823 0.0274 0.9236
vn 0.0312 0.9102 0.4130
vn 0.0843 -0.8783 0.4707
vn -0.2371 0.2539 0.9377
vn 0.1708 -0.8675 0.4672
vn 0.1481 -0.6689 0.7284
vt 0.710792 0.594091
vt 0.665670 0.472168
vt 0.727855 0.438873
vt 0.693379 0.700291
vt 0.648010 0.599357
vt 0.613142 0.468695
vt 0.574653 0.271298
vt 0.746234 0.851041
vt 0.589038 0.647865
vt 0.609375 1.000000
vt 0.560371 0.877166
vt 0.519516 0.626779
vt 0.456415 0.391677
vt 0.443968 0.231529
vt 0.443083 0.740766
vt 0.332304 0.202941
vt 0.490777 0.052787
vt 0.421875 1.000000
vt 0.431014 0.602919
vt 0.386029 0.440059
vt 0.350461 0.599791
vt 0.267437 0.467124
vt 0.200366 0.956209
vt 0.242667 0.745744
vt 0.300032 0.592255
vt 0.152225 0.253644
vt 0.109065 0.818947
vt 0.172607 0.628221
vt 0.179668 0.380723
vt 0.110175 0.731856
vt 0.106448 0.424242
vt 0.100447 0.632770
vt 0.062500 0.588808
vt 0.062500 0.717373
vt 0.001738 0.820760
vt 0.031250 0.595874
vt 0.000000 0.526312
vt 0.023077 0.367978
vt 0.031250 0.701930
vt 0.000000 0.651385
vt 0.999819 0.371531
vt 0.900209 0.284092
vt 0.877403 0.033439
vt 0.994705 0.645335
vt 0.920822 0.631631
vt 0.996879 0.523696
vt 0.993875 0.813803
vt 0.819818 0.970300
vt 0.810649 0.478707
vt 0.851992 0.650436
vt 0.834717 0.190379
vt 0.715695 0.374639
vt 0.653318 0.281202
vt 0.665883 0.875610
vt 0.696848 0.614586
vt 0.813096 0.563388
vt 0.693777 0.157736
vt 0.763095 0.424522
vt 0.595031 0.668871
vt 0.525224 0.816125
vt 0.517913 0.527317
vt 0.490428 0.382036
vt 0.512613 0.274880
vt 0.450811 0.552472
vt 0.361650 0.436460
vt 0.367868 0.204476
vt 0.501444 0.197881
vt 0.334173 0.609234
vt 0.417595 0.768494
vt 0.371356 0.926877
vt 0.220191 0.694147
vt 0.286887 0.274690
vt 0.251768 0.454303
vt 0.250947 0.512311
vt 0.353208 0.027318
vt 0.214161 0.312500
vt 0.139735 0.748900
vt 0.187500 0.457767
vt 0.183412 0.304325
vt 0.156250 0.483221
vt 0.125003 0.347747
vt 0.125000 0.232382
vt 0.003947 0.892334
vt 0.048139 0.788801
vt 0.058204 0.270602
vt 0.023351 0.463971
vt 0.001354 0.403070
vt 0.000520 0.687500
vt 0.056316 0.656843
vt 0.000000 0.625000
vt 0.999397 0.239643
vt 0.943249 0.372035
vt 0.908349 0.337395
vt 0.968158 0.681660
vt 0.914355 0.549146
vt 0.980639 0.586279
vt 1.001240 0.500000
vt 0.877279 0.311591
vt 0.829829 0.367586
vt 0.811154 0.287488
vt 0.885704 0.560277
vt 0.827151 0.756616
vt 0.891347 0.884339
vt 0.765625 1.000000
vt 0.771531 0.420446
vt 0.727254 0.515986
vt 0.680619 0.452875
vt 0.681152 0.348556
vt 0.677438 0.773162
vt 0.673402 0.607792
vt 0.787980 0.633510
vt 0.883659 0.093824
vt 0.507809 0.190823
vt 0.584387 0.603964
vt 0.750924 0.983354
vt 0.521580 0.573483
vt 0.710576 0.865279
vt 0.566273 0.451770
vt 0.429174 0.395272
vt 0.438311 0.512651
vt 0.447131 0.689075
vt 0.370188 0.273791
vt 0.301450 0.620185
vt 0.360886 0.523311
vt 0.293067 0.359251
vt 0.191561 0.263150
vt 0.317107 0.974030
vt 0.221445 0.824235
vt 0.251860 0.515376
vt 0.200651 0.440581
vt 0.153306 0.653422
vt 0.060670 0.803417
vt 0.139703 0.405398
vt 0.061191 0.580550
vt 0.074404 0.415176
vt 0.002615 0.295939
vt 0.015816 0.474671
vt 0.000000 0.582483
vt 0.926451 0.925134
vt 0.935648 0.611603
vt 1.000000 0.726302
vt 0.996301 0.462066
vt 0.969432 0.313211
vt 1.000000 0.375000
vt 0.989600 0.582483
vt 0.862151 0.710969
vt 0.830889 0.498890
vt 0.909624 0.386737
vt 0.783492 0.475160
vt 0.686574 0.536412
vt 0.704858 0.415870
vt 0.774897 0.338679
vt 0.609434 0.314647
vt 0.669186 0.743313
vt 0.761644 0.600755
vt 0.671875 0.000000
vt 0.928645 0.180918
vt 0.570387 0.169813
vt 0.613303 0.458435
vt 0.554574 0.504926
vt 0.534358 0.338625
vt 0.605338 0.781366
vt 0.504652 0.594135
vt 0.456912 0.450387
vt 0.472359 0.275229
vt 0.386710 0.055453
vt 0.656351 0.944715
vt 0.352670 0.916683
vt 0.609159 0.852096
vt 0.424856 0.740814
vt 0.389789 0.511277
vt 0.390104 0.260968
vt 0.298834 0.813752
vt 0.339497 0.449844
vt 0.317530 0.657005
vt 0.257336 0.397079
vt 0.206460 0.279875
vt 0.249019 0.528562
vt 0.199906 0.658549
vt 0.163178 0.856105
vt 0.169678 0.441278
vt 0.171875 1.000000
vt 0.046443 0.851908
vt 0.109150 0.507386
vt 0.105060 0.333823
vt 0.070338 0.688623
vt 0.050072 0.483428
vt 0.000000 0.569310
vt 0.984496 0.568569
vt 0.937500 0.447234
vt 0.986453 0.401051
vt 0.930060 0.303854
vt 0.951056 0.805837
vt 0.858525 0.603661
vt 0.881192 0.434051
vt 0.759908 0.914474
vt 0.710792 0.594091
vt 0.665670 0.472168
vt 0.727855 0.438873
vt 0.693379 0.700291
vt 0.648010 0.599357
vt 0.613142 0.468695
vt 0.574653 0.271298
vt 0.746234 0.851041
vt 0.607367 0.680020
vt 0.560371 0.877166
vt 0.562500 0.601310
vt 0.519516 0.626780
vt 0.443968 0.231529
vt 0.675120 0.067092
vt 0.389871 0.044957
vt 0.443083 0.740766
vt 0.332304 0.202941
vt 0.431014 0.602920
vt 0.386029 0.440059
vt 0.350461 0.599791
vt 0.267437 0.467124
vt 0.200367 0.956209
vt 0.258145 0.794295
vt 0.300032 0.592254
vt 0.228913 0.702600
vt 0.152225 0.253644
vt 0.172607 0.628221
vt 0.179668 0.380723
vt 0.106448 0.424243
vt 0.110175 0.731856
vt 0.100447 0.632770
vt 0.062500 0.588808
vt 0.062500 0.717373
vt 0.001738 0.820760
vt 0.000000 0.526312
vt 0.023077 0.367978
vt 0.000000 0.651385
vt 0.999819 0.371531
vt 0.900209 0.284092
vt 0.994705 0.645335
vt 0.920558 0.627022
vt 0.996879 0.523696
vt 0.993875 0.813803
vt 0.819818 0.970300
vt 0.930468 0.800613
vt 0.810649 0.478706
vt 0.851992 0.650436
vt 0.710792 0.594091
vt 0.665670 0.472168
vt 0.727855 0.438873
vt 0.648010 0.599357
vt 0.613142 0.468695
vt 0.574653 0.271298
vt 0.746234 0.851041
vt 0.589038 0.647865
vt 0.560371 0.877166
vt 0.519516 0.626779
vt 0.443968 0.231529
vt 0.443083 0.740766
vt 0.332304 0.202941
vt 0.490777 0.052787
vt 0.431014 0.602920
vt 0.386029 0.440059
vt 0.350461 0.599791
vt 0.267438 0.467124
vt 0.200366 0.956209
vt 0.242667 0.745743
vt 0.300032 0.592254
vt 0.152225 0.253644
vt 0.109065 0.818947
vt 0.172607 0.628221
vt 0.179668 0.380723
vt 0.110175 0.731856
vt 0.106448 0.424242
vt 0.100447 0.632770
vt 0.062500 0.717373
vt 0.001738 0.820760
vt 0.031250 0.595874
vt 0.023077 0.367978
vt 0.999819 0.371531
vt 0.900209 0.284093
vt 0.877403 0.033439
vt 0.920822 0.631631
vt 0.996879 0.523696
vt 0.993875 0.813802
vt 0.819818 0.970300
vt 0.810649 0.478706
vt 0.851992 0.650436
vt 0.757953 0.458772
vt 0.694506 0.481901
vt 0.699476 0.395175
vt 0.632733 0.817095
vt 0.735884 0.691871
vt 0.810080 0.706025
vt 0.631534 0.938245
vt 0.909804 0.845892
vt 0.816385 0.163173
vt 0.584143 0.210485
vt 0.606091 0.740508
vt 0.600827 0.599860
vt 0.603167 0.447303
vt 0.542172 0.343941
vt 0.578125 1.000000
vt 0.398495 0.937500
vt 0.544784 0.525572
vt 0.538173 0.859321
vt 0.479238 0.576869
vt 0.435685 0.449906
vt 0.433294 0.860078
vt 0.463207 0.266665
vt 0.732613 0.062584
vt 0.394135 0.082574
vt 0.484375 0.000000
vt 0.428434 0.630320
vt 0.392037 0.753481
vt 0.362168 0.493281
vt 0.317331 0.875000
vt 0.376123 0.320893
vt 0.266932 0.417721
vt 0.316380 0.741535
vt 0.291319 0.574029
vt 0.296875 0.000000
vt 0.210501 0.094289
vt 0.230023 0.291255
vt 0.213400 0.574323
vt 0.189834 0.812500
vt 0.118004 0.316370
vt 0.159041 0.469674
vt 0.092879 0.740980
vt 0.015399 0.112928
vt 0.099663 0.490318
vt 0.032469 0.492236
vt 0.005728 0.360684
vt 0.083657 0.825727
vt 0.016518 0.728064
vt 0.123946 0.967475
vt 0.000000 0.812500
vt 0.934713 0.673897
vt 1.000000 0.715384
vt 0.990249 0.363759
vt 0.953985 0.308014
vt 0.978001 0.111303
vt 0.882627 0.656694
vt 0.858641 0.430038
vt 0.835651 0.530824
vt 0.941066 0.919008
vt 0.859375 1.000000
vt 0.710792 0.594091
vt 0.654317 0.553929
vt 0.727855 0.438873
vt 0.693379 0.700291
vt 0.613142 0.468695
vt 0.574653 0.271298
vt 0.746234 0.851041
vt 0.589038 0.647865
vt 0.560371 0.877165
vt 0.519516 0.626778
vt 0.456415 0.391677
vt 0.443968 0.231529
vt 0.443083 0.740766
vt 0.332304 0.202941
vt 0.490777 0.052787
vt 0.397226 0.480597
vt 0.350461 0.599792
vt 0.290539 0.555812
vt 0.187433 0.947389
vt 0.242667 0.745743
vt 0.131624 0.330419
vt 0.109065 0.818947
vt 0.172607 0.628222
vt 0.219795 0.345888
vt 0.110175 0.731856
vt 0.100447 0.632770
vt 0.062500 0.588808
vt 0.041682 0.707085
vt 0.031250 0.595874
vt 0.000000 0.526313
vt 0.023077 0.367978
vt 0.999819 0.371531
vt 0.900209 0.284092
vt 0.877403 0.033439
vt 0.920822 0.631631
vt 0.996879 0.523696
vt 0.810649 0.478707
vt 0.831152 0.960110
vt 0.793663 0.453718
vt 0.659855 0.476884
vt 0.644767 0.366223
vt 0.755299 0.658437
vt 0.709529 0.710658
vt 0.661896 0.595980
vt 0.761736 0.519219
vt 0.818200 0.928510
vt 0.671875 1.000000
vt 0.545144 0.886404
vt 0.756942 0.016206
vt 0.634668 0.260197
vt 0.537720 0.283539
vt 0.482762 0.190398
vt 0.634383 0.792587
vt 0.577676 0.683121
vt 0.636997 0.661765
vt 0.593750 0.530730
vt 0.625000 0.512589
vt 0.565819 0.451270
vt 0.529945 0.654557
vt 0.487225 0.653443
vt 0.449384 0.422698
vt 0.449037 0.730423
vt 0.432621 0.189962
vt 0.433206 0.579493
vt 0.453370 0.000979
vt 0.393912 0.395766
vt 0.319439 0.233123
vt 0.396037 0.722607
vt 0.368152 0.510727
vt 0.390625 0.000000
vt 0.321585 0.062500
vt 0.264081 0.827208
vt 0.330778 0.629366
vt 0.328125 1.000000
vt 0.297202 0.568743
vt 0.260944 0.471404
vt 0.262781 0.340215
vt 0.191385 0.317851
vt 0.209116 0.647157
vt 0.158274 0.554737
vt 0.177780 0.414334
vt 0.072313 0.942174
vt 0.116787 0.875000
vt 0.143851 0.812500
vt 0.160313 0.173258
vt 0.153812 0.022428
vt 0.125000 0.671130
vt 0.103964 0.326496
vt 0.134084 0.750000
vt 0.080221 0.812500
vt 0.093750 0.617864
vt 0.062500 0.717487
vt 0.093750 0.719386
vt 0.053490 0.329796
vt 0.009725 0.092162
vt 0.062500 0.602866
vt 0.009613 0.461189
vt 0.000000 0.333201
vt 0.031250 0.702489
vt 0.000000 0.608293
vt 0.031250 0.611510
vt 1.000000 0.798237
vt 0.945420 0.701228
vt 0.994440 0.613084
vt 0.948468 0.464699
vt 1.000000 0.448404
vt 0.912686 0.570520
vt 0.889060 0.698147
vt 0.811854 0.372449
vt 0.953716 0.354490
vt 0.820170 0.714682
vt 0.799167 0.596006
vt 0.746552 0.868680
vt 0.806022 0.206209
vt 0.908927 0.088040
vt 0.835264 0.632546
vt 0.669113 0.583587
vt 0.764039 0.504072
vt 0.705993 0.465987
vt 0.612564 0.460133
vt 0.607976 0.318328
vt 0.521603 0.587127
vt 0.491460 0.456895
vt 0.479519 0.288220
vt 0.546987 0.182377
vt 0.394517 0.225202
vt 0.446950 0.050290
vt 0.419497 0.465477
vt 0.355064 0.489925
vt 0.387857 0.695291
vt 0.248727 0.865280
vt 0.294769 0.637233
vt 0.274422 0.269439
vt 0.110266 0.101597
vt 0.249725 0.436420
vt 0.213294 0.710946
vt 0.228259 0.553804
vt 0.157479 0.345382
vt 0.177803 0.549604
vt 0.117651 0.753179
vt 0.208107 0.947752
vt 0.034388 0.833999
vt 0.082927 0.409051
vt 0.011846 0.622660
vt 0.129681 0.606475
vt -0.000038 0.428590
vt 0.985743 0.394369
vt 0.946514 0.090417
vt 0.993392 0.096894
vt 0.983742 0.629584
vt 0.936369 0.390703
vt 0.858196 0.207353
vt 0.983517 0.801932
vt 0.962346 0.940853
vt 0.881366 0.437085
vt 0.822644 0.444936
vt 0.771531 0.420445
vt 0.705870 0.487047
vt 0.681152 0.348556
vt 0.693338 0.817360
vt 0.673402 0.607791
vt 0.787980 0.633510
vt 0.883659 0.093823
vt 0.507808 0.190823
vt 0.535017 0.580003
vt 0.836663 0.954916
vt 0.566273 0.451771
vt 0.434469 0.463290
vt 0.447131 0.689075
vt 0.307471 0.343289
vt 0.301450 0.620185
vt 0.360886 0.523311
vt 0.164868 0.947836
vt 0.221445 0.824235
vt 0.153306 0.653422
vt 0.060670 0.803417
vt 0.228226 0.480856
vt 0.110169 0.409821
vt 0.191561 0.263150
vt 0.061191 0.580550
vt 0.002615 0.295939
vt 0.006030 0.541380
vt 0.935648 0.611603
vt 1.000000 0.726302
vt 0.992155 0.536574
vt 0.935086 0.355436
vt 0.862151 0.710969
vt 0.830889 0.498890
vt 0.710792 0.594091
vt 0.665670 0.472168
vt 0.727855 0.438873
vt 0.648010 0.599357
vt 0.613142 0.468695
vt 0.574653 0.271298
vt 0.746234 0.851041
vt 0.589038 0.647865
vt 0.560371 0.877166
vt 0.519516 0.626779
vt 0.456415 0.391677
vt 0.443968 0.231529
vt 0.443083 0.740766
vt 0.332304 0.202941
vt 0.490777 0.052787
vt 0.431014 0.602919
vt 0.386029 0.440059
vt 0.350461 0.599791
vt 0.267438 0.467123
vt 0.200366 0.956209
vt 0.242667 0.745744
vt 0.300032 0.592254
vt 0.152225 0.253644
vt 0.109065 0.818947
vt 0.172607 0.628221
vt 0.179668 0.380723
vt 0.110175 0.731856
vt 0.106448 0.424243
vt 0.100447 0.632770
vt 0.041682 0.707085
vt 0.001738 0.820760
vt 0.000000 0.526313
vt 0.023077 0.367978
vt 0.877403 0.033439
vt 0.920822 0.631631
vt 0.996879 0.523696
vt 0.993875 0.813802
vt 0.819818 0.970300
vt 0.810649 0.478707
vt 0.851992 0.650436
vt 0.783492 0.475160
vt 0.686574 0.536412
vt 0.704858 0.415870
vt 0.774897 0.338679
vt 0.609435 0.314647
vt 0.759908 0.914474
vt 0.607984 0.830358
vt 0.758858 0.605051
vt 0.928645 0.180918
vt 0.570387 0.169813
vt 0.597581 0.470882
vt 0.534358 0.338625
vt 0.504652 0.594135
vt 0.456912 0.450387
vt 0.472359 0.275229
vt 0.386710 0.055453
vt 0.656352 0.944715
vt 0.352670 0.916683
vt 0.424856 0.740814
vt 0.389789 0.511277
vt 0.390104 0.260968
vt 0.241739 0.831578
vt 0.339497 0.449845
vt 0.317530 0.657006
vt 0.257336 0.397079
vt 0.148231 0.310855
vt 0.249019 0.528562
vt 0.199906 0.658548
vt 0.169678 0.441278
vt 0.046443 0.851908
vt 0.109151 0.507386
vt 0.070338 0.688623
vt 0.050072 0.483429
vt 0.000000 0.569310
vt 0.984496 0.568568
vt 0.935293 0.404694
vt 0.986453 0.401050
vt 0.951056 0.805837
vt 0.858525 0.603661
vt 0.881192 0.434050
vt 0.785593 0.353999
vt 0.243751 0.325092
vt 0.150403 0.015018
vt 0.598555 0.438960
vt 0.502540 0.120564
vt 0.736655 0.024158
vt 0.147934 0.151857
vt 0.141785 0.593985
vt 0.120609 0.518241
vt 0.025108 0.527817
vt 0.026175 0.137713
vt 0.015130 0.239643
vt 1.007617 0.125000
vt 1.001573 0.403070
vt 1.000000 0.562500
vt 0.858323 0.027055
vt 0.980159 0.750000
vt 0.312369 0.044388
vt 0.005438 0.920404
vt 0.000000 0.278975
vt 0.000000 0.406219
vt 0.064209 0.027545
vt 0.988713 0.852960
vt 0.854106 0.222301
vt 0.785593 0.353999
vt 0.243751 0.325092
vt 0.150403 0.015019
vt 0.988130 0.015019
vt 0.785593 0.353999
vt 0.243751 0.325092
vt 0.150403 0.015019
vt 0.992334 0.966758
vt 0.998909 0.525108
vt 0.785593 0.353999
vt 0.150404 0.015018
vt 0.235074 0.739107
vt 0.000257 0.798355
vt 1.000000 0.333201
vt 0.961892 0.931348
vt 0.442734 0.745219
vt 0.515953 0.879459
vt 0.754045 0.344491
vt 0.608808 0.835436
vt 0.795973 0.091277
vt 0.312370 0.044386
vt 0.785593 0.353999
vt 0.243751 0.325092
vt 0.150403 0.015018
vt 0.000000 0.278975
vt 0.064209 0.027546
vt 0.988712 0.852960
vt 0.854106 0.222301
s 1
usemtl Leaves
f 8624/1/4992 8626/2/4994 8622/3/4990
f 8625/4/4993 8628/5/4996 8624/1/4992
f 8622/3/4990 8626/2/4994 8629/6/4997
f 8628/5/4996 8629/6/4997 8626/2/4994
f 8622/3/4990 8629/6/4997 8632/7/5000
f 8627/8/4995 8631/9/4999 8625/4/4993
f 8627/8/4995 8630/10/4998 8633/11/5001
f 8627/8/4995 8633/11/5001 8631/9/4999
f 8629/6/4997 8631/9/4999 8632/7/5000
f 8633/11/5001 8634/12/5002 8631/9/4999
f 8632/7/5000 8634/12/5002 8636/13/5004
f 8632/7/5000 8636/13/5004 8638/14/5006
f 8634/12/5002 8635/15/5003 8636/13/5004
f 8638/14/5006 8640/16/5008 8643/17/5011
f 8633/11/5001 8630/18/4998 8635/15/5003
f 8637/19/5005 8639/20/5007 8636/13/5004
f 8636/13/5004 8639/20/5007 8638/14/5006
f 8639/20/5007 8641/21/5009 8645/22/5013
f 8635/15/5003 8630/23/4998 8644/24/5012
f 8641/21/5009 8644/24/5012 8642/25/5010
f 8640/16/5008 8651/26/5019 8643/17/5011
f 8644/24/5012 8630/23/4998 8652/27/5020
f 8642/25/5010 8644/24/5012 8645/22/5013
f 8645/22/5013 8647/28/5015 8648/29/5016
f 8644/24/5012 8652/27/5020 8649/30/5017
f 8647/28/5015 8655/31/5023 8648/29/5016
f 8647/28/5015 8649/30/5017 8650/32/5018
f 8650/32/5018 8654/33/5022 8655/31/5023
f 8652/27/5020 8653/34/5021 8649/30/5017
f 8630/23/4998 8658/35/5026 8652/27/5020
f 8657/36/5025 8661/37/5029 8660/38/5028
f 8656/39/5024 8659/40/5027 8657/36/5025
f 8660/41/5028 8664/42/5032 8643/43/5011
f 8659/44/5027 8662/45/5030 8661/46/5029
f 8658/47/5026 8630/48/4998 8662/45/5030
f 8662/45/5030 8663/49/5031 8661/46/5029
f 8662/45/5030 8630/48/4998 8627/8/4995
f 8664/42/5032 8632/7/5000 8643/43/5011
f 8662/45/5030 8627/8/4995 8665/50/5033
f 8665/50/5033 8627/8/4995 8625/4/4993
f 8665/50/5033 8624/1/4992 8663/49/5031
f 8721/51/5089 8668/52/5036 8669/53/5037
f 8674/54/5042 8667/55/5035 8666/56/5034
f 8721/51/5089 8669/53/5037 8670/57/5038
f 8720/58/5088 8667/55/5035 8668/52/5036
f 8674/54/5042 8672/59/5040 8667/55/5035
f 8672/59/5040 8678/60/5046 8675/61/5043
f 8675/61/5043 8676/62/5044 8677/63/5045
f 8680/64/5048 8683/65/5051 8676/62/5044
f 8676/62/5044 8685/66/5053 8679/67/5047
f 8680/64/5048 8684/68/5052 8683/65/5051
f 8682/69/5050 8671/70/5039 8690/71/5058
f 8683/65/5051 8689/72/5057 8685/66/5053
f 8684/68/5052 8687/73/5055 8683/65/5051
f 8684/68/5052 8690/71/5058 8686/74/5054
f 8689/72/5057 8715/75/5083 8685/66/5053
f 8687/73/5055 8688/76/5056 8689/72/5057
f 8671/70/5039 8692/77/5060 8690/71/5058
f 8687/73/5055 8691/78/5059 8694/79/5062
f 8691/78/5059 8693/80/5061 8697/81/5065
f 8691/78/5059 8697/81/5065 8694/79/5062
f 8694/79/5062 8697/81/5065 8696/82/5064
f 8718/83/5086 8702/84/5070 8692/77/5060
f 8697/81/5065 8700/85/5068 8696/82/5064
f 8708/86/5076 8705/87/5073 8700/85/5068
f 8702/84/5070 8709/88/5077 8703/89/5071
f 8709/88/5077 8707/90/5075 8703/89/5071
f 8706/91/5074 8710/92/5078 8712/93/5080
f 8709/94/5077 8711/95/5079 8707/96/5075
f 8707/96/5075 8711/95/5079 8708/97/5076
f 8706/91/5074 8712/93/5080 8714/98/5082
f 8714/98/5082 8716/99/5084 8717/100/5085
f 8714/98/5082 8717/100/5085 8721/51/5089
f 8713/101/5081 8719/102/5087 8666/56/5034
f 8718/103/5086 8671/104/5039 8674/54/5042
f 8717/100/5085 8720/58/5088 8668/52/5036
f 8724/105/5092 8723/106/5091 8728/107/5096
f 8724/105/5092 8728/107/5096 8729/108/5097
f 8726/109/5094 8727/110/5095 8722/111/5090
f 8727/110/5095 8728/107/5096 8723/106/5091
f 8725/112/5093 8729/108/5097 8735/113/5103
f 8726/109/5094 8732/114/5100 8727/110/5095
f 8731/115/5099 8734/116/5102 8730/117/5098
f 8730/117/5098 8734/116/5102 8732/114/5100
f 8729/108/5097 8733/118/5101 8738/119/5106
f 8729/108/5097 8738/119/5106 8735/113/5103
f 8733/118/5101 8734/116/5102 8737/120/5105
f 8733/118/5101 8737/120/5105 8738/119/5106
f 8734/116/5102 8736/121/5104 8737/120/5105
f 8731/115/5099 8736/121/5104 8734/116/5102
f 8735/113/5103 8738/119/5106 8742/122/5110
f 8736/121/5104 8740/123/5108 8739/124/5107
f 8738/119/5106 8739/124/5107 8742/122/5110
f 8742/122/5110 8739/124/5107 8741/125/5109
f 8739/124/5107 8740/123/5108 8741/125/5109
f 8741/125/5109 8749/126/5117 8742/122/5110
f 8736/121/5104 8731/127/5099 8746/128/5114
f 8743/129/5111 8744/130/5112 8741/125/5109
f 8740/123/5108 8746/128/5114 8745/131/5113
f 8743/129/5111 8745/131/5113 8744/130/5112
f 8731/127/5099 8748/132/5116 8746/128/5114
f 8744/130/5112 8747/133/5115 8749/126/5117
f 8746/128/5114 8748/132/5116 8745/131/5113
f 8748/132/5116 8750/134/5118 8745/131/5113
f 8751/135/5119 8755/136/5123 8749/126/5117
f 8750/134/5118 8753/137/5121 8751/135/5119
f 8748/132/5116 8752/138/5120 8750/134/5118
f 8757/139/5125 8754/140/5122 8748/141/5116
f 8753/142/5121 8755/143/5123 8751/144/5119
f 8752/145/5120 8754/140/5122 8753/142/5121
f 8754/140/5122 8757/139/5125 8758/146/5126
f 8754/140/5122 8758/146/5126 8759/147/5127
f 8759/147/5127 8724/105/5092 8756/148/5124
f 8759/147/5127 8722/111/5090 8724/105/5092
f 8758/146/5126 8730/117/5098 8726/109/5094
f 8802/149/5170 8763/150/5131 8761/151/5129
f 8804/152/5172 8761/151/5129 8767/153/5135
f 8762/154/5130 8763/150/5131 8760/155/5128
f 8792/156/5160 8801/157/5169 8772/158/5140
f 8761/151/5129 8763/150/5131 8764/159/5132
f 8761/151/5129 8764/159/5132 8767/153/5135
f 8762/154/5130 8768/160/5136 8763/150/5131
f 8767/153/5135 8769/161/5137 8772/158/5140
f 8766/162/5134 8771/163/5139 8768/160/5136
f 8767/153/5135 8768/160/5136 8769/161/5137
f 8768/160/5136 8771/163/5139 8773/164/5141
f 8769/161/5137 8773/164/5141 8774/165/5142
f 8772/158/5140 8774/165/5142 8792/166/5160
f 8765/167/5133 8783/168/5151 8770/169/5138
f 8775/170/5143 8776/171/5144 8773/164/5141
f 8774/165/5142 8773/164/5141 8777/172/5145
f 8775/170/5143 8783/168/5151 8780/173/5148
f 8773/164/5141 8776/171/5144 8779/174/5147
f 8776/171/5144 8778/175/5146 8779/174/5147
f 8777/172/5145 8779/174/5147 8782/176/5150
f 8775/170/5143 8780/173/5148 8778/175/5146
f 8777/172/5145 8782/176/5150 8788/177/5156
f 8779/174/5147 8781/178/5149 8782/176/5150
f 8778/175/5146 8780/173/5148 8784/179/5152
f 8780/173/5148 8783/168/5151 8786/180/5154
f 8781/178/5149 8784/179/5152 8785/181/5153
f 8783/168/5151 8765/182/5133 8793/183/5161
f 8784/179/5152 8787/184/5155 8785/181/5153
f 8785/181/5153 8791/185/5159 8788/177/5156
f 8786/180/5154 8789/186/5157 8784/179/5152
f 8789/186/5157 8790/187/5158 8787/184/5155
f 8787/184/5155 8790/187/5158 8791/185/5159
f 8789/186/5157 8795/188/5163 8790/187/5158
f 8793/183/5161 8795/188/5163 8789/186/5157
f 8795/189/5163 8796/190/5164 8794/191/5162
f 8794/191/5162 8797/192/5165 8801/157/5169
f 8795/189/5163 8798/193/5166 8800/194/5168
f 8795/189/5163 8800/194/5168 8796/190/5164
f 8799/195/5167 8800/194/5168 8802/149/5170
f 8800/194/5168 8765/196/5133 8760/155/5128
f 8807/197/5175 8809/198/5177 8805/199/5173
f 8808/200/5176 8811/201/5179 8807/197/5175
f 8805/199/5173 8809/198/5177 8813/202/5181
f 8811/201/5179 8813/202/5181 8809/198/5177
f 8805/199/5173 8813/202/5181 8816/203/5184
f 8810/204/5178 8812/205/5180 8808/200/5176
f 8810/204/5178 8814/10/5182 8817/206/5185
f 8810/204/5178 8817/206/5185 8812/205/5180
f 8813/202/5181 8815/207/5183 8816/203/5184
f 8817/206/5185 8815/207/5183 8812/205/5180
f 8812/205/5180 8815/207/5183 8813/202/5181
f 8817/206/5185 8818/208/5186 8815/207/5183
f 8816/203/5184 8818/208/5186 8821/13/5189
f 8816/203/5184 8821/13/5189 8823/209/5191
f 8819/210/5187 8823/209/5191 8828/211/5196
f 8818/208/5186 8820/212/5188 8821/13/5189
f 8823/209/5191 8825/213/5193 8828/211/5196
f 8817/206/5185 8814/18/5182 8820/212/5188
f 8822/214/5190 8824/215/5192 8821/13/5189
f 8821/13/5189 8824/215/5192 8823/209/5191
f 8824/215/5192 8826/216/5194 8831/217/5199
f 8820/212/5188 8814/218/5182 8829/219/5197
f 8826/216/5194 8829/219/5197 8827/220/5195
f 8827/220/5195 8829/219/5197 8830/221/5198
f 8825/213/5193 8837/222/5205 8828/211/5196
f 8829/219/5197 8814/218/5182 8838/27/5206
f 8827/220/5195 8830/221/5198 8831/217/5199
f 8831/217/5199 8833/223/5201 8834/224/5202
f 8833/223/5201 8841/225/5209 8834/224/5202
f 8833/223/5201 8835/226/5203 8836/227/5204
f 8836/227/5204 8840/228/5208 8841/225/5209
f 8838/27/5206 8839/229/5207 8835/226/5203
f 8814/218/5182 8844/230/5212 8838/27/5206
f 8843/36/5211 8848/231/5216 8846/232/5214
f 8842/39/5210 8845/233/5213 8843/36/5211
f 8846/234/5214 8851/235/5219 8819/210/5187
f 8845/236/5213 8849/237/5217 8848/238/5216
f 8844/239/5212 8814/240/5182 8847/241/5215
f 8849/237/5217 8850/242/5218 8848/238/5216
f 8847/241/5215 8814/240/5182 8810/204/5178
f 8847/241/5215 8810/204/5178 8849/237/5217
f 8851/235/5219 8816/203/5184 8819/210/5187
f 8849/237/5217 8810/204/5178 8852/243/5220
f 8852/243/5220 8810/204/5178 8808/200/5176
f 8852/243/5220 8807/197/5175 8850/242/5218
f 8855/244/5223 8857/245/5225 8853/246/5221
f 8856/4/5224 8859/247/5227 8855/244/5223
f 8853/246/5221 8857/245/5225 8860/248/5228
f 8859/247/5227 8860/248/5228 8857/245/5225
f 8853/246/5221 8860/248/5228 8863/249/5231
f 8858/250/5226 8862/251/5230 8856/4/5224
f 8858/250/5226 8861/10/5229 8864/252/5232
f 8858/250/5226 8864/252/5232 8862/251/5230
f 8860/248/5228 8862/251/5230 8863/249/5231
f 8864/252/5232 8865/253/5233 8862/251/5230
f 8863/249/5231 8865/253/5233 8867/13/5235
f 8863/249/5231 8867/13/5235 8869/254/5237
f 8865/253/5233 8866/255/5234 8867/13/5235
f 8869/254/5237 8871/256/5239 8874/257/5242
f 8864/252/5232 8861/18/5229 8866/255/5234
f 8868/258/5236 8870/259/5238 8867/13/5235
f 8867/13/5235 8870/259/5238 8869/254/5237
f 8870/259/5238 8872/260/5240 8876/261/5244
f 8866/255/5234 8861/262/5229 8875/263/5243
f 8872/260/5240 8875/263/5243 8873/264/5241
f 8871/256/5239 8882/265/5250 8874/257/5242
f 8875/263/5243 8861/262/5229 8883/266/5251
f 8873/264/5241 8875/263/5243 8876/261/5244
f 8876/261/5244 8878/267/5246 8879/268/5247
f 8875/263/5243 8883/266/5251 8880/269/5248
f 8878/267/5246 8886/270/5254 8879/268/5247
f 8878/267/5246 8880/269/5248 8881/271/5249
f 8881/271/5249 8885/33/5253 8886/270/5254
f 8883/266/5251 8884/272/5252 8880/269/5248
f 8861/262/5229 8889/273/5257 8883/266/5251
f 8888/274/5256 8892/37/5260 8891/275/5259
f 8887/39/5255 8890/40/5258 8888/274/5256
f 8891/276/5259 8895/277/5263 8874/278/5242
f 8890/44/5258 8893/279/5261 8892/280/5260
f 8889/281/5257 8861/282/5229 8893/279/5261
f 8893/279/5261 8894/283/5262 8892/280/5260
f 8893/279/5261 8861/282/5229 8858/250/5226
f 8895/277/5263 8863/249/5231 8874/278/5242
f 8893/279/5261 8858/250/5226 8896/284/5264
f 8896/284/5264 8858/250/5226 8856/4/5224
f 8896/284/5264 8855/244/5223 8894/283/5262
f 8947/285/5315 8898/286/5266 8902/287/5270
f 8900/288/5268 8901/289/5269 8946/290/5314
f 8947/285/5315 8901/289/5269 8898/286/5266
f 8904/291/5272 8900/288/5268 8897/292/5265
f 8899/293/5267 8902/287/5270 8908/294/5276
f 8900/288/5268 8903/295/5271 8901/289/5269
f 8901/289/5269 8905/296/5273 8898/286/5266
f 8905/296/5273 8906/297/5274 8898/286/5266
f 8902/287/5270 8906/297/5274 8912/298/5280
f 8904/291/5272 8903/295/5271 8900/288/5268
f 8904/291/5272 8907/299/5275 8926/300/5294
f 8905/296/5273 8903/295/5271 8910/301/5278
f 8906/297/5274 8910/301/5278 8912/298/5280
f 8903/295/5271 8909/302/5277 8910/301/5278
f 8910/301/5278 8914/303/5282 8917/304/5285
f 8909/302/5277 8926/300/5294 8913/305/5281
f 8909/302/5277 8914/303/5282 8910/301/5278
f 8908/294/5276 8912/298/5280 8916/306/5284
f 8911/307/5279 8916/306/5284 8921/308/5289
f 8936/309/5304 8911/307/5279 8921/308/5289
f 8912/298/5280 8917/304/5285 8916/306/5284
f 8913/305/5281 8915/310/5283 8914/303/5282
f 8915/310/5283 8920/311/5288 8919/312/5287
f 8913/305/5281 8926/300/5294 8927/313/5295
f 8918/314/5286 8919/312/5287 8924/315/5292
f 8919/312/5287 8922/316/5290 8923/317/5291
f 8919/312/5287 8923/317/5291 8924/315/5292
f 8920/311/5288 8927/313/5295 8922/316/5290
f 8936/318/5304 8921/308/5289 8930/319/5298
f 8918/314/5286 8924/315/5292 8925/320/5293
f 8923/317/5291 8922/316/5290 8928/321/5296
f 8927/313/5295 8929/322/5297 8922/316/5290
f 8929/322/5297 8928/321/5296 8922/316/5290
f 8930/319/5298 8925/320/5293 8934/323/5302
f 8924/315/5292 8928/321/5296 8931/324/5299
f 8925/320/5293 8931/324/5299 8934/323/5302
f 8929/322/5297 8932/325/5300 8928/321/5296
f 8930/319/5298 8934/323/5302 8936/326/5304
f 8932/325/5300 8933/327/5301 8931/324/5299
f 8933/327/5301 8938/328/5306 8934/323/5302
f 8938/328/5306 8940/329/5308 8934/323/5302
f 8935/330/5303 8937/331/5305 8932/325/5300
f 8934/323/5302 8940/329/5308 8936/326/5304
f 8907/332/5275 8897/333/5265 8935/330/5303
f 8897/292/5265 8939/334/5307 8937/335/5305
f 8940/336/5308 8941/337/5309 8936/338/5304
f 8897/292/5265 8943/339/5311 8939/334/5307
f 8941/337/5309 8899/293/5267 8936/338/5304
f 8940/336/5308 8945/340/5313 8941/337/5309
f 8943/339/5311 8944/341/5312 8945/340/5313
f 8942/342/5310 8907/343/5275 8904/291/5272
f 8943/339/5311 8897/292/5265 8946/290/5314
f 8944/341/5312 8947/285/5315 8945/340/5313
f 8897/292/5265 8900/288/5268 8946/290/5314
f 8946/290/5314 8901/289/5269 8947/285/5315
f 8950/344/5318 8953/345/5321 8948/346/5316
f 8951/347/5319 8953/345/5321 8950/344/5318
f 8948/346/5316 8953/345/5321 8954/348/5322
f 8948/346/5316 8954/348/5322 8957/349/5325
f 8952/350/5320 8956/351/5324 8951/347/5319
f 8952/350/5320 8955/10/5323 8958/352/5326
f 8952/350/5320 8958/352/5326 8956/351/5324
f 8954/348/5322 8956/351/5324 8957/349/5325
f 8958/352/5326 8959/353/5327 8956/351/5324
f 8957/349/5325 8959/353/5327 8961/354/5329
f 8957/349/5325 8961/354/5329 8963/355/5331
f 8959/353/5327 8960/356/5328 8961/354/5329
f 8963/355/5331 8964/357/5332 8967/358/5335
f 8958/352/5326 8955/18/5323 8960/356/5328
f 8961/354/5329 8962/359/5330 8963/355/5331
f 8962/359/5330 8965/360/5333 8966/361/5334
f 8960/356/5328 8955/362/5323 8968/363/5336
f 8965/360/5333 8968/363/5336 8966/361/5334
f 8964/357/5332 8975/364/5343 8967/358/5335
f 8968/363/5336 8955/362/5323 8973/365/5341
f 8966/361/5334 8969/366/5337 8970/367/5338
f 8968/363/5336 8973/365/5341 8971/368/5339
f 8969/366/5337 8975/364/5343 8970/367/5338
f 8969/366/5337 8971/368/5339 8972/369/5340
f 8972/369/5340 8974/370/5342 8975/364/5343
f 8973/365/5341 8976/371/5344 8971/368/5339
f 8976/371/5344 8977/372/5345 8974/370/5342
f 8977/372/5345 8980/373/5348 8979/374/5347
f 8976/371/5344 8978/40/5346 8977/372/5345
f 8979/375/5347 8983/376/5351 8967/377/5335
f 8978/44/5346 8981/378/5349 8980/379/5348
f 8981/378/5349 8982/380/5350 8980/379/5348
f 8981/378/5349 8955/381/5323 8952/350/5320
f 8983/376/5351 8957/349/5325 8967/377/5335
f 8981/378/5349 8952/350/5320 8984/243/5352
f 8984/243/5352 8952/350/5320 8951/347/5319
f 8984/243/5352 8950/344/5318 8982/380/5350
f 8987/382/5355 8994/383/5362 8998/384/5366
f 8985/385/5353 8991/386/5359 8993/387/5361
f 8985/385/5353 8993/387/5361 8986/388/5354
f 8990/389/5358 9000/390/5368 9014/391/5382
f 8989/392/5357 9003/393/5371 9005/394/5373
f 8989/392/5357 9005/394/5373 9008/395/5376
f 8995/396/5363 9001/397/5369 8996/398/5364
f 8996/398/5364 8999/399/5367 8997/400/5365
f 8998/384/5366 9002/401/5370 9003/393/5371
f 9014/391/5382 9004/402/5372 9001/397/5369
f 9001/397/5369 9004/402/5372 9002/401/5370
f 9002/401/5370 9004/402/5372 9005/394/5373
f 9014/391/5382 9006/403/5374 9004/402/5372
f 9004/402/5372 9006/403/5374 9007/404/5375
f 9005/394/5373 9007/404/5375 9008/395/5376
f 9006/403/5374 9014/391/5382 9010/405/5378
f 9007/404/5375 9012/406/5380 9008/395/5376
f 9006/403/5374 9010/405/5378 9009/407/5377
f 9008/395/5376 9012/406/5380 8989/408/5357
f 9009/407/5377 9011/409/5379 9007/404/5375
f 9007/404/5375 9011/409/5379 9012/406/5380
f 9011/409/5379 9019/410/5387 9012/406/5380
f 9009/407/5377 9013/411/5381 9015/412/5383
f 8989/413/5357 9012/406/5380 9020/414/5388
f 9010/405/5378 9014/391/5382 9021/415/5389
f 9013/411/5381 9010/405/5378 9016/416/5384
f 9014/391/5382 9000/417/5368 9021/415/5389
f 9015/412/5383 9017/418/5385 9023/419/5391
f 9015/412/5383 9023/419/5391 9018/420/5386
f 9018/420/5386 9023/419/5391 9025/421/5393
f 9017/418/5385 9024/422/5392 9023/419/5391
f 9023/419/5391 9029/423/5397 9030/424/5398
f 9021/415/5389 9000/425/5368 9035/426/5403
f 9021/415/5389 9035/426/5403 9026/427/5394
f 9020/414/5388 9031/428/5399 8989/429/5357
f 9024/422/5392 9028/430/5396 9029/423/5397
f 9030/424/5398 9034/431/5402 9025/421/5393
f 9024/422/5392 9027/432/5395 9028/430/5396
f 9035/426/5403 9036/433/5404 9026/427/5394
f 9028/430/5396 9033/434/5401 9029/423/5397
f 9036/433/5404 9037/435/5405 9032/436/5400
f 9034/431/5402 9041/437/5409 9054/438/5422
f 9038/439/5406 9043/440/5411 9041/437/5409
f 9041/437/5409 9043/440/5411 9044/441/5412
f 9039/442/5407 9045/443/5413 9040/444/5408
f 9042/445/5410 9046/446/5414 9045/447/5413
f 9045/447/5413 9049/448/5417 9043/449/5411
f 9046/446/5414 9048/450/5416 9045/447/5413
f 9046/446/5414 9050/451/5418 9048/450/5416
f 9049/448/5417 9053/452/5421 9047/453/5415
f 9049/448/5417 9048/450/5416 8987/382/5355
f 9050/451/5418 9051/454/5419 9052/455/5420
f 9050/451/5418 8992/456/5360 9051/454/5419
f 9052/455/5420 8986/388/5354 8987/382/5355
f 9051/454/5419 8992/456/5360 8991/386/5359
f 8988/457/5356 8989/392/5357 9054/458/5422
f 9088/459/5456 9057/460/5425 9093/461/5461
f 9093/461/5461 9057/460/5425 9055/462/5423
f 9055/462/5423 9057/460/5425 9058/463/5426
f 9055/462/5423 9058/463/5426 9060/464/5428
f 9058/463/5426 9062/465/5430 9060/464/5428
f 9060/464/5428 9062/465/5430 9063/466/5431
f 9060/464/5428 9063/466/5431 9065/467/5433
f 9064/468/5432 9065/467/5433 9070/469/5438
f 9064/468/5432 9070/469/5438 9090/470/5458
f 9062/465/5430 9067/471/5435 9063/466/5431
f 9065/467/5433 9067/471/5435 9071/472/5439
f 9065/467/5433 9071/472/5439 9070/469/5438
f 9069/473/5437 9071/472/5439 9067/471/5435
f 9069/473/5437 9079/474/5447 9072/475/5440
f 9075/476/5443 9083/477/5451 9090/470/5458
f 9072/475/5440 9074/478/5442 9071/472/5439
f 9072/475/5440 9076/479/5444 9073/480/5441
f 9074/478/5442 9078/481/5446 9075/476/5443
f 9073/480/5441 9077/482/5445 9074/478/5442
f 9079/474/5447 9080/483/5448 9076/479/5444
f 9059/484/5427 9087/485/5455 9079/474/5447
f 9078/481/5446 9082/486/5450 9083/477/5451
f 9080/483/5448 9084/487/5452 9081/488/5449
f 9084/487/5452 9085/489/5453 9082/486/5450
f 9085/490/5453 9090/491/5458 9083/492/5451
f 9085/490/5453 9084/493/5452 9086/494/5454
f 9085/490/5453 9086/494/5454 9090/491/5458
f 9086/494/5454 9092/495/5460 9090/491/5458
f 9084/493/5452 9087/496/5455 9088/459/5456
f 9087/496/5455 9059/497/5427 9088/459/5456
f 9089/498/5457 9088/459/5456 9091/499/5459
f 9095/500/5463 9098/501/5466 9099/502/5467
f 9100/503/5468 9097/504/5465 9094/505/5462
f 9096/506/5464 9099/502/5467 9104/507/5472
f 9100/503/5468 9103/508/5471 9097/504/5465
f 9101/509/5469 9103/508/5471 9100/503/5468
f 9099/502/5467 9102/510/5470 9106/511/5474
f 9099/502/5467 9106/511/5474 9104/507/5472
f 9102/510/5470 9103/508/5471 9106/511/5474
f 9103/508/5471 9105/512/5473 9106/511/5474
f 9101/509/5469 9105/512/5473 9103/508/5471
f 9104/507/5472 9106/511/5474 9109/513/5477
f 9105/512/5473 9108/514/5476 9107/515/5475
f 9106/511/5474 9107/515/5475 9109/513/5477
f 9107/515/5475 9108/514/5476 9109/513/5477
f 9105/512/5473 9101/516/5469 9112/517/5480
f 9108/514/5476 9112/517/5480 9111/518/5479
f 9101/516/5469 9113/519/5481 9112/517/5480
f 9110/520/5478 9116/521/5484 9114/522/5482
f 9112/517/5480 9113/519/5481 9111/518/5479
f 9113/519/5481 9115/523/5483 9111/518/5479
f 9116/521/5484 9119/524/5487 9114/522/5482
f 9115/523/5483 9117/525/5485 9116/521/5484
f 9113/519/5481 9117/525/5485 9115/523/5483
f 9101/509/5469 9118/526/5486 9113/527/5481
f 9117/528/5485 9119/529/5487 9116/144/5484
f 9118/526/5486 9101/509/5469 9120/530/5488
f 9118/526/5486 9120/530/5488 9121/531/5489
f 9121/531/5489 9095/500/5463 9119/529/5487
f 9121/531/5489 9094/505/5462 9095/500/5463
f 9120/530/5488 9101/509/5469 9100/503/5468
f 9124/532/5492 9126/533/5494 9122/534/5490
f 9125/4/5493 9128/535/5496 9124/532/5492
f 9122/534/5490 9126/533/5494 9129/536/5497
f 9128/535/5496 9129/536/5497 9126/533/5494
f 9122/534/5490 9129/536/5497 9132/537/5500
f 9127/538/5495 9131/539/5499 9125/4/5493
f 9127/538/5495 9130/10/5498 9133/540/5501
f 9127/538/5495 9133/540/5501 9131/539/5499
f 9129/536/5497 9131/539/5499 9132/537/5500
f 9133/540/5501 9134/541/5502 9131/539/5499
f 9132/537/5500 9134/541/5502 9136/542/5504
f 9132/537/5500 9136/542/5504 9138/543/5506
f 9134/541/5502 9135/544/5503 9136/542/5504
f 9138/543/5506 9140/545/5508 9143/546/5511
f 9133/540/5501 9130/18/5498 9135/544/5503
f 9137/547/5505 9139/548/5507 9136/542/5504
f 9136/542/5504 9139/548/5507 9138/543/5506
f 9139/548/5507 9141/549/5509 9145/550/5513
f 9135/544/5503 9130/551/5498 9144/552/5512
f 9141/549/5509 9144/552/5512 9142/553/5510
f 9140/545/5508 9151/554/5519 9143/546/5511
f 9144/552/5512 9130/551/5498 9152/555/5520
f 9142/553/5510 9144/552/5512 9145/550/5513
f 9145/550/5513 9147/556/5515 9148/557/5516
f 9144/552/5512 9152/555/5520 9149/558/5517
f 9147/556/5515 9154/559/5522 9148/557/5516
f 9147/556/5515 9149/558/5517 9150/560/5518
f 9150/560/5518 9153/228/5521 9154/559/5522
f 9152/555/5520 9155/561/5523 9149/558/5517
f 9130/551/5498 9157/562/5525 9152/555/5520
f 8654/33/5022 8650/32/5018 8649/30/5017 8653/34/5021
f 9155/561/5523 9156/274/5524 9153/228/5521
f 9156/274/5524 9160/563/5528 9159/564/5527
f 9155/561/5523 9158/40/5526 9156/274/5524
f 9159/375/5527 9163/42/5531 9143/565/5511
f 9158/44/5526 9161/566/5529 9160/567/5528
f 9157/568/5525 9130/569/5498 9161/566/5529
f 9161/566/5529 9162/570/5530 9160/567/5528
f 9161/566/5529 9130/569/5498 9127/538/5495
f 9163/42/5531 9132/537/5500 9143/565/5511
f 9161/566/5529 9127/538/5495 9164/571/5532
f 9164/571/5532 9127/538/5495 9125/4/5493
f 9164/571/5532 9124/532/5492 9162/570/5530
f 9201/572/5569 9167/573/5535 9165/574/5533
f 9203/575/5571 9165/574/5533 9170/576/5538
f 9169/577/5537 9172/578/5540 9166/579/5534
f 9192/156/5560 9200/580/5568 9174/581/5542
f 9165/574/5533 9167/573/5535 9168/582/5536
f 9165/574/5533 9168/582/5536 9170/576/5538
f 9166/579/5534 9168/582/5536 9167/573/5535
f 9170/576/5538 9171/583/5539 9174/581/5542
f 9172/578/5540 9173/584/5541 9168/582/5536
f 9170/576/5538 9168/582/5536 9171/583/5539
f 9168/582/5536 9173/584/5541 9175/585/5543
f 9171/583/5539 9175/585/5543 9176/586/5544
f 9174/581/5542 9176/586/5544 9192/587/5560
f 9169/588/5537 9184/589/5552 9172/578/5540
f 9177/590/5545 9178/591/5546 9175/585/5543
f 9176/586/5544 9175/585/5543 9179/592/5547
f 9177/590/5545 9184/589/5552 9187/593/5555
f 9175/585/5543 9178/591/5546 9181/594/5549
f 9178/591/5546 9180/595/5548 9181/594/5549
f 9179/592/5547 9181/594/5549 9183/596/5551
f 9177/590/5545 9187/593/5555 9180/595/5548
f 9179/592/5547 9183/596/5551 9189/597/5557
f 9181/594/5549 9182/598/5550 9183/596/5551
f 9180/595/5548 9187/593/5555 9185/599/5553
f 9182/598/5550 9185/599/5553 9186/600/5554
f 9184/589/5552 9169/182/5537 9193/601/5561
f 9185/599/5553 9188/602/5556 9186/600/5554
f 9187/593/5555 9190/603/5558 9185/599/5553
f 9190/603/5558 9191/604/5559 9188/602/5556
f 9188/602/5556 9191/604/5559 9189/597/5557
f 9190/603/5558 9195/605/5563 9191/604/5559
f 9193/601/5561 9195/605/5563 9190/603/5558
f 9195/606/5563 9196/607/5564 9194/608/5562
f 9194/608/5562 9196/607/5564 9200/580/5568
f 9195/606/5563 9197/609/5565 9199/610/5567
f 9195/606/5563 9199/610/5567 9196/607/5564
f 9198/611/5566 9199/610/5567 9201/572/5569
f 9199/610/5567 9169/577/5537 9166/579/5534
f 8632/7/5000 8623/612/4991 8622/3/4990
f 8624/1/4992 8628/5/4996 8626/2/4994
f 8625/4/4993 8631/9/4999 8628/5/4996
f 8628/5/4996 8631/9/4999 8629/6/4997
f 8632/7/5000 8631/9/4999 8634/12/5002
f 8643/43/5011 8632/7/5000 8638/14/5006
f 8634/12/5002 8633/11/5001 8635/15/5003
f 8636/13/5004 8635/15/5003 8637/19/5005
f 8637/19/5005 8635/15/5003 8641/21/5009
f 8638/14/5006 8639/20/5007 8640/16/5008
f 8639/20/5007 8637/19/5005 8641/21/5009
f 8639/20/5007 8645/22/5013 8640/16/5008
f 8640/16/5008 8645/22/5013 8646/613/5014
f 8645/22/5013 8641/21/5009 8642/25/5010
f 8641/21/5009 8635/15/5003 8644/24/5012
f 8640/16/5008 8646/613/5014 8651/26/5019
f 8646/613/5014 8648/29/5016 8651/26/5019
f 8644/24/5012 8649/30/5017 8647/28/5015
f 8645/22/5013 8644/24/5012 8647/28/5015
f 8646/613/5014 8645/22/5013 8648/29/5016
f 8647/28/5015 8650/32/5018 8655/31/5023
f 8648/29/5016 8655/31/5023 8651/26/5019
f 8660/38/5028 8655/31/5023 8654/33/5022 8657/36/5025
f 8643/614/5011 8651/26/5019 8660/38/5028
f 8651/26/5019 8655/31/5023 8660/38/5028
f 8656/39/5024 8653/34/5021 8652/27/5020 8658/35/5026
f 8657/36/5025 8654/33/5022 8653/34/5021 8656/39/5024
f 8672/59/5040 8673/615/5041 8668/52/5036 8667/55/5035
f 8657/36/5025 8659/40/5027 8661/37/5029
f 8656/39/5024 8658/35/5026 8659/40/5027
f 8660/41/5028 8661/46/5029 8664/42/5032
f 8659/44/5027 8658/47/5026 8662/45/5030
f 8661/46/5029 8663/49/5031 8623/612/4991
f 8661/46/5029 8623/612/4991 8664/42/5032
f 8663/49/5031 8662/45/5030 8665/50/5033
f 8664/42/5032 8623/612/4991 8632/7/5000
f 8663/49/5031 8622/3/4990 8623/612/4991
f 8624/1/4992 8665/50/5033 8625/4/4993
f 8663/49/5031 8624/1/4992 8622/3/4990
f 8720/58/5088 8666/56/5034 8667/55/5035
f 8670/57/5038 8681/616/5049 8715/617/5083
f 8682/69/5050 8680/64/5048 8675/61/5043 8678/60/5046
f 8669/53/5037 8668/52/5036 8673/615/5041
f 8670/57/5038 8669/53/5037 8679/67/5047
f 8670/57/5038 8679/67/5047 8681/616/5049
f 8669/53/5037 8673/615/5041 8677/63/5045
f 8674/54/5042 8678/60/5046 8672/59/5040
f 8679/67/5047 8669/53/5037 8677/63/5045
f 8673/615/5041 8672/59/5040 8675/61/5043
f 8677/63/5045 8673/615/5041 8675/61/5043
f 8695/618/5063 8689/72/5057 8688/76/5056 8694/79/5062
f 8675/61/5043 8680/64/5048 8676/62/5044
f 8678/60/5046 8674/54/5042 8671/70/5039
f 8677/63/5045 8676/62/5044 8679/67/5047
f 8681/616/5049 8679/67/5047 8685/66/5053
f 8682/69/5050 8678/60/5046 8671/70/5039
f 8676/62/5044 8683/65/5051 8685/66/5053
f 8680/64/5048 8682/69/5050 8684/68/5052
f 8715/75/5083 8681/616/5049 8685/66/5053
f 8684/68/5052 8682/69/5050 8690/71/5058
f 8684/68/5052 8686/74/5054 8687/73/5055
f 8683/65/5051 8687/73/5055 8689/72/5057
f 8687/73/5055 8694/79/5062 8688/76/5056
f 8698/619/5066 8693/80/5061 8691/78/5059 8690/71/5058
f 8689/72/5057 8695/618/5063 8715/75/5083
f 8686/74/5054 8690/71/5058 8691/78/5059
f 8687/73/5055 8686/74/5054 8691/78/5059
f 8671/70/5039 8718/83/5086 8692/77/5060
f 8690/71/5058 8692/77/5060 8698/619/5066
f 8700/85/5068 8697/81/5065 8699/620/5067 8708/86/5076
f 8695/618/5063 8694/79/5062 8696/82/5064
f 8698/619/5066 8692/77/5060 8703/89/5071
f 8693/80/5061 8698/619/5066 8699/620/5067
f 8697/81/5065 8693/80/5061 8699/620/5067
f 8704/621/5072 8699/620/5067 8698/619/5066 8703/89/5071
f 8696/82/5064 8700/85/5068 8701/622/5069
f 8695/618/5063 8696/82/5064 8701/622/5069
f 8695/618/5063 8701/622/5069 8715/75/5083
f 8708/86/5076 8699/620/5067 8704/621/5072
f 8692/77/5060 8702/84/5070 8703/89/5071
f 8700/85/5068 8705/87/5073 8706/623/5074
f 8701/622/5069 8700/85/5068 8706/623/5074
f 8714/98/5082 8721/51/5089 8701/624/5069 8706/91/5074
f 8703/89/5071 8707/90/5075 8704/621/5072
f 8706/91/5074 8705/625/5073 8710/92/5078
f 8708/97/5076 8704/626/5072 8707/96/5075
f 8710/92/5078 8705/625/5073 8708/97/5076 8711/95/5079
f 8715/627/5083 8701/624/5069 8721/51/5089
f 8713/101/5081 8709/94/5077 8702/628/5070 8718/103/5086
f 8714/98/5082 8712/93/5080 8711/95/5079 8713/101/5081
f 8709/94/5077 8713/101/5081 8711/95/5079
f 8710/92/5078 8711/95/5079 8712/93/5080
f 8666/56/5034 8716/99/5084 8714/98/5082 8713/101/5081
f 8713/101/5081 8718/103/5086 8719/102/5087
f 8733/118/5101 8728/107/5096 8727/110/5095 8732/114/5100
f 8715/627/5083 8721/51/5089 8670/57/5038
f 8716/99/5084 8666/56/5034 8720/58/5088
f 8719/102/5087 8718/103/5086 8674/54/5042
f 8717/100/5085 8716/99/5084 8720/58/5088
f 8721/51/5089 8717/100/5085 8668/52/5036
f 8719/102/5087 8674/54/5042 8666/56/5034
f 8722/111/5090 8727/110/5095 8723/106/5091
f 8726/109/5094 8730/117/5098 8732/114/5100
f 8751/135/5119 8747/133/5115 8745/131/5113 8750/134/5118
f 8729/108/5097 8728/107/5096 8733/118/5101
f 8733/118/5101 8732/114/5100 8734/116/5102
f 8735/113/5103 8742/122/5110 8725/629/5093
f 8737/120/5105 8736/121/5104 8739/124/5107
f 8738/119/5106 8737/120/5105 8739/124/5107
f 8740/123/5108 8736/121/5104 8746/128/5114
f 8741/125/5109 8740/123/5108 8743/129/5111
f 8741/125/5109 8744/130/5112 8749/126/5117
f 8743/129/5111 8740/123/5108 8745/131/5113
f 8742/122/5110 8749/126/5117 8725/629/5093
f 8744/130/5112 8745/131/5113 8747/133/5115
f 8731/115/5099 8730/117/5098 8758/146/5126 8757/139/5125
f 8725/629/5093 8749/126/5117 8755/136/5123
f 8731/127/5099 8757/630/5125 8748/132/5116
f 8747/133/5115 8751/135/5119 8749/126/5117
f 8750/134/5118 8752/138/5120 8753/137/5121
f 8748/141/5116 8754/140/5122 8752/145/5120
f 8753/142/5121 8756/148/5124 8755/143/5123
f 8753/142/5121 8754/140/5122 8756/148/5124
f 8755/143/5123 8756/148/5124 8725/112/5093
f 8754/140/5122 8759/147/5127 8756/148/5124
f 8759/147/5127 8758/146/5126 8722/111/5090
f 8756/148/5124 8724/105/5092 8729/108/5097
f 8756/148/5124 8729/108/5097 8725/112/5093
f 8766/162/5134 8762/154/5130 8765/196/5133 8770/169/5138
f 8722/111/5090 8758/146/5126 8726/109/5094
f 8724/105/5092 8722/111/5090 8723/106/5091
f 8804/152/5172 8802/149/5170 8761/151/5129
f 8802/149/5170 8760/155/5128 8763/150/5131
f 8801/631/5169 8791/185/5159 8790/187/5158 8794/632/5162
f 8772/158/5140 8804/152/5172 8767/153/5135
f 8762/154/5130 8766/162/5134 8768/160/5136
f 8763/150/5131 8768/160/5136 8764/159/5132
f 8767/153/5135 8764/159/5132 8768/160/5136
f 8766/162/5134 8770/169/5138 8771/163/5139
f 8769/161/5137 8768/160/5136 8773/164/5141
f 8770/169/5138 8775/170/5143 8771/163/5139
f 8772/158/5140 8769/161/5137 8774/165/5142
f 8770/169/5138 8783/168/5151 8775/170/5143
f 8771/163/5139 8775/170/5143 8773/164/5141
f 8792/166/5160 8774/165/5142 8777/172/5145
f 8777/172/5145 8773/164/5141 8779/174/5147
f 8777/172/5145 8788/177/5156 8792/166/5160
f 8776/171/5144 8775/170/5143 8778/175/5146
f 8779/174/5147 8778/175/5146 8781/178/5149
f 8781/178/5149 8778/175/5146 8784/179/5152
f 8782/176/5150 8781/178/5149 8785/181/5153
f 8782/176/5150 8785/181/5153 8788/177/5156
f 8784/179/5152 8780/173/5148 8786/180/5154
f 8783/168/5151 8793/183/5161 8786/180/5154
f 8784/179/5152 8789/186/5157 8787/184/5155
f 8785/181/5153 8787/184/5155 8791/185/5159
f 8786/180/5154 8793/183/5161 8789/186/5157
f 8792/633/5160 8788/177/5156 8791/185/5159
f 8792/633/5160 8791/185/5159 8801/631/5169
f 8790/187/5158 8795/188/5163 8794/632/5162
f 8838/27/5206 8835/226/5203 8830/221/5198 8829/219/5197
f 8793/634/5161 8798/193/5166 8795/189/5163
f 8794/191/5162 8796/190/5164 8797/192/5165
f 8796/190/5164 8799/195/5167 8797/192/5165
f 8796/190/5164 8800/194/5168 8799/195/5167
f 8798/193/5166 8793/634/5161 8765/196/5133
f 8797/192/5165 8799/195/5167 8803/635/5171
f 8797/192/5165 8803/635/5171 8801/157/5169
f 8799/195/5167 8804/152/5172 8803/635/5171
f 8799/195/5167 8802/149/5170 8804/152/5172
f 8800/194/5168 8798/193/5166 8765/196/5133
f 8802/149/5170 8800/194/5168 8760/155/5128
f 8760/155/5128 8765/196/5133 8762/154/5130
f 8803/635/5171 8804/152/5172 8772/158/5140
f 8803/635/5171 8772/158/5140 8801/157/5169
f 8816/203/5184 8806/636/5174 8805/199/5173
f 8807/197/5175 8811/201/5179 8809/198/5177
f 8808/200/5176 8812/205/5180 8811/201/5179
f 8811/201/5179 8812/205/5180 8813/202/5181
f 8816/203/5184 8815/207/5183 8818/208/5186
f 8819/210/5187 8816/203/5184 8823/209/5191
f 8818/208/5186 8817/206/5185 8820/212/5188
f 8821/13/5189 8820/212/5188 8822/214/5190
f 8822/214/5190 8820/212/5188 8826/216/5194
f 8823/209/5191 8824/215/5192 8825/213/5193
f 8824/215/5192 8822/214/5190 8826/216/5194
f 8824/215/5192 8831/217/5199 8825/213/5193
f 8825/213/5193 8831/217/5199 8832/637/5200
f 8831/217/5199 8826/216/5194 8827/220/5195
f 8826/216/5194 8820/212/5188 8829/219/5197
f 8825/213/5193 8832/637/5200 8837/222/5205
f 8832/637/5200 8834/224/5202 8837/222/5205
f 8830/221/5198 8835/226/5203 8833/223/5201
f 8831/217/5199 8830/221/5198 8833/223/5201
f 8832/637/5200 8831/217/5199 8834/224/5202
f 8840/228/5208 8836/227/5204 8835/226/5203 8839/229/5207
f 8833/223/5201 8836/227/5204 8841/225/5209
f 8834/224/5202 8841/225/5209 8837/222/5205
f 8846/232/5214 8841/225/5209 8840/228/5208 8843/36/5211
f 8828/638/5196 8837/222/5205 8846/232/5214
f 8837/222/5205 8841/225/5209 8846/232/5214
f 8842/39/5210 8839/229/5207 8838/27/5206 8844/230/5212
f 8843/36/5211 8840/228/5208 8839/229/5207 8842/39/5210
f 8885/33/5253 8881/271/5249 8880/269/5248 8884/272/5252
f 8843/36/5211 8845/233/5213 8848/231/5216
f 8842/39/5210 8844/230/5212 8845/233/5213
f 8846/234/5214 8848/238/5216 8851/235/5219
f 8828/639/5196 8846/234/5214 8819/210/5187
f 8845/236/5213 8844/239/5212 8847/241/5215
f 8845/236/5213 8847/241/5215 8849/237/5217
f 8848/238/5216 8850/242/5218 8806/636/5174
f 8848/238/5216 8806/636/5174 8851/235/5219
f 8850/242/5218 8849/237/5217 8852/243/5220
f 8851/235/5219 8806/636/5174 8816/203/5184
f 8850/242/5218 8805/199/5173 8806/636/5174
f 8807/197/5175 8852/243/5220 8808/200/5176
f 8850/242/5218 8807/197/5175 8805/199/5173
f 8863/249/5231 8854/640/5222 8853/246/5221
f 8855/244/5223 8859/247/5227 8857/245/5225
f 8856/4/5224 8862/251/5230 8859/247/5227
f 8859/247/5227 8862/251/5230 8860/248/5228
f 8863/249/5231 8862/251/5230 8865/253/5233
f 8874/278/5242 8863/249/5231 8869/254/5237
f 8865/253/5233 8864/252/5232 8866/255/5234
f 8867/13/5235 8866/255/5234 8868/258/5236
f 8868/258/5236 8866/255/5234 8872/260/5240
f 8869/254/5237 8870/259/5238 8871/256/5239
f 8870/259/5238 8868/258/5236 8872/260/5240
f 8870/259/5238 8876/261/5244 8871/256/5239
f 8871/256/5239 8876/261/5244 8877/641/5245
f 8876/261/5244 8872/260/5240 8873/264/5241
f 8872/260/5240 8866/255/5234 8875/263/5243
f 8871/256/5239 8877/641/5245 8882/265/5250
f 8877/641/5245 8879/268/5247 8882/265/5250
f 8875/263/5243 8880/269/5248 8878/267/5246
f 8876/261/5244 8875/263/5243 8878/267/5246
f 8877/641/5245 8876/261/5244 8879/268/5247
f 8878/267/5246 8881/271/5249 8886/270/5254
f 8879/268/5247 8886/270/5254 8882/265/5250
f 8891/275/5259 8886/270/5254 8885/33/5253 8888/274/5256
f 8874/642/5242 8882/265/5250 8891/275/5259
f 8882/265/5250 8886/270/5254 8891/275/5259
f 8887/39/5255 8884/272/5252 8883/266/5251 8889/273/5257
f 8888/274/5256 8885/33/5253 8884/272/5252 8887/39/5255
f 8909/302/5277 8903/295/5271 8904/291/5272 8926/300/5294
f 8888/274/5256 8890/40/5258 8892/37/5260
f 8887/39/5255 8889/273/5257 8890/40/5258
f 8891/276/5259 8892/280/5260 8895/277/5263
f 8890/44/5258 8889/281/5257 8893/279/5261
f 8892/280/5260 8894/283/5262 8854/640/5222
f 8892/280/5260 8854/640/5222 8895/277/5263
f 8894/283/5262 8893/279/5261 8896/284/5264
f 8895/277/5263 8854/640/5222 8863/249/5231
f 8894/283/5262 8853/246/5221 8854/640/5222
f 8855/244/5223 8896/284/5264 8856/4/5224
f 8894/283/5262 8855/244/5223 8853/246/5221
f 8945/340/5313 8947/285/5315 8902/287/5270
f 8899/293/5267 8945/340/5313 8902/287/5270
f 8901/289/5269 8903/295/5271 8905/296/5273
f 8911/307/5279 8899/293/5267 8908/294/5276
f 8902/287/5270 8898/286/5266 8906/297/5274
f 8908/294/5276 8902/287/5270 8912/298/5280
f 8935/330/5303 8927/313/5295 8926/300/5294 8907/332/5275
f 8906/297/5274 8905/296/5273 8910/301/5278
f 8911/307/5279 8908/294/5276 8916/306/5284
f 8912/298/5280 8910/301/5278 8917/304/5285
f 8909/302/5277 8913/305/5281 8914/303/5282
f 8914/303/5282 8915/310/5283 8917/304/5285
f 8921/308/5289 8916/306/5284 8918/314/5286
f 8916/306/5284 8917/304/5285 8918/314/5286
f 8915/310/5283 8913/305/5281 8920/311/5288
f 8920/311/5288 8913/305/5281 8927/313/5295
f 8917/304/5285 8915/310/5283 8919/312/5287
f 8918/314/5286 8917/304/5285 8919/312/5287
f 8919/312/5287 8920/311/5288 8922/316/5290
f 8921/308/5289 8918/314/5286 8930/319/5298
f 8930/319/5298 8918/314/5286 8925/320/5293
f 8924/315/5292 8923/317/5291 8928/321/5296
f 8925/320/5293 8924/315/5292 8931/324/5299
f 8938/328/5306 8933/327/5301 8932/325/5300 8937/331/5305
f 8927/313/5295 8935/330/5303 8929/322/5297
f 8928/321/5296 8932/325/5300 8931/324/5299
f 8931/324/5299 8933/327/5301 8934/323/5302
f 8929/322/5297 8935/330/5303 8932/325/5300
f 8945/340/5313 8940/336/5308 8939/334/5307 8943/339/5311
f 8935/330/5303 8897/333/5265 8937/331/5305
f 8897/292/5265 8907/643/5275 8942/342/5310
f 8937/335/5305 8939/334/5307 8938/644/5306
f 8938/644/5306 8939/334/5307 8940/336/5308
f 8936/338/5304 8899/293/5267 8911/307/5279
f 8974/370/5342 8972/369/5340 8971/368/5339 8976/371/5344
f 8941/337/5309 8945/340/5313 8899/293/5267
f 8943/339/5311 8946/290/5314 8944/341/5312
f 8897/292/5265 8942/342/5310 8904/291/5272
f 8944/341/5312 8946/290/5314 8947/285/5315
f 8957/349/5325 8949/645/5317 8948/346/5316
f 8951/347/5319 8956/351/5324 8953/345/5321
f 8953/345/5321 8956/351/5324 8954/348/5322
f 8957/349/5325 8956/351/5324 8959/353/5327
f 8967/377/5335 8957/349/5325 8963/355/5331
f 8959/353/5327 8958/352/5326 8960/356/5328
f 8961/354/5329 8960/356/5328 8962/359/5330
f 8962/359/5330 8960/356/5328 8965/360/5333
f 8963/355/5331 8962/359/5330 8964/357/5332
f 8962/359/5330 8966/361/5334 8964/357/5332
f 8964/357/5332 8966/361/5334 8970/367/5338
f 8965/360/5333 8960/356/5328 8968/363/5336
f 8964/357/5332 8970/367/5338 8975/364/5343
f 8968/363/5336 8971/368/5339 8969/366/5337
f 8966/361/5334 8968/363/5336 8969/366/5337
f 8969/366/5337 8972/369/5340 8975/364/5343
f 8979/374/5347 8975/364/5343 8974/370/5342 8977/372/5345
f 8967/646/5335 8975/364/5343 8979/374/5347
f 8999/399/5367 9002/401/5370 8998/384/5366 8997/400/5365
f 8973/365/5341 8955/362/5323 8976/371/5344
f 8977/372/5345 8978/40/5346 8980/373/5348
f 8976/371/5344 8955/362/5323 8978/40/5346
f 8979/375/5347 8980/379/5348 8983/376/5351
f 8978/44/5346 8955/381/5323 8981/378/5349
f 8980/379/5348 8982/380/5350 8949/645/5317
f 8980/379/5348 8949/645/5317 8983/376/5351
f 8982/380/5350 8981/378/5349 8984/243/5352
f 8983/376/5351 8949/645/5317 8957/349/5325
f 8982/380/5350 8948/346/5316 8949/645/5317
f 8950/344/5318 8984/243/5352 8951/347/5319
f 8982/380/5350 8950/344/5318 8948/346/5316
f 8992/456/5360 8995/396/5363 8991/386/5359
f 8986/388/5354 8993/387/5361 8994/383/5362
f 8987/382/5355 8986/388/5354 8994/383/5362
f 9003/393/5371 8987/382/5355 8998/384/5366
f 8989/392/5357 8988/457/5356 9003/393/5371
f 8991/386/5359 8995/396/5363 8996/398/5364
f 8993/387/5361 8991/386/5359 8996/398/5364
f 8990/389/5358 9014/391/5382 8992/456/5360
f 8994/383/5362 8993/387/5361 8997/400/5365
f 8998/384/5366 8994/383/5362 8997/400/5365
f 8992/456/5360 9014/391/5382 8995/396/5363
f 8993/387/5361 8996/398/5364 8997/400/5365
f 8996/398/5364 9001/397/5369 8999/399/5367
f 9022/647/5390 9024/422/5392 9017/418/5385 9016/416/5384
f 8995/396/5363 9014/391/5382 9001/397/5369
f 8999/399/5367 9001/397/5369 9002/401/5370
f 9003/393/5371 9002/401/5370 9005/394/5373
f 9005/394/5373 9004/402/5372 9007/404/5375
f 9007/404/5375 9006/403/5374 9009/407/5377
f 9009/407/5377 9010/405/5378 9013/411/5381
f 9012/406/5380 9019/410/5387 9020/414/5388
f 9011/409/5379 9009/407/5377 9015/412/5383
f 9011/409/5379 9015/412/5383 9019/410/5387
f 9015/412/5383 9013/411/5381 9016/416/5384
f 9019/410/5387 9015/412/5383 9018/420/5386
f 9016/416/5384 9010/405/5378 9021/415/5389
f 9015/412/5383 9016/416/5384 9017/418/5385
f 9016/416/5384 9021/415/5389 9022/647/5390
f 9025/421/5393 9031/428/5399 9019/410/5387 9018/420/5386
f 9026/427/5394 9027/432/5395 9022/647/5390 9021/415/5389
f 9020/414/5388 9019/410/5387 9031/428/5399
f 9022/647/5390 9027/432/5395 9024/422/5392
f 9023/419/5391 9024/422/5392 9029/423/5397
f 9025/421/5393 9023/419/5391 9030/424/5398
f 9036/433/5404 9032/436/5400 9027/432/5395 9026/427/5394
f 9025/421/5393 9034/431/5402 9031/428/5399
f 9034/431/5402 9030/424/5398 9029/423/5397 9033/434/5401
f 9028/430/5396 9027/432/5395 9032/436/5400
f 9028/430/5396 9032/436/5400 9033/434/5401
f 8989/429/5357 9031/428/5399 9034/431/5402
f 9038/439/5406 9033/434/5401 9032/436/5400 9037/435/5405
f 9041/437/5409 9034/431/5402 9033/434/5401 9038/439/5406
f 9042/648/5410 9036/433/5404 9035/426/5403 9000/425/5368
f 9039/442/5407 9037/435/5405 9036/433/5404 9042/648/5410
f 9040/444/5408 9038/439/5406 9037/435/5405 9039/442/5407
f 9047/453/5415 9044/649/5412 9043/449/5411 9049/448/5417
f 8989/429/5357 9034/431/5402 9054/438/5422
f 9038/439/5406 9040/444/5408 9043/440/5411
f 9054/438/5422 9041/437/5409 9044/441/5412
f 9043/440/5411 9040/444/5408 9045/443/5413
f 9039/442/5407 9042/648/5410 9045/443/5413
f 9042/445/5410 9000/650/5368 9046/446/5414
f 9054/458/5422 9044/649/5412 9047/453/5415
f 8990/389/5358 9050/451/5418 9046/446/5414 9000/650/5368
f 9045/447/5413 9048/450/5416 9049/448/5417
f 9047/453/5415 9053/452/5421 8988/457/5356
f 9047/453/5415 8988/457/5356 9054/458/5422
f 9003/393/5371 8988/457/5356 9053/452/5421 8987/382/5355
f 9048/450/5416 9050/451/5418 9052/455/5420
f 8987/382/5355 9048/450/5416 9052/455/5420
f 9049/448/5417 8987/382/5355 9053/452/5421
f 9050/451/5418 8990/389/5358 8992/456/5360
f 9052/455/5420 9051/454/5419 8985/385/5353
f 9059/484/5427 9079/474/5447 9066/651/5434 9068/652/5436
f 9051/454/5419 8991/386/5359 8985/385/5353
f 9052/455/5420 8985/385/5353 8986/388/5354
f 9056/653/5424 9093/461/5461 9055/462/5423
f 9088/459/5456 9061/654/5429 9057/460/5425
f 9056/653/5424 9055/462/5423 9060/464/5428
f 9057/460/5425 9061/654/5429 9062/465/5430
f 9090/655/5458 9060/464/5428 9064/468/5432
f 9057/460/5425 9062/465/5430 9058/463/5426
f 9059/497/5427 9068/652/5436 9061/654/5429
f 9064/468/5432 9060/464/5428 9065/467/5433
f 9061/654/5429 9068/652/5436 9066/651/5434
f 9061/654/5429 9066/651/5434 9062/465/5430
f 9065/467/5433 9063/466/5431 9067/471/5435
f 9062/465/5430 9066/651/5434 9067/471/5435
f 9066/651/5434 9069/473/5437 9067/471/5435
f 9070/469/5438 9075/476/5443 9090/470/5458
f 9081/488/5449 9082/486/5450 9078/481/5446 9077/482/5445
f 9069/473/5437 9066/651/5434 9079/474/5447
f 9070/469/5438 9071/472/5439 9075/476/5443
f 9071/472/5439 9069/473/5437 9072/475/5440
f 9071/472/5439 9074/478/5442 9075/476/5443
f 9072/475/5440 9079/474/5447 9076/479/5444
f 9072/475/5440 9073/480/5441 9074/478/5442
f 9075/476/5443 9078/481/5446 9083/477/5451
f 9073/480/5441 9076/479/5444 9077/482/5445
f 9074/478/5442 9077/482/5445 9078/481/5446
f 9076/479/5444 9080/483/5448 9081/488/5449
f 9077/482/5445 9076/479/5444 9081/488/5449
f 9089/498/5457 9086/494/5454 9084/493/5452 9088/459/5456
f 9079/474/5447 9087/485/5455 9080/483/5448
f 9080/483/5448 9087/485/5455 9084/487/5452
f 9083/477/5451 9082/486/5450 9085/489/5453
f 9081/488/5449 9084/487/5452 9082/486/5450
f 9102/510/5470 9098/501/5466 9097/504/5465 9103/508/5471
f 9086/494/5454 9089/498/5457 9092/495/5460
f 9089/498/5457 9091/499/5459 9092/495/5460
f 9092/495/5460 9060/464/5428 9090/655/5458
f 9091/499/5459 9088/459/5456 9093/461/5461
f 9091/499/5459 9093/461/5461 9056/653/5424
f 9091/499/5459 9056/653/5424 9092/495/5460
f 9088/459/5456 9059/497/5427 9061/654/5429
f 9092/495/5460 9056/653/5424 9060/464/5428
f 9094/505/5462 9097/504/5465 9098/501/5466
f 9153/228/5521 9150/560/5518 9149/558/5517 9155/561/5523
f 9099/502/5467 9098/501/5466 9102/510/5470
f 9104/507/5472 9109/513/5477 9096/656/5464
f 9106/511/5474 9105/512/5473 9107/515/5475
f 9108/514/5476 9105/512/5473 9112/517/5480
f 9109/513/5477 9108/514/5476 9110/520/5478
f 9109/513/5477 9110/520/5478 9114/522/5482
f 9110/520/5478 9108/514/5476 9111/518/5479
f 9109/513/5477 9114/522/5482 9096/656/5464
f 9110/520/5478 9111/518/5479 9116/521/5484
f 9111/518/5479 9115/523/5483 9116/521/5484
f 9096/656/5464 9114/522/5482 9119/524/5487
f 9113/527/5481 9118/526/5486 9117/528/5485
f 9117/528/5485 9118/526/5486 9119/529/5487
f 9118/526/5486 9121/531/5489 9119/529/5487
f 9121/531/5489 9120/530/5488 9094/505/5462
f 9119/529/5487 9095/500/5463 9099/502/5467
f 9119/529/5487 9099/502/5467 9096/506/5464
f 9094/505/5462 9120/530/5488 9100/503/5468
f 9095/500/5463 9094/505/5462 9098/501/5466
f 9132/537/5500 9123/657/5491 9122/534/5490
f 9124/532/5492 9128/535/5496 9126/533/5494
f 9125/4/5493 9131/539/5499 9128/535/5496
f 9128/535/5496 9131/539/5499 9129/536/5497
f 9132/537/5500 9131/539/5499 9134/541/5502
f 9143/565/5511 9132/537/5500 9138/543/5506
f 9134/541/5502 9133/540/5501 9135/544/5503
f 9136/542/5504 9135/544/5503 9137/547/5505
f 9137/547/5505 9135/544/5503 9141/549/5509
f 9138/543/5506 9139/548/5507 9140/545/5508
f 9139/548/5507 9137/547/5505 9141/549/5509
f 9139/548/5507 9145/550/5513 9140/545/5508
f 9140/545/5508 9145/550/5513 9146/658/5514
f 9145/550/5513 9141/549/5509 9142/553/5510
f 9141/549/5509 9135/544/5503 9144/552/5512
f 9140/545/5508 9146/658/5514 9151/554/5519
f 9146/658/5514 9148/557/5516 9151/554/5519
f 9144/552/5512 9149/558/5517 9147/556/5515
f 9145/550/5513 9144/552/5512 9147/556/5515
f 9146/658/5514 9145/550/5513 9148/557/5516
f 9147/556/5515 9150/560/5518 9154/559/5522
f 9148/557/5516 9154/559/5522 9151/554/5519
f 9159/564/5527 9154/559/5522 9153/228/5521 9156/274/5524
f 9143/659/5511 9151/554/5519 9159/564/5527
f 9151/554/5519 9154/559/5522 9159/564/5527
f 9200/660/5568 9189/597/5557 9191/604/5559 9194/632/5562
f 9152/555/5520 9157/562/5525 9155/561/5523
f 9156/274/5524 9158/40/5526 9160/563/5528
f 9155/561/5523 9157/562/5525 9158/40/5526
f 9159/375/5527 9160/567/5528 9163/42/5531
f 9158/44/5526 9157/568/5525 9161/566/5529
f 9160/567/5528 9162/570/5530 9123/657/5491
f 9160/567/5528 9123/657/5491 9163/42/5531
f 9162/570/5530 9161/566/5529 9164/571/5532
f 9163/42/5531 9123/657/5491 9132/537/5500
f 9162/570/5530 9122/534/5490 9123/657/5491
f 9124/532/5492 9164/571/5532 9125/4/5493
f 9162/570/5530 9124/532/5492 9122/534/5490
f 9203/575/5571 9201/572/5569 9165/574/5533
f 9201/572/5569 9166/579/5534 9167/573/5535
f 9174/581/5542 9203/575/5571 9170/576/5538
f 9166/579/5534 9172/578/5540 9168/582/5536
f 9171/583/5539 9168/582/5536 9175/585/5543
f 9172/578/5540 9177/590/5545 9173/584/5541
f 9174/581/5542 9171/583/5539 9176/586/5544
f 9172/578/5540 9184/589/5552 9177/590/5545
f 9173/584/5541 9177/590/5545 9175/585/5543
f 9192/587/5560 9176/586/5544 9179/592/5547
f 9179/592/5547 9175/585/5543 9181/594/5549
f 9179/592/5547 9189/597/5557 9192/587/5560
f 9178/591/5546 9177/590/5545 9180/595/5548
f 9181/594/5549 9180/595/5548 9182/598/5550
f 9182/598/5550 9180/595/5548 9185/599/5553
f 9183/596/5551 9182/598/5550 9186/600/5554
f 9183/596/5551 9186/600/5554 9189/597/5557
f 9184/589/5552 9193/601/5561 9187/593/5555
f 9185/599/5553 9190/603/5558 9188/602/5556
f 9186/600/5554 9188/602/5556 9189/597/5557
f 9187/593/5555 9193/601/5561 9190/603/5558
f 9192/661/5560 9189/597/5557 9200/660/5568
f 9191/604/5559 9195/605/5563 9194/632/5562
f 9193/662/5561 9197/609/5565 9195/606/5563
f 9196/607/5564 9199/610/5567 9198/611/5566
f 9197/609/5565 9193/662/5561 9169/577/5537
f 9196/607/5564 9198/611/5566 9202/663/5570
f 9196/607/5564 9202/663/5570 9200/580/5568
f 9198/611/5566 9203/575/5571 9202/663/5570
f 9198/611/5566 9201/572/5569 9203/575/5571
f 9199/610/5567 9197/609/5565 9169/577/5537
f 9201/572/5569 9199/610/5567 9166/579/5534
f 9202/663/5570 9203/575/5571 9174/581/5542
f 9202/663/5570 9174/581/5542 9200/580/5568
